kind,oldName,newName
schema,platform,Platform
schema,core,Company
schema,acc,Accounting
schema,treasury,BankCash
schema,fa,FixedAssets
schema,tax,Tax
schema,sales,Sales
schema,purchase,Purchases
schema,inv,Inventory
schema,dist,Distribution
schema,hr,HumanResources
schema,payroll,Payroll
schema,ess,EmployeeSelfService
schema,rpt,Reports
table,acc.account,Accounting.ChartOfAccounts
column,acc.account.tenant_id,Accounting.ChartOfAccounts.tenantId
column,acc.account.parent_account_id,Accounting.ChartOfAccounts.parentAccountId
column,acc.account.account_class,Accounting.ChartOfAccounts.accountClass
column,acc.account.sub_type,Accounting.ChartOfAccounts.subType
column,acc.account.branch_id,Accounting.ChartOfAccounts.branchId
column,acc.account.currency_code,Accounting.ChartOfAccounts.currencyCode
column,acc.account.opening_balance,Accounting.ChartOfAccounts.openingBalance
column,acc.account.opening_as_of,Accounting.ChartOfAccounts.openingAsOf
column,acc.account.deleted_at,Accounting.ChartOfAccounts.deletedAt
column,acc.account.created_at,Accounting.ChartOfAccounts.createdAt
column,acc.account.created_by,Accounting.ChartOfAccounts.createdBy
column,acc.account.updated_at,Accounting.ChartOfAccounts.updatedAt
column,acc.account.updated_by,Accounting.ChartOfAccounts.updatedBy
column,acc.account.row_version,Accounting.ChartOfAccounts.rowVersion
table,acc.cost_centre,Accounting.CostCentres
column,acc.cost_centre.tenant_id,Accounting.CostCentres.tenantId
column,acc.cost_centre.parent_cost_centre_id,Accounting.CostCentres.parentCostCentreId
column,acc.cost_centre.branch_id,Accounting.CostCentres.branchId
column,acc.cost_centre.deleted_at,Accounting.CostCentres.deletedAt
column,acc.cost_centre.created_at,Accounting.CostCentres.createdAt
column,acc.cost_centre.created_by,Accounting.CostCentres.createdBy
column,acc.cost_centre.updated_at,Accounting.CostCentres.updatedAt
column,acc.cost_centre.updated_by,Accounting.CostCentres.updatedBy
column,acc.cost_centre.row_version,Accounting.CostCentres.rowVersion
table,acc.fiscal_period,Accounting.FiscalPeriods
column,acc.fiscal_period.tenant_id,Accounting.FiscalPeriods.tenantId
column,acc.fiscal_period.fiscal_year_id,Accounting.FiscalPeriods.fiscalYearId
column,acc.fiscal_period.period_no,Accounting.FiscalPeriods.periodNo
column,acc.fiscal_period.start_date,Accounting.FiscalPeriods.startDate
column,acc.fiscal_period.end_date,Accounting.FiscalPeriods.endDate
column,acc.fiscal_period.is_adjustment,Accounting.FiscalPeriods.isAdjustment
column,acc.fiscal_period.close_target_date,Accounting.FiscalPeriods.closeTargetDate
column,acc.fiscal_period.closed_at,Accounting.FiscalPeriods.closedAt
column,acc.fiscal_period.closed_by_user_id,Accounting.FiscalPeriods.closedByUserId
column,acc.fiscal_period.locked_at,Accounting.FiscalPeriods.lockedAt
column,acc.fiscal_period.locked_by_user_id,Accounting.FiscalPeriods.lockedByUserId
column,acc.fiscal_period.created_at,Accounting.FiscalPeriods.createdAt
column,acc.fiscal_period.created_by,Accounting.FiscalPeriods.createdBy
column,acc.fiscal_period.updated_at,Accounting.FiscalPeriods.updatedAt
column,acc.fiscal_period.updated_by,Accounting.FiscalPeriods.updatedBy
column,acc.fiscal_period.row_version,Accounting.FiscalPeriods.rowVersion
table,acc.fiscal_year,Accounting.FiscalYears
column,acc.fiscal_year.tenant_id,Accounting.FiscalYears.tenantId
column,acc.fiscal_year.start_date,Accounting.FiscalYears.startDate
column,acc.fiscal_year.end_date,Accounting.FiscalYears.endDate
column,acc.fiscal_year.is_locked,Accounting.FiscalYears.isLocked
column,acc.fiscal_year.has_adjustment_period,Accounting.FiscalYears.hasAdjustmentPeriod
column,acc.fiscal_year.closed_at,Accounting.FiscalYears.closedAt
column,acc.fiscal_year.closed_by_user_id,Accounting.FiscalYears.closedByUserId
column,acc.fiscal_year.closing_journal_entry_id,Accounting.FiscalYears.closingJournalEntryId
column,acc.fiscal_year.net_profit_transferred,Accounting.FiscalYears.netProfitTransferred
column,acc.fiscal_year.auditor_name,Accounting.FiscalYears.auditorName
column,acc.fiscal_year.created_at,Accounting.FiscalYears.createdAt
column,acc.fiscal_year.created_by,Accounting.FiscalYears.createdBy
column,acc.fiscal_year.updated_at,Accounting.FiscalYears.updatedAt
column,acc.fiscal_year.updated_by,Accounting.FiscalYears.updatedBy
column,acc.fiscal_year.row_version,Accounting.FiscalYears.rowVersion
table,acc.journal_entry,Accounting.Vouchers
column,acc.journal_entry.tenant_id,Accounting.Vouchers.tenantId
column,acc.journal_entry.voucher_type,Accounting.Vouchers.voucherType
column,acc.journal_entry.doc_no,Accounting.Vouchers.docNo
column,acc.journal_entry.doc_date,Accounting.Vouchers.docDate
column,acc.journal_entry.posting_date,Accounting.Vouchers.postingDate
column,acc.journal_entry.fiscal_period_id,Accounting.Vouchers.fiscalPeriodId
column,acc.journal_entry.reference_no,Accounting.Vouchers.referenceNo
column,acc.journal_entry.branch_id,Accounting.Vouchers.branchId
column,acc.journal_entry.currency_code,Accounting.Vouchers.currencyCode
column,acc.journal_entry.fx_rate,Accounting.Vouchers.fxRate
column,acc.journal_entry.cash_bank_account_id,Accounting.Vouchers.cashBankAccountId
column,acc.journal_entry.party_name,Accounting.Vouchers.partyName
column,acc.journal_entry.instrument_type,Accounting.Vouchers.instrumentType
column,acc.journal_entry.instrument_no,Accounting.Vouchers.instrumentNo
column,acc.journal_entry.instrument_date,Accounting.Vouchers.instrumentDate
column,acc.journal_entry.auto_reverse_on,Accounting.Vouchers.autoReverseOn
column,acc.journal_entry.total_debit,Accounting.Vouchers.totalDebit
column,acc.journal_entry.total_credit,Accounting.Vouchers.totalCredit
column,acc.journal_entry.prepared_by_user_id,Accounting.Vouchers.preparedByUserId
column,acc.journal_entry.submitted_at,Accounting.Vouchers.submittedAt
column,acc.journal_entry.approved_by_user_id,Accounting.Vouchers.approvedByUserId
column,acc.journal_entry.approved_at,Accounting.Vouchers.approvedAt
column,acc.journal_entry.posted_by_user_id,Accounting.Vouchers.postedByUserId
column,acc.journal_entry.posted_at,Accounting.Vouchers.postedAt
column,acc.journal_entry.source_doc_type,Accounting.Vouchers.sourceDocType
column,acc.journal_entry.source_doc_id,Accounting.Vouchers.sourceDocId
column,acc.journal_entry.source_doc_no,Accounting.Vouchers.sourceDocNo
column,acc.journal_entry.reversal_of_id,Accounting.Vouchers.reversalOfId
column,acc.journal_entry.reversal_reason,Accounting.Vouchers.reversalReason
column,acc.journal_entry.reversal_remarks,Accounting.Vouchers.reversalRemarks
column,acc.journal_entry.reversed_by_id,Accounting.Vouchers.reversedById
column,acc.journal_entry.reversal_date,Accounting.Vouchers.reversalDate
column,acc.journal_entry.created_at,Accounting.Vouchers.createdAt
column,acc.journal_entry.created_by,Accounting.Vouchers.createdBy
column,acc.journal_entry.updated_at,Accounting.Vouchers.updatedAt
column,acc.journal_entry.updated_by,Accounting.Vouchers.updatedBy
column,acc.journal_entry.row_version,Accounting.Vouchers.rowVersion
table,acc.journal_line,Accounting.VoucherLines
column,acc.journal_line.tenant_id,Accounting.VoucherLines.tenantId
column,acc.journal_line.journal_entry_id,Accounting.VoucherLines.journalEntryId
column,acc.journal_line.line_no,Accounting.VoucherLines.lineNo
column,acc.journal_line.account_id,Accounting.VoucherLines.accountId
column,acc.journal_line.cost_centre_id,Accounting.VoucherLines.costCentreId
column,acc.journal_line.branch_id,Accounting.VoucherLines.branchId
column,acc.journal_line.customer_id,Accounting.VoucherLines.customerId
column,acc.journal_line.vendor_id,Accounting.VoucherLines.vendorId
column,acc.journal_line.is_auto_contra,Accounting.VoucherLines.isAutoContra
column,acc.journal_line.created_at,Accounting.VoucherLines.createdAt
column,acc.journal_line.created_by,Accounting.VoucherLines.createdBy
column,acc.journal_line.updated_at,Accounting.VoucherLines.updatedAt
column,acc.journal_line.updated_by,Accounting.VoucherLines.updatedBy
column,acc.journal_line.row_version,Accounting.VoucherLines.rowVersion
table,acc.opening_balance_batch,Accounting.OpeningBalances
column,acc.opening_balance_batch.tenant_id,Accounting.OpeningBalances.tenantId
column,acc.opening_balance_batch.fiscal_year_id,Accounting.OpeningBalances.fiscalYearId
column,acc.opening_balance_batch.as_at_date,Accounting.OpeningBalances.asAtDate
column,acc.opening_balance_batch.branch_id,Accounting.OpeningBalances.branchId
column,acc.opening_balance_batch.suspense_account_id,Accounting.OpeningBalances.suspenseAccountId
column,acc.opening_balance_batch.total_debit,Accounting.OpeningBalances.totalDebit
column,acc.opening_balance_batch.total_credit,Accounting.OpeningBalances.totalCredit
column,acc.opening_balance_batch.journal_entry_id,Accounting.OpeningBalances.journalEntryId
column,acc.opening_balance_batch.posted_at,Accounting.OpeningBalances.postedAt
column,acc.opening_balance_batch.posted_by_user_id,Accounting.OpeningBalances.postedByUserId
column,acc.opening_balance_batch.created_at,Accounting.OpeningBalances.createdAt
column,acc.opening_balance_batch.created_by,Accounting.OpeningBalances.createdBy
column,acc.opening_balance_batch.updated_at,Accounting.OpeningBalances.updatedAt
column,acc.opening_balance_batch.updated_by,Accounting.OpeningBalances.updatedBy
column,acc.opening_balance_batch.row_version,Accounting.OpeningBalances.rowVersion
table,acc.opening_balance_line,Accounting.OpeningBalanceLines
column,acc.opening_balance_line.tenant_id,Accounting.OpeningBalanceLines.tenantId
column,acc.opening_balance_line.batch_id,Accounting.OpeningBalanceLines.batchId
column,acc.opening_balance_line.account_id,Accounting.OpeningBalanceLines.accountId
column,acc.opening_balance_line.branch_id,Accounting.OpeningBalanceLines.branchId
column,acc.opening_balance_line.customer_id,Accounting.OpeningBalanceLines.customerId
column,acc.opening_balance_line.vendor_id,Accounting.OpeningBalanceLines.vendorId
column,acc.opening_balance_line.created_at,Accounting.OpeningBalanceLines.createdAt
column,acc.opening_balance_line.created_by,Accounting.OpeningBalanceLines.createdBy
column,acc.opening_balance_line.updated_at,Accounting.OpeningBalanceLines.updatedAt
column,acc.opening_balance_line.updated_by,Accounting.OpeningBalanceLines.updatedBy
column,acc.opening_balance_line.row_version,Accounting.OpeningBalanceLines.rowVersion
table,core.account_role,Company.PostingRoles
column,core.account_role.role_group,Company.PostingRoles.roleGroup
column,core.account_role.normal_balance,Company.PostingRoles.normalBalance
column,core.account_role.on_settings_screen,Company.PostingRoles.onSettingsScreen
column,core.account_role.sort_order,Company.PostingRoles.sortOrder
column,core.account_role.created_at,Company.PostingRoles.createdAt
column,core.account_role.created_by,Company.PostingRoles.createdBy
column,core.account_role.updated_at,Company.PostingRoles.updatedAt
column,core.account_role.updated_by,Company.PostingRoles.updatedBy
column,core.account_role.row_version,Company.PostingRoles.rowVersion
table,core.app_user,Company.Users
column,core.app_user.tenant_id,Company.Users.tenantId
column,core.app_user.password_hash,Company.Users.passwordHash
column,core.app_user.must_change_password,Company.Users.mustChangePassword
column,core.app_user.password_changed_at,Company.Users.passwordChangedAt
column,core.app_user.first_name,Company.Users.firstName
column,core.app_user.last_name,Company.Users.lastName
column,core.app_user.full_name,Company.Users.fullName
column,core.app_user.job_title,Company.Users.jobTitle
column,core.app_user.avatar_attachment_id,Company.Users.avatarAttachmentId
column,core.app_user.email_signature,Company.Users.emailSignature
column,core.app_user.is_external,Company.Users.isExternal
column,core.app_user.external_org,Company.Users.externalOrg
column,core.app_user.default_branch_id,Company.Users.defaultBranchId
column,core.app_user.data_scope,Company.Users.dataScope
column,core.app_user.module_access,Company.Users.moduleAccess
column,core.app_user.approval_limit,Company.Users.approvalLimit
column,core.app_user.mfa_enabled,Company.Users.mfaEnabled
column,core.app_user.mfa_method,Company.Users.mfaMethod
column,core.app_user.mfa_secret_enc,Company.Users.mfaSecretEnc
column,core.app_user.mfa_recovery_codes,Company.Users.mfaRecoveryCodes
column,core.app_user.ip_restricted,Company.Users.ipRestricted
column,core.app_user.ip_allowlist,Company.Users.ipAllowlist
column,core.app_user.session_timeout_min,Company.Users.sessionTimeoutMin
column,core.app_user.login_hours,Company.Users.loginHours
column,core.app_user.login_from,Company.Users.loginFrom
column,core.app_user.login_to,Company.Users.loginTo
column,core.app_user.sso_provider,Company.Users.ssoProvider
column,core.app_user.sso_subject,Company.Users.ssoSubject
column,core.app_user.failed_login_count,Company.Users.failedLoginCount
column,core.app_user.locked_until,Company.Users.lockedUntil
column,core.app_user.invited_by_user_id,Company.Users.invitedByUserId
column,core.app_user.invited_at,Company.Users.invitedAt
column,core.app_user.activated_at,Company.Users.activatedAt
column,core.app_user.suspended_at,Company.Users.suspendedAt
column,core.app_user.last_login_at,Company.Users.lastLoginAt
column,core.app_user.last_login_ip,Company.Users.lastLoginIp
column,core.app_user.last_active_at,Company.Users.lastActiveAt
column,core.app_user.created_at,Company.Users.createdAt
column,core.app_user.created_by,Company.Users.createdBy
column,core.app_user.updated_at,Company.Users.updatedAt
column,core.app_user.updated_by,Company.Users.updatedBy
column,core.app_user.row_version,Company.Users.rowVersion
column,core.app_user.deleted_at,Company.Users.deletedAt
table,core.attachment,Company.Attachments
column,core.attachment.tenant_id,Company.Attachments.tenantId
column,core.attachment.entity_type,Company.Attachments.entityType
column,core.attachment.entity_id,Company.Attachments.entityId
column,core.attachment.file_name,Company.Attachments.fileName
column,core.attachment.content_type,Company.Attachments.contentType
column,core.attachment.size_bytes,Company.Attachments.sizeBytes
column,core.attachment.storage_key,Company.Attachments.storageKey
column,core.attachment.uploaded_by_user_id,Company.Attachments.uploadedByUserId
column,core.attachment.created_at,Company.Attachments.createdAt
column,core.attachment.created_by,Company.Attachments.createdBy
column,core.attachment.updated_at,Company.Attachments.updatedAt
column,core.attachment.updated_by,Company.Attachments.updatedBy
column,core.attachment.row_version,Company.Attachments.rowVersion
column,core.attachment.deleted_at,Company.Attachments.deletedAt
table,core.audit_log,Company.AuditTrailEntries
column,core.audit_log.tenant_id,Company.AuditTrailEntries.tenantId
column,core.audit_log.occurred_at,Company.AuditTrailEntries.occurredAt
column,core.audit_log.user_id,Company.AuditTrailEntries.userId
column,core.audit_log.actor_email,Company.AuditTrailEntries.actorEmail
column,core.audit_log.schema_name,Company.AuditTrailEntries.schemaName
column,core.audit_log.table_name,Company.AuditTrailEntries.tableName
column,core.audit_log.record_id,Company.AuditTrailEntries.recordId
column,core.audit_log.record_label,Company.AuditTrailEntries.recordLabel
column,core.audit_log.ip_address,Company.AuditTrailEntries.ipAddress
column,core.audit_log.user_agent,Company.AuditTrailEntries.userAgent
column,core.audit_log.session_id,Company.AuditTrailEntries.sessionId
column,core.audit_log.entry_hash,Company.AuditTrailEntries.entryHash
table,core.audit_log_default,Company.AuditTrailEntriesDefault
table,core.audit_seal,Company.AuditTrailSeals
column,core.audit_seal.tenant_id,Company.AuditTrailSeals.tenantId
column,core.audit_seal.block_no,Company.AuditTrailSeals.blockNo
column,core.audit_seal.first_log_id,Company.AuditTrailSeals.firstLogId
column,core.audit_seal.last_log_id,Company.AuditTrailSeals.lastLogId
column,core.audit_seal.entry_count,Company.AuditTrailSeals.entryCount
column,core.audit_seal.prev_seal_hash,Company.AuditTrailSeals.prevSealHash
column,core.audit_seal.seal_hash,Company.AuditTrailSeals.sealHash
column,core.audit_seal.sealed_at,Company.AuditTrailSeals.sealedAt
table,core.branch,Company.Branches
column,core.branch.tenant_id,Company.Branches.tenantId
column,core.branch.is_head_office,Company.Branches.isHeadOffice
column,core.branch.is_default,Company.Branches.isDefault
column,core.branch.manager_user_id,Company.Branches.managerUserId
column,core.branch.sales_tax_authority,Company.Branches.salesTaxAuthority
column,core.branch.opening_date,Company.Branches.openingDate
column,core.branch.created_at,Company.Branches.createdAt
column,core.branch.created_by,Company.Branches.createdBy
column,core.branch.updated_at,Company.Branches.updatedAt
column,core.branch.updated_by,Company.Branches.updatedBy
column,core.branch.row_version,Company.Branches.rowVersion
column,core.branch.deleted_at,Company.Branches.deletedAt
table,core.company_profile,Company.CompanySettings
column,core.company_profile.tenant_id,Company.CompanySettings.tenantId
column,core.company_profile.legal_name,Company.CompanySettings.legalName
column,core.company_profile.trading_name,Company.CompanySettings.tradingName
column,core.company_profile.secp_reg_no,Company.CompanySettings.secpRegNo
column,core.company_profile.registered_address,Company.CompanySettings.registeredAddress
column,core.company_profile.legal_structure,Company.CompanySettings.legalStructure
column,core.company_profile.logo_attachment_id,Company.CompanySettings.logoAttachmentId
column,core.company_profile.fy_start_month,Company.CompanySettings.fyStartMonth
column,core.company_profile.base_currency_code,Company.CompanySettings.baseCurrencyCode
column,core.company_profile.amount_decimals,Company.CompanySettings.amountDecimals
column,core.company_profile.number_format,Company.CompanySettings.numberFormat
column,core.company_profile.books_lock_date,Company.CompanySettings.booksLockDate
column,core.company_profile.fx_rate_source,Company.CompanySettings.fxRateSource
column,core.company_profile.allow_multi_currency,Company.CompanySettings.allowMultiCurrency
column,core.company_profile.require_cost_centre_on_expense,Company.CompanySettings.requireCostCentreOnExpense
column,core.company_profile.allow_future_period_posting,Company.CompanySettings.allowFuturePeriodPosting
column,core.company_profile.default_customer_terms_days,Company.CompanySettings.defaultCustomerTermsDays
column,core.company_profile.quotation_validity_days,Company.CompanySettings.quotationValidityDays
column,core.company_profile.default_sales_tax_code_id,Company.CompanySettings.defaultSalesTaxCodeId
column,core.company_profile.invoice_terms,Company.CompanySettings.invoiceTerms
column,core.company_profile.credit_limit_action,Company.CompanySettings.creditLimitAction
column,core.company_profile.overdue_tolerance_days,Company.CompanySettings.overdueToleranceDays
column,core.company_profile.block_overdue_over_90,Company.CompanySettings.blockOverdueOver90
column,core.company_profile.default_vendor_terms_days,Company.CompanySettings.defaultVendorTermsDays
column,core.company_profile.three_way_match_tolerance_pct,Company.CompanySettings.threeWayMatchTolerancePct
column,core.company_profile.bill_approval_threshold,Company.CompanySettings.billApprovalThreshold
column,core.company_profile.require_approved_po_for_bill,Company.CompanySettings.requireApprovedPoForBill
column,core.company_profile.auto_deduct_wht_153,Company.CompanySettings.autoDeductWht153
column,core.company_profile.allow_partial_grn,Company.CompanySettings.allowPartialGrn
column,core.company_profile.warn_duplicate_vendor_invoice,Company.CompanySettings.warnDuplicateVendorInvoice
column,core.company_profile.stock_adjustment_approval_threshold,Company.CompanySettings.stockAdjustmentApprovalThreshold
column,core.company_profile.gst_registered,Company.CompanySettings.gstRegistered
column,core.company_profile.sales_tax_return_period,Company.CompanySettings.salesTaxReturnPeriod
column,core.company_profile.standard_gst_rate_pct,Company.CompanySettings.standardGstRatePct
column,core.company_profile.further_tax_rate_pct,Company.CompanySettings.furtherTaxRatePct
column,core.company_profile.provincial_tax_authority,Company.CompanySettings.provincialTaxAuthority
column,core.company_profile.provincial_services_rate_pct,Company.CompanySettings.provincialServicesRatePct
column,core.company_profile.atl_status,Company.CompanySettings.atlStatus
column,core.company_profile.atl_verified_at,Company.CompanySettings.atlVerifiedAt
column,core.company_profile.brand_primary_colour,Company.CompanySettings.brandPrimaryColour
column,core.company_profile.brand_accent_colour,Company.CompanySettings.brandAccentColour
column,core.company_profile.document_font,Company.CompanySettings.documentFont
column,core.company_profile.paper_size,Company.CompanySettings.paperSize
column,core.company_profile.email_footer,Company.CompanySettings.emailFooter
column,core.company_profile.show_powered_by,Company.CompanySettings.showPoweredBy
column,core.company_profile.created_at,Company.CompanySettings.createdAt
column,core.company_profile.created_by,Company.CompanySettings.createdBy
column,core.company_profile.updated_at,Company.CompanySettings.updatedAt
column,core.company_profile.updated_by,Company.CompanySettings.updatedBy
column,core.company_profile.row_version,Company.CompanySettings.rowVersion
table,core.company_setting,Company.CompanySettingValues
column,core.company_setting.tenant_id,Company.CompanySettingValues.tenantId
column,core.company_setting.setting_group,Company.CompanySettingValues.settingGroup
column,core.company_setting.created_at,Company.CompanySettingValues.createdAt
column,core.company_setting.created_by,Company.CompanySettingValues.createdBy
column,core.company_setting.updated_at,Company.CompanySettingValues.updatedAt
column,core.company_setting.updated_by,Company.CompanySettingValues.updatedBy
column,core.company_setting.row_version,Company.CompanySettingValues.rowVersion
table,core.currency,Company.Currencies
column,core.currency.minor_units,Company.Currencies.minorUnits
column,core.currency.is_active,Company.Currencies.isActive
column,core.currency.created_at,Company.Currencies.createdAt
column,core.currency.created_by,Company.Currencies.createdBy
column,core.currency.updated_at,Company.Currencies.updatedAt
column,core.currency.updated_by,Company.Currencies.updatedBy
column,core.currency.row_version,Company.Currencies.rowVersion
table,core.default_account_map,Company.DefaultAccountMappings
column,core.default_account_map.tenant_id,Company.DefaultAccountMappings.tenantId
column,core.default_account_map.account_id,Company.DefaultAccountMappings.accountId
column,core.default_account_map.bank_account_id,Company.DefaultAccountMappings.bankAccountId
column,core.default_account_map.created_at,Company.DefaultAccountMappings.createdAt
column,core.default_account_map.created_by,Company.DefaultAccountMappings.createdBy
column,core.default_account_map.updated_at,Company.DefaultAccountMappings.updatedAt
column,core.default_account_map.updated_by,Company.DefaultAccountMappings.updatedBy
column,core.default_account_map.row_version,Company.DefaultAccountMappings.rowVersion
table,core.doc_sequence,Company.NumberingSeries
column,core.doc_sequence.tenant_id,Company.NumberingSeries.tenantId
column,core.doc_sequence.doc_type,Company.NumberingSeries.docType
column,core.doc_sequence.branch_id,Company.NumberingSeries.branchId
column,core.doc_sequence.start_value,Company.NumberingSeries.startValue
column,core.doc_sequence.reset_policy,Company.NumberingSeries.resetPolicy
column,core.doc_sequence.is_active,Company.NumberingSeries.isActive
column,core.doc_sequence.created_at,Company.NumberingSeries.createdAt
column,core.doc_sequence.created_by,Company.NumberingSeries.createdBy
column,core.doc_sequence.updated_at,Company.NumberingSeries.updatedAt
column,core.doc_sequence.updated_by,Company.NumberingSeries.updatedBy
column,core.doc_sequence.row_version,Company.NumberingSeries.rowVersion
table,core.doc_sequence_counter,Company.NumberingSeriesCounters
column,core.doc_sequence_counter.tenant_id,Company.NumberingSeriesCounters.tenantId
column,core.doc_sequence_counter.sequence_id,Company.NumberingSeriesCounters.sequenceId
column,core.doc_sequence_counter.period_key,Company.NumberingSeriesCounters.periodKey
column,core.doc_sequence_counter.next_value,Company.NumberingSeriesCounters.nextValue
column,core.doc_sequence_counter.created_at,Company.NumberingSeriesCounters.createdAt
column,core.doc_sequence_counter.updated_at,Company.NumberingSeriesCounters.updatedAt
table,core.doc_type,Company.DocumentTypes
column,core.doc_type.table_name,Company.DocumentTypes.tableName
column,core.doc_type.default_prefix,Company.DocumentTypes.defaultPrefix
column,core.doc_type.default_pattern,Company.DocumentTypes.defaultPattern
column,core.doc_type.default_padding,Company.DocumentTypes.defaultPadding
column,core.doc_type.default_reset_policy,Company.DocumentTypes.defaultResetPolicy
column,core.doc_type.is_posting_doc,Company.DocumentTypes.isPostingDoc
column,core.doc_type.is_master,Company.DocumentTypes.isMaster
column,core.doc_type.supports_approval,Company.DocumentTypes.supportsApproval
column,core.doc_type.sort_order,Company.DocumentTypes.sortOrder
column,core.doc_type.is_active,Company.DocumentTypes.isActive
column,core.doc_type.created_at,Company.DocumentTypes.createdAt
column,core.doc_type.created_by,Company.DocumentTypes.createdBy
column,core.doc_type.updated_at,Company.DocumentTypes.updatedAt
column,core.doc_type.updated_by,Company.DocumentTypes.updatedBy
column,core.doc_type.row_version,Company.DocumentTypes.rowVersion
table,core.notification,Company.Notifications
column,core.notification.tenant_id,Company.Notifications.tenantId
column,core.notification.user_id,Company.Notifications.userId
column,core.notification.event_code,Company.Notifications.eventCode
column,core.notification.link_route,Company.Notifications.linkRoute
column,core.notification.entity_type,Company.Notifications.entityType
column,core.notification.entity_id,Company.Notifications.entityId
column,core.notification.actor_user_id,Company.Notifications.actorUserId
column,core.notification.needs_action,Company.Notifications.needsAction
column,core.notification.is_mention,Company.Notifications.isMention
column,core.notification.read_at,Company.Notifications.readAt
column,core.notification.archived_at,Company.Notifications.archivedAt
column,core.notification.created_at,Company.Notifications.createdAt
column,core.notification.created_by,Company.Notifications.createdBy
column,core.notification.updated_at,Company.Notifications.updatedAt
column,core.notification.updated_by,Company.Notifications.updatedBy
column,core.notification.row_version,Company.Notifications.rowVersion
table,core.password_reset,Company.PasswordResets
column,core.password_reset.tenant_id,Company.PasswordResets.tenantId
column,core.password_reset.user_id,Company.PasswordResets.userId
column,core.password_reset.token_hash,Company.PasswordResets.tokenHash
column,core.password_reset.requested_ip,Company.PasswordResets.requestedIp
column,core.password_reset.requested_by_user_id,Company.PasswordResets.requestedByUserId
column,core.password_reset.expires_at,Company.PasswordResets.expiresAt
column,core.password_reset.used_at,Company.PasswordResets.usedAt
column,core.password_reset.created_at,Company.PasswordResets.createdAt
column,core.password_reset.created_by,Company.PasswordResets.createdBy
column,core.password_reset.updated_at,Company.PasswordResets.updatedAt
column,core.password_reset.updated_by,Company.PasswordResets.updatedBy
column,core.password_reset.row_version,Company.PasswordResets.rowVersion
table,core.permission,Company.Permissions
column,core.permission.resource_label,Company.Permissions.resourceLabel
column,core.permission.sort_order,Company.Permissions.sortOrder
column,core.permission.created_at,Company.Permissions.createdAt
column,core.permission.created_by,Company.Permissions.createdBy
column,core.permission.updated_at,Company.Permissions.updatedAt
column,core.permission.updated_by,Company.Permissions.updatedBy
column,core.permission.row_version,Company.Permissions.rowVersion
table,core.role,Company.Roles
column,core.role.tenant_id,Company.Roles.tenantId
column,core.role.system_key,Company.Roles.systemKey
column,core.role.is_system,Company.Roles.isSystem
column,core.role.branch_restricted,Company.Roles.branchRestricted
column,core.role.copied_from_role_id,Company.Roles.copiedFromRoleId
column,core.role.created_at,Company.Roles.createdAt
column,core.role.created_by,Company.Roles.createdBy
column,core.role.updated_at,Company.Roles.updatedAt
column,core.role.updated_by,Company.Roles.updatedBy
column,core.role.row_version,Company.Roles.rowVersion
column,core.role.deleted_at,Company.Roles.deletedAt
table,core.role_permission,Company.RolePermissions
column,core.role_permission.tenant_id,Company.RolePermissions.tenantId
column,core.role_permission.role_id,Company.RolePermissions.roleId
column,core.role_permission.permission_code,Company.RolePermissions.permissionCode
column,core.role_permission.created_at,Company.RolePermissions.createdAt
column,core.role_permission.created_by,Company.RolePermissions.createdBy
column,core.role_permission.updated_at,Company.RolePermissions.updatedAt
column,core.role_permission.updated_by,Company.RolePermissions.updatedBy
column,core.role_permission.row_version,Company.RolePermissions.rowVersion
table,core.user_branch,Company.UserBranches
column,core.user_branch.tenant_id,Company.UserBranches.tenantId
column,core.user_branch.user_id,Company.UserBranches.userId
column,core.user_branch.branch_id,Company.UserBranches.branchId
column,core.user_branch.created_at,Company.UserBranches.createdAt
column,core.user_branch.created_by,Company.UserBranches.createdBy
column,core.user_branch.updated_at,Company.UserBranches.updatedAt
column,core.user_branch.updated_by,Company.UserBranches.updatedBy
column,core.user_branch.row_version,Company.UserBranches.rowVersion
table,core.user_preference,Company.UserPreferences
column,core.user_preference.tenant_id,Company.UserPreferences.tenantId
column,core.user_preference.user_id,Company.UserPreferences.userId
column,core.user_preference.date_format,Company.UserPreferences.dateFormat
column,core.user_preference.number_format,Company.UserPreferences.numberFormat
column,core.user_preference.start_route,Company.UserPreferences.startRoute
column,core.user_preference.compact_tables,Company.UserPreferences.compactTables
column,core.user_preference.show_account_codes,Company.UserPreferences.showAccountCodes
column,core.user_preference.notify_in_app,Company.UserPreferences.notifyInApp
column,core.user_preference.notify_email_digest,Company.UserPreferences.notifyEmailDigest
column,core.user_preference.email_digest_time,Company.UserPreferences.emailDigestTime
column,core.user_preference.notify_sms_approvals_above,Company.UserPreferences.notifySmsApprovalsAbove
column,core.user_preference.notify_whatsapp,Company.UserPreferences.notifyWhatsapp
column,core.user_preference.notify_events,Company.UserPreferences.notifyEvents
column,core.user_preference.created_at,Company.UserPreferences.createdAt
column,core.user_preference.created_by,Company.UserPreferences.createdBy
column,core.user_preference.updated_at,Company.UserPreferences.updatedAt
column,core.user_preference.updated_by,Company.UserPreferences.updatedBy
column,core.user_preference.row_version,Company.UserPreferences.rowVersion
table,core.user_role,Company.UserRoles
column,core.user_role.tenant_id,Company.UserRoles.tenantId
column,core.user_role.user_id,Company.UserRoles.userId
column,core.user_role.role_id,Company.UserRoles.roleId
column,core.user_role.is_primary,Company.UserRoles.isPrimary
column,core.user_role.created_at,Company.UserRoles.createdAt
column,core.user_role.created_by,Company.UserRoles.createdBy
column,core.user_role.updated_at,Company.UserRoles.updatedAt
column,core.user_role.updated_by,Company.UserRoles.updatedBy
column,core.user_role.row_version,Company.UserRoles.rowVersion
table,core.user_session,Company.UserSessions
column,core.user_session.tenant_id,Company.UserSessions.tenantId
column,core.user_session.user_id,Company.UserSessions.userId
column,core.user_session.token_hash,Company.UserSessions.tokenHash
column,core.user_session.client_type,Company.UserSessions.clientType
column,core.user_session.device_label,Company.UserSessions.deviceLabel
column,core.user_session.user_agent,Company.UserSessions.userAgent
column,core.user_session.ip_address,Company.UserSessions.ipAddress
column,core.user_session.location_label,Company.UserSessions.locationLabel
column,core.user_session.is_unusual_location,Company.UserSessions.isUnusualLocation
column,core.user_session.auth_method,Company.UserSessions.authMethod
column,core.user_session.mfa_verified_at,Company.UserSessions.mfaVerifiedAt
column,core.user_session.remember_me,Company.UserSessions.rememberMe
column,core.user_session.trusted_until,Company.UserSessions.trustedUntil
column,core.user_session.signed_in_at,Company.UserSessions.signedInAt
column,core.user_session.last_active_at,Company.UserSessions.lastActiveAt
column,core.user_session.expires_at,Company.UserSessions.expiresAt
column,core.user_session.revoked_at,Company.UserSessions.revokedAt
column,core.user_session.revoked_by_user_id,Company.UserSessions.revokedByUserId
column,core.user_session.revoke_reason,Company.UserSessions.revokeReason
column,core.user_session.created_at,Company.UserSessions.createdAt
column,core.user_session.created_by,Company.UserSessions.createdBy
column,core.user_session.updated_at,Company.UserSessions.updatedAt
column,core.user_session.updated_by,Company.UserSessions.updatedBy
column,core.user_session.row_version,Company.UserSessions.rowVersion
table,core.user_warehouse,Company.UserWarehouses
column,core.user_warehouse.tenant_id,Company.UserWarehouses.tenantId
column,core.user_warehouse.user_id,Company.UserWarehouses.userId
column,core.user_warehouse.warehouse_id,Company.UserWarehouses.warehouseId
column,core.user_warehouse.created_at,Company.UserWarehouses.createdAt
column,core.user_warehouse.created_by,Company.UserWarehouses.createdBy
column,core.user_warehouse.updated_at,Company.UserWarehouses.updatedAt
column,core.user_warehouse.updated_by,Company.UserWarehouses.updatedBy
column,core.user_warehouse.row_version,Company.UserWarehouses.rowVersion
table,inv.batch,Inventory.ProductBatches
column,inv.batch.tenant_id,Inventory.ProductBatches.tenantId
column,inv.batch.item_id,Inventory.ProductBatches.itemId
column,inv.batch.batch_no,Inventory.ProductBatches.batchNo
column,inv.batch.expiry_date,Inventory.ProductBatches.expiryDate
column,inv.batch.mfg_date,Inventory.ProductBatches.mfgDate
column,inv.batch.unit_cost,Inventory.ProductBatches.unitCost
column,inv.batch.disposition_at,Inventory.ProductBatches.dispositionAt
column,inv.batch.disposition_by_user_id,Inventory.ProductBatches.dispositionByUserId
column,inv.batch.source_doc_type,Inventory.ProductBatches.sourceDocType
column,inv.batch.source_doc_id,Inventory.ProductBatches.sourceDocId
column,inv.batch.created_at,Inventory.ProductBatches.createdAt
column,inv.batch.created_by,Inventory.ProductBatches.createdBy
column,inv.batch.updated_at,Inventory.ProductBatches.updatedAt
column,inv.batch.updated_by,Inventory.ProductBatches.updatedBy
column,inv.batch.row_version,Inventory.ProductBatches.rowVersion
table,inv.bin,Inventory.WarehouseBins
column,inv.bin.tenant_id,Inventory.WarehouseBins.tenantId
column,inv.bin.warehouse_id,Inventory.WarehouseBins.warehouseId
column,inv.bin.shelf_row,Inventory.WarehouseBins.shelfRow
column,inv.bin.is_active,Inventory.WarehouseBins.isActive
column,inv.bin.deleted_at,Inventory.WarehouseBins.deletedAt
column,inv.bin.created_at,Inventory.WarehouseBins.createdAt
column,inv.bin.created_by,Inventory.WarehouseBins.createdBy
column,inv.bin.updated_at,Inventory.WarehouseBins.updatedAt
column,inv.bin.updated_by,Inventory.WarehouseBins.updatedBy
column,inv.bin.row_version,Inventory.WarehouseBins.rowVersion
table,inv.item,Inventory.Products
column,inv.item.tenant_id,Inventory.Products.tenantId
column,inv.item.name_urdu,Inventory.Products.nameUrdu
column,inv.item.image_url,Inventory.Products.imageUrl
column,inv.item.manufacturer_id,Inventory.Products.manufacturerId
column,inv.item.distributor_vendor_id,Inventory.Products.distributorVendorId
column,inv.item.product_class_id,Inventory.Products.productClassId
column,inv.item.product_subclass_id,Inventory.Products.productSubclassId
column,inv.item.uom_id,Inventory.Products.uomId
column,inv.item.default_shelf,Inventory.Products.defaultShelf
column,inv.item.avg_cost,Inventory.Products.avgCost
column,inv.item.cost_per_unit,Inventory.Products.costPerUnit
column,inv.item.gst_rate,Inventory.Products.gstRate
column,inv.item.tax_code_id,Inventory.Products.taxCodeId
column,inv.item.fin_disc_pct,Inventory.Products.finDiscPct
column,inv.item.low_level,Inventory.Products.lowLevel
column,inv.item.high_level,Inventory.Products.highLevel
column,inv.item.is_short,Inventory.Products.isShort
column,inv.item.track_expiry,Inventory.Products.trackExpiry
column,inv.item.is_controlled,Inventory.Products.isControlled
column,inv.item.is_precious,Inventory.Products.isPrecious
column,inv.item.hs_code,Inventory.Products.hsCode
column,inv.item.deleted_at,Inventory.Products.deletedAt
column,inv.item.created_at,Inventory.Products.createdAt
column,inv.item.created_by,Inventory.Products.createdBy
column,inv.item.updated_at,Inventory.Products.updatedAt
column,inv.item.updated_by,Inventory.Products.updatedBy
column,inv.item.row_version,Inventory.Products.rowVersion
table,inv.item_barcode,Inventory.ProductBarcodes
column,inv.item_barcode.tenant_id,Inventory.ProductBarcodes.tenantId
column,inv.item_barcode.item_id,Inventory.ProductBarcodes.itemId
column,inv.item_barcode.qty_per_scan,Inventory.ProductBarcodes.qtyPerScan
column,inv.item_barcode.is_primary,Inventory.ProductBarcodes.isPrimary
column,inv.item_barcode.created_at,Inventory.ProductBarcodes.createdAt
column,inv.item_barcode.created_by,Inventory.ProductBarcodes.createdBy
column,inv.item_barcode.updated_at,Inventory.ProductBarcodes.updatedAt
column,inv.item_barcode.updated_by,Inventory.ProductBarcodes.updatedBy
column,inv.item_barcode.row_version,Inventory.ProductBarcodes.rowVersion
table,inv.item_uom,Inventory.ProductUnits
column,inv.item_uom.tenant_id,Inventory.ProductUnits.tenantId
column,inv.item_uom.item_id,Inventory.ProductUnits.itemId
column,inv.item_uom.uom_id,Inventory.ProductUnits.uomId
column,inv.item_uom.is_base,Inventory.ProductUnits.isBase
column,inv.item_uom.is_purchase_default,Inventory.ProductUnits.isPurchaseDefault
column,inv.item_uom.is_sales_default,Inventory.ProductUnits.isSalesDefault
column,inv.item_uom.created_at,Inventory.ProductUnits.createdAt
column,inv.item_uom.created_by,Inventory.ProductUnits.createdBy
column,inv.item_uom.updated_at,Inventory.ProductUnits.updatedAt
column,inv.item_uom.updated_by,Inventory.ProductUnits.updatedBy
column,inv.item_uom.row_version,Inventory.ProductUnits.rowVersion
table,inv.manual_stock_entry,Inventory.StockInOut
column,inv.manual_stock_entry.tenant_id,Inventory.StockInOut.tenantId
column,inv.manual_stock_entry.doc_no,Inventory.StockInOut.docNo
column,inv.manual_stock_entry.doc_date,Inventory.StockInOut.docDate
column,inv.manual_stock_entry.manual_ref,Inventory.StockInOut.manualRef
column,inv.manual_stock_entry.reason_id,Inventory.StockInOut.reasonId
column,inv.manual_stock_entry.warehouse_id,Inventory.StockInOut.warehouseId
column,inv.manual_stock_entry.bin_id,Inventory.StockInOut.binId
column,inv.manual_stock_entry.requested_by_name,Inventory.StockInOut.requestedByName
column,inv.manual_stock_entry.entered_by_user_id,Inventory.StockInOut.enteredByUserId
column,inv.manual_stock_entry.total_items,Inventory.StockInOut.totalItems
column,inv.manual_stock_entry.total_qty,Inventory.StockInOut.totalQty
column,inv.manual_stock_entry.total_value,Inventory.StockInOut.totalValue
column,inv.manual_stock_entry.posted_at,Inventory.StockInOut.postedAt
column,inv.manual_stock_entry.posted_by_user_id,Inventory.StockInOut.postedByUserId
column,inv.manual_stock_entry.journal_entry_id,Inventory.StockInOut.journalEntryId
column,inv.manual_stock_entry.cancelled_at,Inventory.StockInOut.cancelledAt
column,inv.manual_stock_entry.cancel_reason,Inventory.StockInOut.cancelReason
column,inv.manual_stock_entry.created_at,Inventory.StockInOut.createdAt
column,inv.manual_stock_entry.created_by,Inventory.StockInOut.createdBy
column,inv.manual_stock_entry.updated_at,Inventory.StockInOut.updatedAt
column,inv.manual_stock_entry.updated_by,Inventory.StockInOut.updatedBy
column,inv.manual_stock_entry.row_version,Inventory.StockInOut.rowVersion
table,inv.manual_stock_entry_line,Inventory.StockInOutEntryLines
column,inv.manual_stock_entry_line.tenant_id,Inventory.StockInOutEntryLines.tenantId
column,inv.manual_stock_entry_line.entry_id,Inventory.StockInOutEntryLines.entryId
column,inv.manual_stock_entry_line.line_no,Inventory.StockInOutEntryLines.lineNo
column,inv.manual_stock_entry_line.item_id,Inventory.StockInOutEntryLines.itemId
column,inv.manual_stock_entry_line.batch_id,Inventory.StockInOutEntryLines.batchId
column,inv.manual_stock_entry_line.new_batch_no,Inventory.StockInOutEntryLines.newBatchNo
column,inv.manual_stock_entry_line.new_expiry_date,Inventory.StockInOutEntryLines.newExpiryDate
column,inv.manual_stock_entry_line.unit_cost,Inventory.StockInOutEntryLines.unitCost
column,inv.manual_stock_entry_line.created_at,Inventory.StockInOutEntryLines.createdAt
column,inv.manual_stock_entry_line.created_by,Inventory.StockInOutEntryLines.createdBy
column,inv.manual_stock_entry_line.updated_at,Inventory.StockInOutEntryLines.updatedAt
column,inv.manual_stock_entry_line.updated_by,Inventory.StockInOutEntryLines.updatedBy
column,inv.manual_stock_entry_line.row_version,Inventory.StockInOutEntryLines.rowVersion
table,inv.manufacturer,Inventory.ProductCompanies
column,inv.manufacturer.tenant_id,Inventory.ProductCompanies.tenantId
column,inv.manufacturer.short_name,Inventory.ProductCompanies.shortName
column,inv.manufacturer.brand_colour,Inventory.ProductCompanies.brandColour
column,inv.manufacturer.deleted_at,Inventory.ProductCompanies.deletedAt
column,inv.manufacturer.created_at,Inventory.ProductCompanies.createdAt
column,inv.manufacturer.created_by,Inventory.ProductCompanies.createdBy
column,inv.manufacturer.updated_at,Inventory.ProductCompanies.updatedAt
column,inv.manufacturer.updated_by,Inventory.ProductCompanies.updatedBy
column,inv.manufacturer.row_version,Inventory.ProductCompanies.rowVersion
table,inv.movement_reason,Inventory.StockMovementReasons
column,inv.movement_reason.tenant_id,Inventory.StockMovementReasons.tenantId
column,inv.movement_reason.ledger_movement_type,Inventory.StockMovementReasons.ledgerMovementType
column,inv.movement_reason.expense_account_id,Inventory.StockMovementReasons.expenseAccountId
column,inv.movement_reason.is_system,Inventory.StockMovementReasons.isSystem
column,inv.movement_reason.sort_order,Inventory.StockMovementReasons.sortOrder
column,inv.movement_reason.is_active,Inventory.StockMovementReasons.isActive
column,inv.movement_reason.created_at,Inventory.StockMovementReasons.createdAt
column,inv.movement_reason.created_by,Inventory.StockMovementReasons.createdBy
column,inv.movement_reason.updated_at,Inventory.StockMovementReasons.updatedAt
column,inv.movement_reason.updated_by,Inventory.StockMovementReasons.updatedBy
column,inv.movement_reason.row_version,Inventory.StockMovementReasons.rowVersion
table,inv.product_class,Inventory.ProductClasses
column,inv.product_class.tenant_id,Inventory.ProductClasses.tenantId
column,inv.product_class.name_urdu,Inventory.ProductClasses.nameUrdu
column,inv.product_class.is_visible,Inventory.ProductClasses.isVisible
column,inv.product_class.sort_order,Inventory.ProductClasses.sortOrder
column,inv.product_class.deleted_at,Inventory.ProductClasses.deletedAt
column,inv.product_class.created_at,Inventory.ProductClasses.createdAt
column,inv.product_class.created_by,Inventory.ProductClasses.createdBy
column,inv.product_class.updated_at,Inventory.ProductClasses.updatedAt
column,inv.product_class.updated_by,Inventory.ProductClasses.updatedBy
column,inv.product_class.row_version,Inventory.ProductClasses.rowVersion
table,inv.product_subclass,Inventory.ProductSubclasses
column,inv.product_subclass.tenant_id,Inventory.ProductSubclasses.tenantId
column,inv.product_subclass.product_class_id,Inventory.ProductSubclasses.productClassId
column,inv.product_subclass.is_visible,Inventory.ProductSubclasses.isVisible
column,inv.product_subclass.sort_order,Inventory.ProductSubclasses.sortOrder
column,inv.product_subclass.deleted_at,Inventory.ProductSubclasses.deletedAt
column,inv.product_subclass.created_at,Inventory.ProductSubclasses.createdAt
column,inv.product_subclass.created_by,Inventory.ProductSubclasses.createdBy
column,inv.product_subclass.updated_at,Inventory.ProductSubclasses.updatedAt
column,inv.product_subclass.updated_by,Inventory.ProductSubclasses.updatedBy
column,inv.product_subclass.row_version,Inventory.ProductSubclasses.rowVersion
table,inv.stock_adjustment,Inventory.StockAdjustments
column,inv.stock_adjustment.tenant_id,Inventory.StockAdjustments.tenantId
column,inv.stock_adjustment.doc_no,Inventory.StockAdjustments.docNo
column,inv.stock_adjustment.doc_date,Inventory.StockAdjustments.docDate
column,inv.stock_adjustment.warehouse_id,Inventory.StockAdjustments.warehouseId
column,inv.stock_adjustment.reason_id,Inventory.StockAdjustments.reasonId
column,inv.stock_adjustment.offset_account_id,Inventory.StockAdjustments.offsetAccountId
column,inv.stock_adjustment.line_count,Inventory.StockAdjustments.lineCount
column,inv.stock_adjustment.net_value,Inventory.StockAdjustments.netValue
column,inv.stock_adjustment.approval_required,Inventory.StockAdjustments.approvalRequired
column,inv.stock_adjustment.prepared_by_user_id,Inventory.StockAdjustments.preparedByUserId
column,inv.stock_adjustment.submitted_at,Inventory.StockAdjustments.submittedAt
column,inv.stock_adjustment.approved_by_user_id,Inventory.StockAdjustments.approvedByUserId
column,inv.stock_adjustment.approved_at,Inventory.StockAdjustments.approvedAt
column,inv.stock_adjustment.rejection_reason,Inventory.StockAdjustments.rejectionReason
column,inv.stock_adjustment.posted_at,Inventory.StockAdjustments.postedAt
column,inv.stock_adjustment.journal_entry_id,Inventory.StockAdjustments.journalEntryId
column,inv.stock_adjustment.source_doc_type,Inventory.StockAdjustments.sourceDocType
column,inv.stock_adjustment.source_doc_id,Inventory.StockAdjustments.sourceDocId
column,inv.stock_adjustment.created_at,Inventory.StockAdjustments.createdAt
column,inv.stock_adjustment.created_by,Inventory.StockAdjustments.createdBy
column,inv.stock_adjustment.updated_at,Inventory.StockAdjustments.updatedAt
column,inv.stock_adjustment.updated_by,Inventory.StockAdjustments.updatedBy
column,inv.stock_adjustment.row_version,Inventory.StockAdjustments.rowVersion
table,inv.stock_adjustment_line,Inventory.StockAdjustmentLines
column,inv.stock_adjustment_line.tenant_id,Inventory.StockAdjustmentLines.tenantId
column,inv.stock_adjustment_line.adjustment_id,Inventory.StockAdjustmentLines.adjustmentId
column,inv.stock_adjustment_line.line_no,Inventory.StockAdjustmentLines.lineNo
column,inv.stock_adjustment_line.item_id,Inventory.StockAdjustmentLines.itemId
column,inv.stock_adjustment_line.batch_id,Inventory.StockAdjustmentLines.batchId
column,inv.stock_adjustment_line.qty_on_hand,Inventory.StockAdjustmentLines.qtyOnHand
column,inv.stock_adjustment_line.qty_counted,Inventory.StockAdjustmentLines.qtyCounted
column,inv.stock_adjustment_line.qty_change,Inventory.StockAdjustmentLines.qtyChange
column,inv.stock_adjustment_line.unit_cost,Inventory.StockAdjustmentLines.unitCost
column,inv.stock_adjustment_line.created_at,Inventory.StockAdjustmentLines.createdAt
column,inv.stock_adjustment_line.created_by,Inventory.StockAdjustmentLines.createdBy
column,inv.stock_adjustment_line.updated_at,Inventory.StockAdjustmentLines.updatedAt
column,inv.stock_adjustment_line.updated_by,Inventory.StockAdjustmentLines.updatedBy
column,inv.stock_adjustment_line.row_version,Inventory.StockAdjustmentLines.rowVersion
table,inv.stock_balance,Inventory.StockBalances
column,inv.stock_balance.tenant_id,Inventory.StockBalances.tenantId
column,inv.stock_balance.item_id,Inventory.StockBalances.itemId
column,inv.stock_balance.warehouse_id,Inventory.StockBalances.warehouseId
column,inv.stock_balance.bin_id,Inventory.StockBalances.binId
column,inv.stock_balance.batch_id,Inventory.StockBalances.batchId
column,inv.stock_balance.qty_on_hand,Inventory.StockBalances.qtyOnHand
column,inv.stock_balance.qty_reserved,Inventory.StockBalances.qtyReserved
column,inv.stock_balance.qty_available,Inventory.StockBalances.qtyAvailable
column,inv.stock_balance.last_movement_at,Inventory.StockBalances.lastMovementAt
column,inv.stock_balance.last_in_date,Inventory.StockBalances.lastInDate
column,inv.stock_balance.last_out_date,Inventory.StockBalances.lastOutDate
column,inv.stock_balance.created_at,Inventory.StockBalances.createdAt
column,inv.stock_balance.created_by,Inventory.StockBalances.createdBy
column,inv.stock_balance.updated_at,Inventory.StockBalances.updatedAt
column,inv.stock_balance.updated_by,Inventory.StockBalances.updatedBy
column,inv.stock_balance.row_version,Inventory.StockBalances.rowVersion
table,inv.stock_ledger,Inventory.StockMovements
column,inv.stock_ledger.tenant_id,Inventory.StockMovements.tenantId
column,inv.stock_ledger.movement_date,Inventory.StockMovements.movementDate
column,inv.stock_ledger.movement_at,Inventory.StockMovements.movementAt
column,inv.stock_ledger.item_id,Inventory.StockMovements.itemId
column,inv.stock_ledger.warehouse_id,Inventory.StockMovements.warehouseId
column,inv.stock_ledger.bin_id,Inventory.StockMovements.binId
column,inv.stock_ledger.batch_id,Inventory.StockMovements.batchId
column,inv.stock_ledger.expiry_date,Inventory.StockMovements.expiryDate
column,inv.stock_ledger.qty_in,Inventory.StockMovements.qtyIn
column,inv.stock_ledger.qty_out,Inventory.StockMovements.qtyOut
column,inv.stock_ledger.unit_cost,Inventory.StockMovements.unitCost
column,inv.stock_ledger.movement_type,Inventory.StockMovements.movementType
column,inv.stock_ledger.reason_id,Inventory.StockMovements.reasonId
column,inv.stock_ledger.source_doc_type,Inventory.StockMovements.sourceDocType
column,inv.stock_ledger.source_doc_id,Inventory.StockMovements.sourceDocId
column,inv.stock_ledger.source_doc_no,Inventory.StockMovements.sourceDocNo
column,inv.stock_ledger.source_line_id,Inventory.StockMovements.sourceLineId
column,inv.stock_ledger.counter_warehouse_id,Inventory.StockMovements.counterWarehouseId
column,inv.stock_ledger.party_label,Inventory.StockMovements.partyLabel
column,inv.stock_ledger.user_id,Inventory.StockMovements.userId
column,inv.stock_ledger.created_at,Inventory.StockMovements.createdAt
column,inv.stock_ledger.created_by,Inventory.StockMovements.createdBy
column,inv.stock_ledger.updated_at,Inventory.StockMovements.updatedAt
column,inv.stock_ledger.updated_by,Inventory.StockMovements.updatedBy
column,inv.stock_ledger.row_version,Inventory.StockMovements.rowVersion
table,inv.stock_transfer,Inventory.StockTransfers
column,inv.stock_transfer.tenant_id,Inventory.StockTransfers.tenantId
column,inv.stock_transfer.doc_no,Inventory.StockTransfers.docNo
column,inv.stock_transfer.doc_date,Inventory.StockTransfers.docDate
column,inv.stock_transfer.transfer_at,Inventory.StockTransfers.transferAt
column,inv.stock_transfer.from_warehouse_id,Inventory.StockTransfers.fromWarehouseId
column,inv.stock_transfer.to_warehouse_id,Inventory.StockTransfers.toWarehouseId
column,inv.stock_transfer.prepared_by_user_id,Inventory.StockTransfers.preparedByUserId
column,inv.stock_transfer.driver_name,Inventory.StockTransfers.driverName
column,inv.stock_transfer.vehicle_no,Inventory.StockTransfers.vehicleNo
column,inv.stock_transfer.dispatched_at,Inventory.StockTransfers.dispatchedAt
column,inv.stock_transfer.eta_at,Inventory.StockTransfers.etaAt
column,inv.stock_transfer.received_at,Inventory.StockTransfers.receivedAt
column,inv.stock_transfer.received_by_user_id,Inventory.StockTransfers.receivedByUserId
column,inv.stock_transfer.receipt_note,Inventory.StockTransfers.receiptNote
column,inv.stock_transfer.total_items,Inventory.StockTransfers.totalItems
column,inv.stock_transfer.total_qty,Inventory.StockTransfers.totalQty
column,inv.stock_transfer.total_value,Inventory.StockTransfers.totalValue
column,inv.stock_transfer.posted_at,Inventory.StockTransfers.postedAt
column,inv.stock_transfer.journal_entry_id,Inventory.StockTransfers.journalEntryId
column,inv.stock_transfer.receipt_journal_entry_id,Inventory.StockTransfers.receiptJournalEntryId
column,inv.stock_transfer.cancelled_at,Inventory.StockTransfers.cancelledAt
column,inv.stock_transfer.cancel_reason,Inventory.StockTransfers.cancelReason
column,inv.stock_transfer.created_at,Inventory.StockTransfers.createdAt
column,inv.stock_transfer.created_by,Inventory.StockTransfers.createdBy
column,inv.stock_transfer.updated_at,Inventory.StockTransfers.updatedAt
column,inv.stock_transfer.updated_by,Inventory.StockTransfers.updatedBy
column,inv.stock_transfer.row_version,Inventory.StockTransfers.rowVersion
table,inv.stock_transfer_line,Inventory.StockTransferLines
column,inv.stock_transfer_line.tenant_id,Inventory.StockTransferLines.tenantId
column,inv.stock_transfer_line.transfer_id,Inventory.StockTransferLines.transferId
column,inv.stock_transfer_line.from_warehouse_id,Inventory.StockTransferLines.fromWarehouseId
column,inv.stock_transfer_line.to_warehouse_id,Inventory.StockTransferLines.toWarehouseId
column,inv.stock_transfer_line.line_no,Inventory.StockTransferLines.lineNo
column,inv.stock_transfer_line.item_id,Inventory.StockTransferLines.itemId
column,inv.stock_transfer_line.batch_id,Inventory.StockTransferLines.batchId
column,inv.stock_transfer_line.from_bin_id,Inventory.StockTransferLines.fromBinId
column,inv.stock_transfer_line.to_bin_id,Inventory.StockTransferLines.toBinId
column,inv.stock_transfer_line.ctn_size,Inventory.StockTransferLines.ctnSize
column,inv.stock_transfer_line.qty_ctn,Inventory.StockTransferLines.qtyCtn
column,inv.stock_transfer_line.qty_loose,Inventory.StockTransferLines.qtyLoose
column,inv.stock_transfer_line.base_qty,Inventory.StockTransferLines.baseQty
column,inv.stock_transfer_line.unit_cost,Inventory.StockTransferLines.unitCost
column,inv.stock_transfer_line.is_controlled,Inventory.StockTransferLines.isControlled
column,inv.stock_transfer_line.created_at,Inventory.StockTransferLines.createdAt
column,inv.stock_transfer_line.created_by,Inventory.StockTransferLines.createdBy
column,inv.stock_transfer_line.updated_at,Inventory.StockTransferLines.updatedAt
column,inv.stock_transfer_line.updated_by,Inventory.StockTransferLines.updatedBy
column,inv.stock_transfer_line.row_version,Inventory.StockTransferLines.rowVersion
table,inv.uom,Inventory.UnitsOfMeasure
column,inv.uom.tenant_id,Inventory.UnitsOfMeasure.tenantId
column,inv.uom.name_urdu,Inventory.UnitsOfMeasure.nameUrdu
column,inv.uom.is_system,Inventory.UnitsOfMeasure.isSystem
column,inv.uom.is_active,Inventory.UnitsOfMeasure.isActive
column,inv.uom.created_at,Inventory.UnitsOfMeasure.createdAt
column,inv.uom.created_by,Inventory.UnitsOfMeasure.createdBy
column,inv.uom.updated_at,Inventory.UnitsOfMeasure.updatedAt
column,inv.uom.updated_by,Inventory.UnitsOfMeasure.updatedBy
column,inv.uom.row_version,Inventory.UnitsOfMeasure.rowVersion
table,inv.warehouse,Inventory.Warehouses
column,inv.warehouse.tenant_id,Inventory.Warehouses.tenantId
column,inv.warehouse.branch_id,Inventory.Warehouses.branchId
column,inv.warehouse.manager_user_id,Inventory.Warehouses.managerUserId
column,inv.warehouse.capacity_pallets,Inventory.Warehouses.capacityPallets
column,inv.warehouse.inventory_account_id,Inventory.Warehouses.inventoryAccountId
column,inv.warehouse.block_negative_stock,Inventory.Warehouses.blockNegativeStock
column,inv.warehouse.is_primary,Inventory.Warehouses.isPrimary
column,inv.warehouse.deleted_at,Inventory.Warehouses.deletedAt
column,inv.warehouse.created_at,Inventory.Warehouses.createdAt
column,inv.warehouse.created_by,Inventory.Warehouses.createdBy
column,inv.warehouse.updated_at,Inventory.Warehouses.updatedAt
column,inv.warehouse.updated_by,Inventory.Warehouses.updatedBy
column,inv.warehouse.row_version,Inventory.Warehouses.rowVersion
table,platform.audit_log,Platform.PlatformAuditLogs
column,platform.audit_log.occurred_at,Platform.PlatformAuditLogs.occurredAt
column,platform.audit_log.staff_user_id,Platform.PlatformAuditLogs.staffUserId
column,platform.audit_log.actor_label,Platform.PlatformAuditLogs.actorLabel
column,platform.audit_log.tenant_id,Platform.PlatformAuditLogs.tenantId
column,platform.audit_log.ip_address,Platform.PlatformAuditLogs.ipAddress
table,platform.coa_template,Platform.ChartOfAccountsTemplates
column,platform.coa_template.created_at,Platform.ChartOfAccountsTemplates.createdAt
column,platform.coa_template.created_by,Platform.ChartOfAccountsTemplates.createdBy
column,platform.coa_template.updated_at,Platform.ChartOfAccountsTemplates.updatedAt
column,platform.coa_template.updated_by,Platform.ChartOfAccountsTemplates.updatedBy
column,platform.coa_template.row_version,Platform.ChartOfAccountsTemplates.rowVersion
table,platform.coa_template_account,Platform.ChartOfAccountsTemplateAccounts
column,platform.coa_template_account.template_id,Platform.ChartOfAccountsTemplateAccounts.templateId
column,platform.coa_template_account.parent_code,Platform.ChartOfAccountsTemplateAccounts.parentCode
column,platform.coa_template_account.account_class,Platform.ChartOfAccountsTemplateAccounts.accountClass
column,platform.coa_template_account.sub_type,Platform.ChartOfAccountsTemplateAccounts.subType
column,platform.coa_template_account.is_postable,Platform.ChartOfAccountsTemplateAccounts.isPostable
column,platform.coa_template_account.default_role,Platform.ChartOfAccountsTemplateAccounts.defaultRole
column,platform.coa_template_account.created_at,Platform.ChartOfAccountsTemplateAccounts.createdAt
column,platform.coa_template_account.created_by,Platform.ChartOfAccountsTemplateAccounts.createdBy
column,platform.coa_template_account.updated_at,Platform.ChartOfAccountsTemplateAccounts.updatedAt
column,platform.coa_template_account.updated_by,Platform.ChartOfAccountsTemplateAccounts.updatedBy
column,platform.coa_template_account.row_version,Platform.ChartOfAccountsTemplateAccounts.rowVersion
table,platform.plan,Platform.SubscriptionPlans
column,platform.plan.price_monthly,Platform.SubscriptionPlans.priceMonthly
column,platform.plan.price_annual,Platform.SubscriptionPlans.priceAnnual
column,platform.plan.user_seats,Platform.SubscriptionPlans.userSeats
column,platform.plan.storage_gb,Platform.SubscriptionPlans.storageGb
column,platform.plan.trial_days,Platform.SubscriptionPlans.trialDays
column,platform.plan.sort_order,Platform.SubscriptionPlans.sortOrder
column,platform.plan.is_public,Platform.SubscriptionPlans.isPublic
column,platform.plan.created_at,Platform.SubscriptionPlans.createdAt
column,platform.plan.created_by,Platform.SubscriptionPlans.createdBy
column,platform.plan.updated_at,Platform.SubscriptionPlans.updatedAt
column,platform.plan.updated_by,Platform.SubscriptionPlans.updatedBy
column,platform.plan.row_version,Platform.SubscriptionPlans.rowVersion
table,platform.plan_feature,Platform.SubscriptionPlanFeatures
column,platform.plan_feature.plan_id,Platform.SubscriptionPlanFeatures.planId
column,platform.plan_feature.module_key,Platform.SubscriptionPlanFeatures.moduleKey
column,platform.plan_feature.addon_price,Platform.SubscriptionPlanFeatures.addonPrice
column,platform.plan_feature.created_at,Platform.SubscriptionPlanFeatures.createdAt
column,platform.plan_feature.created_by,Platform.SubscriptionPlanFeatures.createdBy
column,platform.plan_feature.updated_at,Platform.SubscriptionPlanFeatures.updatedAt
column,platform.plan_feature.updated_by,Platform.SubscriptionPlanFeatures.updatedBy
column,platform.plan_feature.row_version,Platform.SubscriptionPlanFeatures.rowVersion
table,platform.staff_user,Platform.PlatformStaff
column,platform.staff_user.full_name,Platform.PlatformStaff.fullName
column,platform.staff_user.password_hash,Platform.PlatformStaff.passwordHash
column,platform.staff_user.mfa_type,Platform.PlatformStaff.mfaType
column,platform.staff_user.tenant_scope,Platform.PlatformStaff.tenantScope
column,platform.staff_user.last_active_at,Platform.PlatformStaff.lastActiveAt
column,platform.staff_user.created_at,Platform.PlatformStaff.createdAt
column,platform.staff_user.created_by,Platform.PlatformStaff.createdBy
column,platform.staff_user.updated_at,Platform.PlatformStaff.updatedAt
column,platform.staff_user.updated_by,Platform.PlatformStaff.updatedBy
column,platform.staff_user.row_version,Platform.PlatformStaff.rowVersion
table,platform.subscription,Platform.Subscriptions
column,platform.subscription.tenant_id,Platform.Subscriptions.tenantId
column,platform.subscription.plan_id,Platform.Subscriptions.planId
column,platform.subscription.billing_cycle,Platform.Subscriptions.billingCycle
column,platform.subscription.starts_on,Platform.Subscriptions.startsOn
column,platform.subscription.trial_ends_on,Platform.Subscriptions.trialEndsOn
column,platform.subscription.current_period_start,Platform.Subscriptions.currentPeriodStart
column,platform.subscription.current_period_end,Platform.Subscriptions.currentPeriodEnd
column,platform.subscription.next_renewal_on,Platform.Subscriptions.nextRenewalOn
column,platform.subscription.payment_method,Platform.Subscriptions.paymentMethod
column,platform.subscription.payment_ref,Platform.Subscriptions.paymentRef
column,platform.subscription.auto_renew,Platform.Subscriptions.autoRenew
column,platform.subscription.cancelled_at,Platform.Subscriptions.cancelledAt
column,platform.subscription.cancel_reason,Platform.Subscriptions.cancelReason
column,platform.subscription.created_at,Platform.Subscriptions.createdAt
column,platform.subscription.created_by,Platform.Subscriptions.createdBy
column,platform.subscription.updated_at,Platform.Subscriptions.updatedAt
column,platform.subscription.updated_by,Platform.Subscriptions.updatedBy
column,platform.subscription.row_version,Platform.Subscriptions.rowVersion
table,platform.tenant,Platform.Tenants
column,platform.tenant.display_name,Platform.Tenants.displayName
column,platform.tenant.legal_name,Platform.Tenants.legalName
column,platform.tenant.secp_reg_no,Platform.Tenants.secpRegNo
column,platform.tenant.fiscal_year_start_month,Platform.Tenants.fiscalYearStartMonth
column,platform.tenant.base_currency,Platform.Tenants.baseCurrency
column,platform.tenant.number_format,Platform.Tenants.numberFormat
column,platform.tenant.date_format,Platform.Tenants.dateFormat
column,platform.tenant.data_residency,Platform.Tenants.dataResidency
column,platform.tenant.coa_template_id,Platform.Tenants.coaTemplateId
column,platform.tenant.require_mfa,Platform.Tenants.requireMfa
column,platform.tenant.allow_sso,Platform.Tenants.allowSso
column,platform.tenant.default_language,Platform.Tenants.defaultLanguage
column,platform.tenant.health_score,Platform.Tenants.healthScore
column,platform.tenant.trial_ends_on,Platform.Tenants.trialEndsOn
column,platform.tenant.activated_at,Platform.Tenants.activatedAt
column,platform.tenant.last_active_at,Platform.Tenants.lastActiveAt
column,platform.tenant.account_owner_staff_id,Platform.Tenants.accountOwnerStaffId
column,platform.tenant.created_at,Platform.Tenants.createdAt
column,platform.tenant.created_by,Platform.Tenants.createdBy
column,platform.tenant.updated_at,Platform.Tenants.updatedAt
column,platform.tenant.updated_by,Platform.Tenants.updatedBy
column,platform.tenant.row_version,Platform.Tenants.rowVersion
table,platform.tenant_contact,Platform.TenantContacts
column,platform.tenant_contact.tenant_id,Platform.TenantContacts.tenantId
column,platform.tenant_contact.contact_role,Platform.TenantContacts.contactRole
column,platform.tenant_contact.full_name,Platform.TenantContacts.fullName
column,platform.tenant_contact.is_primary,Platform.TenantContacts.isPrimary
column,platform.tenant_contact.created_at,Platform.TenantContacts.createdAt
column,platform.tenant_contact.created_by,Platform.TenantContacts.createdBy
column,platform.tenant_contact.updated_at,Platform.TenantContacts.updatedAt
column,platform.tenant_contact.updated_by,Platform.TenantContacts.updatedBy
column,platform.tenant_contact.row_version,Platform.TenantContacts.rowVersion
table,platform.tenant_module,Platform.TenantModules
column,platform.tenant_module.tenant_id,Platform.TenantModules.tenantId
column,platform.tenant_module.module_key,Platform.TenantModules.moduleKey
column,platform.tenant_module.enabled_at,Platform.TenantModules.enabledAt
column,platform.tenant_module.created_at,Platform.TenantModules.createdAt
column,platform.tenant_module.created_by,Platform.TenantModules.createdBy
column,platform.tenant_module.updated_at,Platform.TenantModules.updatedAt
column,platform.tenant_module.updated_by,Platform.TenantModules.updatedBy
column,platform.tenant_module.row_version,Platform.TenantModules.rowVersion
table,purchase.bill,Purchases.VendorBills
column,purchase.bill.tenant_id,Purchases.VendorBills.tenantId
column,purchase.bill.doc_no,Purchases.VendorBills.docNo
column,purchase.bill.doc_date,Purchases.VendorBills.docDate
column,purchase.bill.due_date,Purchases.VendorBills.dueDate
column,purchase.bill.vendor_id,Purchases.VendorBills.vendorId
column,purchase.bill.branch_id,Purchases.VendorBills.branchId
column,purchase.bill.warehouse_id,Purchases.VendorBills.warehouseId
column,purchase.bill.purchase_order_id,Purchases.VendorBills.purchaseOrderId
column,purchase.bill.grn_id,Purchases.VendorBills.grnId
column,purchase.bill.vendor_invoice_no,Purchases.VendorBills.vendorInvoiceNo
column,purchase.bill.payable_account_id,Purchases.VendorBills.payableAccountId
column,purchase.bill.currency_code,Purchases.VendorBills.currencyCode
column,purchase.bill.fx_rate,Purchases.VendorBills.fxRate
column,purchase.bill.purchaser_user_id,Purchases.VendorBills.purchaserUserId
column,purchase.bill.cost_centre_id,Purchases.VendorBills.costCentreId
column,purchase.bill.deal_on_supply,Purchases.VendorBills.dealOnSupply
column,purchase.bill.retail_price_discount_pct,Purchases.VendorBills.retailPriceDiscountPct
column,purchase.bill.capture_method,Purchases.VendorBills.captureMethod
column,purchase.bill.gross_amount,Purchases.VendorBills.grossAmount
column,purchase.bill.discount_amount,Purchases.VendorBills.discountAmount
column,purchase.bill.net_amount,Purchases.VendorBills.netAmount
column,purchase.bill.tax_amount,Purchases.VendorBills.taxAmount
column,purchase.bill.advance_tax_amount,Purchases.VendorBills.advanceTaxAmount
column,purchase.bill.total_amount,Purchases.VendorBills.totalAmount
column,purchase.bill.wht_amount,Purchases.VendorBills.whtAmount
column,purchase.bill.net_payable_amount,Purchases.VendorBills.netPayableAmount
column,purchase.bill.pay_mode,Purchases.VendorBills.payMode
column,purchase.bill.bank_account_id,Purchases.VendorBills.bankAccountId
column,purchase.bill.cash_account_id,Purchases.VendorBills.cashAccountId
column,purchase.bill.cheque_no,Purchases.VendorBills.chequeNo
column,purchase.bill.cheque_id,Purchases.VendorBills.chequeId
column,purchase.bill.paid_now_amount,Purchases.VendorBills.paidNowAmount
column,purchase.bill.balance_amount,Purchases.VendorBills.balanceAmount
column,purchase.bill.match_status,Purchases.VendorBills.matchStatus
column,purchase.bill.match_variance_pct,Purchases.VendorBills.matchVariancePct
column,purchase.bill.is_disputed,Purchases.VendorBills.isDisputed
column,purchase.bill.dispute_note,Purchases.VendorBills.disputeNote
column,purchase.bill.submitted_at,Purchases.VendorBills.submittedAt
column,purchase.bill.approved_by_user_id,Purchases.VendorBills.approvedByUserId
column,purchase.bill.approved_at,Purchases.VendorBills.approvedAt
column,purchase.bill.posted_at,Purchases.VendorBills.postedAt
column,purchase.bill.journal_entry_id,Purchases.VendorBills.journalEntryId
column,purchase.bill.voided_at,Purchases.VendorBills.voidedAt
column,purchase.bill.void_reason,Purchases.VendorBills.voidReason
column,purchase.bill.created_at,Purchases.VendorBills.createdAt
column,purchase.bill.created_by,Purchases.VendorBills.createdBy
column,purchase.bill.updated_at,Purchases.VendorBills.updatedAt
column,purchase.bill.updated_by,Purchases.VendorBills.updatedBy
column,purchase.bill.row_version,Purchases.VendorBills.rowVersion
table,purchase.bill_line,Purchases.VendorBillLines
column,purchase.bill_line.tenant_id,Purchases.VendorBillLines.tenantId
column,purchase.bill_line.bill_id,Purchases.VendorBillLines.billId
column,purchase.bill_line.line_no,Purchases.VendorBillLines.lineNo
column,purchase.bill_line.item_id,Purchases.VendorBillLines.itemId
column,purchase.bill_line.account_id,Purchases.VendorBillLines.accountId
column,purchase.bill_line.purchase_order_line_id,Purchases.VendorBillLines.purchaseOrderLineId
column,purchase.bill_line.grn_line_id,Purchases.VendorBillLines.grnLineId
column,purchase.bill_line.qty_ctn,Purchases.VendorBillLines.qtyCtn
column,purchase.bill_line.qty_loose,Purchases.VendorBillLines.qtyLoose
column,purchase.bill_line.base_qty,Purchases.VendorBillLines.baseQty
column,purchase.bill_line.bonus_qty,Purchases.VendorBillLines.bonusQty
column,purchase.bill_line.breakage_qty,Purchases.VendorBillLines.breakageQty
column,purchase.bill_line.total_qty,Purchases.VendorBillLines.totalQty
column,purchase.bill_line.sale_price,Purchases.VendorBillLines.salePrice
column,purchase.bill_line.update_item_sale_price,Purchases.VendorBillLines.updateItemSalePrice
column,purchase.bill_line.discount_pct,Purchases.VendorBillLines.discountPct
column,purchase.bill_line.gross_amount,Purchases.VendorBillLines.grossAmount
column,purchase.bill_line.discount_amount,Purchases.VendorBillLines.discountAmount
column,purchase.bill_line.net_amount,Purchases.VendorBillLines.netAmount
column,purchase.bill_line.tax_code_id,Purchases.VendorBillLines.taxCodeId
column,purchase.bill_line.tax_rate,Purchases.VendorBillLines.taxRate
column,purchase.bill_line.tax_amount,Purchases.VendorBillLines.taxAmount
column,purchase.bill_line.total_amount,Purchases.VendorBillLines.totalAmount
column,purchase.bill_line.wht_section,Purchases.VendorBillLines.whtSection
column,purchase.bill_line.wht_rate,Purchases.VendorBillLines.whtRate
column,purchase.bill_line.wht_amount,Purchases.VendorBillLines.whtAmount
column,purchase.bill_line.net_unit_cost,Purchases.VendorBillLines.netUnitCost
column,purchase.bill_line.batch_id,Purchases.VendorBillLines.batchId
column,purchase.bill_line.batch_no,Purchases.VendorBillLines.batchNo
column,purchase.bill_line.expiry_date,Purchases.VendorBillLines.expiryDate
column,purchase.bill_line.cost_centre_id,Purchases.VendorBillLines.costCentreId
column,purchase.bill_line.created_at,Purchases.VendorBillLines.createdAt
column,purchase.bill_line.created_by,Purchases.VendorBillLines.createdBy
column,purchase.bill_line.updated_at,Purchases.VendorBillLines.updatedAt
column,purchase.bill_line.updated_by,Purchases.VendorBillLines.updatedBy
column,purchase.bill_line.row_version,Purchases.VendorBillLines.rowVersion
table,purchase.debit_note,Purchases.DebitNotes
column,purchase.debit_note.tenant_id,Purchases.DebitNotes.tenantId
column,purchase.debit_note.doc_no,Purchases.DebitNotes.docNo
column,purchase.debit_note.doc_date,Purchases.DebitNotes.docDate
column,purchase.debit_note.vendor_id,Purchases.DebitNotes.vendorId
column,purchase.debit_note.branch_id,Purchases.DebitNotes.branchId
column,purchase.debit_note.bill_id,Purchases.DebitNotes.billId
column,purchase.debit_note.reason_note,Purchases.DebitNotes.reasonNote
column,purchase.debit_note.warehouse_id,Purchases.DebitNotes.warehouseId
column,purchase.debit_note.net_amount,Purchases.DebitNotes.netAmount
column,purchase.debit_note.tax_amount,Purchases.DebitNotes.taxAmount
column,purchase.debit_note.total_amount,Purchases.DebitNotes.totalAmount
column,purchase.debit_note.wht_amount,Purchases.DebitNotes.whtAmount
column,purchase.debit_note.credit_amount,Purchases.DebitNotes.creditAmount
column,purchase.debit_note.applied_amount,Purchases.DebitNotes.appliedAmount
column,purchase.debit_note.refunded_amount,Purchases.DebitNotes.refundedAmount
column,purchase.debit_note.balance_amount,Purchases.DebitNotes.balanceAmount
column,purchase.debit_note.posted_at,Purchases.DebitNotes.postedAt
column,purchase.debit_note.journal_entry_id,Purchases.DebitNotes.journalEntryId
column,purchase.debit_note.emailed_at,Purchases.DebitNotes.emailedAt
column,purchase.debit_note.voided_at,Purchases.DebitNotes.voidedAt
column,purchase.debit_note.void_reason,Purchases.DebitNotes.voidReason
column,purchase.debit_note.created_at,Purchases.DebitNotes.createdAt
column,purchase.debit_note.created_by,Purchases.DebitNotes.createdBy
column,purchase.debit_note.updated_at,Purchases.DebitNotes.updatedAt
column,purchase.debit_note.updated_by,Purchases.DebitNotes.updatedBy
column,purchase.debit_note.row_version,Purchases.DebitNotes.rowVersion
table,purchase.debit_note_line,Purchases.DebitNoteLines
column,purchase.debit_note_line.tenant_id,Purchases.DebitNoteLines.tenantId
column,purchase.debit_note_line.debit_note_id,Purchases.DebitNoteLines.debitNoteId
column,purchase.debit_note_line.line_no,Purchases.DebitNoteLines.lineNo
column,purchase.debit_note_line.bill_line_id,Purchases.DebitNoteLines.billLineId
column,purchase.debit_note_line.item_id,Purchases.DebitNoteLines.itemId
column,purchase.debit_note_line.billed_qty,Purchases.DebitNoteLines.billedQty
column,purchase.debit_note_line.return_qty,Purchases.DebitNoteLines.returnQty
column,purchase.debit_note_line.net_amount,Purchases.DebitNoteLines.netAmount
column,purchase.debit_note_line.tax_code_id,Purchases.DebitNoteLines.taxCodeId
column,purchase.debit_note_line.tax_rate,Purchases.DebitNoteLines.taxRate
column,purchase.debit_note_line.tax_amount,Purchases.DebitNoteLines.taxAmount
column,purchase.debit_note_line.total_amount,Purchases.DebitNoteLines.totalAmount
column,purchase.debit_note_line.batch_id,Purchases.DebitNoteLines.batchId
column,purchase.debit_note_line.created_at,Purchases.DebitNoteLines.createdAt
column,purchase.debit_note_line.created_by,Purchases.DebitNoteLines.createdBy
column,purchase.debit_note_line.updated_at,Purchases.DebitNoteLines.updatedAt
column,purchase.debit_note_line.updated_by,Purchases.DebitNoteLines.updatedBy
column,purchase.debit_note_line.row_version,Purchases.DebitNoteLines.rowVersion
table,purchase.grn,Purchases.GoodsReceivedNotes
column,purchase.grn.tenant_id,Purchases.GoodsReceivedNotes.tenantId
column,purchase.grn.doc_no,Purchases.GoodsReceivedNotes.docNo
column,purchase.grn.doc_date,Purchases.GoodsReceivedNotes.docDate
column,purchase.grn.purchase_order_id,Purchases.GoodsReceivedNotes.purchaseOrderId
column,purchase.grn.vendor_id,Purchases.GoodsReceivedNotes.vendorId
column,purchase.grn.branch_id,Purchases.GoodsReceivedNotes.branchId
column,purchase.grn.warehouse_id,Purchases.GoodsReceivedNotes.warehouseId
column,purchase.grn.vendor_ref,Purchases.GoodsReceivedNotes.vendorRef
column,purchase.grn.qc_status,Purchases.GoodsReceivedNotes.qcStatus
column,purchase.grn.qc_note,Purchases.GoodsReceivedNotes.qcNote
column,purchase.grn.match_status,Purchases.GoodsReceivedNotes.matchStatus
column,purchase.grn.bill_status,Purchases.GoodsReceivedNotes.billStatus
column,purchase.grn.received_qty,Purchases.GoodsReceivedNotes.receivedQty
column,purchase.grn.accepted_amount,Purchases.GoodsReceivedNotes.acceptedAmount
column,purchase.grn.rejected_amount,Purchases.GoodsReceivedNotes.rejectedAmount
column,purchase.grn.posted_at,Purchases.GoodsReceivedNotes.postedAt
column,purchase.grn.journal_entry_id,Purchases.GoodsReceivedNotes.journalEntryId
column,purchase.grn.cancelled_at,Purchases.GoodsReceivedNotes.cancelledAt
column,purchase.grn.cancel_reason,Purchases.GoodsReceivedNotes.cancelReason
column,purchase.grn.created_at,Purchases.GoodsReceivedNotes.createdAt
column,purchase.grn.created_by,Purchases.GoodsReceivedNotes.createdBy
column,purchase.grn.updated_at,Purchases.GoodsReceivedNotes.updatedAt
column,purchase.grn.updated_by,Purchases.GoodsReceivedNotes.updatedBy
column,purchase.grn.row_version,Purchases.GoodsReceivedNotes.rowVersion
table,purchase.grn_line,Purchases.GoodsReceivedNoteLines
column,purchase.grn_line.tenant_id,Purchases.GoodsReceivedNoteLines.tenantId
column,purchase.grn_line.grn_id,Purchases.GoodsReceivedNoteLines.grnId
column,purchase.grn_line.line_no,Purchases.GoodsReceivedNoteLines.lineNo
column,purchase.grn_line.purchase_order_line_id,Purchases.GoodsReceivedNoteLines.purchaseOrderLineId
column,purchase.grn_line.item_id,Purchases.GoodsReceivedNoteLines.itemId
column,purchase.grn_line.ordered_qty,Purchases.GoodsReceivedNoteLines.orderedQty
column,purchase.grn_line.prev_received_qty,Purchases.GoodsReceivedNoteLines.prevReceivedQty
column,purchase.grn_line.received_qty,Purchases.GoodsReceivedNoteLines.receivedQty
column,purchase.grn_line.accepted_qty,Purchases.GoodsReceivedNoteLines.acceptedQty
column,purchase.grn_line.rejected_qty,Purchases.GoodsReceivedNoteLines.rejectedQty
column,purchase.grn_line.reject_reason,Purchases.GoodsReceivedNoteLines.rejectReason
column,purchase.grn_line.batch_id,Purchases.GoodsReceivedNoteLines.batchId
column,purchase.grn_line.batch_no,Purchases.GoodsReceivedNoteLines.batchNo
column,purchase.grn_line.expiry_date,Purchases.GoodsReceivedNoteLines.expiryDate
column,purchase.grn_line.unit_cost,Purchases.GoodsReceivedNoteLines.unitCost
column,purchase.grn_line.accepted_amount,Purchases.GoodsReceivedNoteLines.acceptedAmount
column,purchase.grn_line.rejected_amount,Purchases.GoodsReceivedNoteLines.rejectedAmount
column,purchase.grn_line.billed_qty,Purchases.GoodsReceivedNoteLines.billedQty
column,purchase.grn_line.created_at,Purchases.GoodsReceivedNoteLines.createdAt
column,purchase.grn_line.created_by,Purchases.GoodsReceivedNoteLines.createdBy
column,purchase.grn_line.updated_at,Purchases.GoodsReceivedNoteLines.updatedAt
column,purchase.grn_line.updated_by,Purchases.GoodsReceivedNoteLines.updatedBy
column,purchase.grn_line.row_version,Purchases.GoodsReceivedNoteLines.rowVersion
table,purchase.payment_allocation,Purchases.VendorPaymentAllocations
column,purchase.payment_allocation.tenant_id,Purchases.VendorPaymentAllocations.tenantId
column,purchase.payment_allocation.vendor_payment_id,Purchases.VendorPaymentAllocations.vendorPaymentId
column,purchase.payment_allocation.debit_note_id,Purchases.VendorPaymentAllocations.debitNoteId
column,purchase.payment_allocation.bill_id,Purchases.VendorPaymentAllocations.billId
column,purchase.payment_allocation.allocation_date,Purchases.VendorPaymentAllocations.allocationDate
column,purchase.payment_allocation.wht_amount,Purchases.VendorPaymentAllocations.whtAmount
column,purchase.payment_allocation.is_reversed,Purchases.VendorPaymentAllocations.isReversed
column,purchase.payment_allocation.reversed_at,Purchases.VendorPaymentAllocations.reversedAt
column,purchase.payment_allocation.created_at,Purchases.VendorPaymentAllocations.createdAt
column,purchase.payment_allocation.created_by,Purchases.VendorPaymentAllocations.createdBy
column,purchase.payment_allocation.updated_at,Purchases.VendorPaymentAllocations.updatedAt
column,purchase.payment_allocation.updated_by,Purchases.VendorPaymentAllocations.updatedBy
column,purchase.payment_allocation.row_version,Purchases.VendorPaymentAllocations.rowVersion
table,purchase.purchase_order,Purchases.PurchaseOrders
column,purchase.purchase_order.tenant_id,Purchases.PurchaseOrders.tenantId
column,purchase.purchase_order.doc_no,Purchases.PurchaseOrders.docNo
column,purchase.purchase_order.doc_date,Purchases.PurchaseOrders.docDate
column,purchase.purchase_order.vendor_id,Purchases.PurchaseOrders.vendorId
column,purchase.purchase_order.branch_id,Purchases.PurchaseOrders.branchId
column,purchase.purchase_order.warehouse_id,Purchases.PurchaseOrders.warehouseId
column,purchase.purchase_order.expected_date,Purchases.PurchaseOrders.expectedDate
column,purchase.purchase_order.payment_terms,Purchases.PurchaseOrders.paymentTerms
column,purchase.purchase_order.credit_days,Purchases.PurchaseOrders.creditDays
column,purchase.purchase_order.cost_centre_id,Purchases.PurchaseOrders.costCentreId
column,purchase.purchase_order.buyer_user_id,Purchases.PurchaseOrders.buyerUserId
column,purchase.purchase_order.currency_code,Purchases.PurchaseOrders.currencyCode
column,purchase.purchase_order.fx_rate,Purchases.PurchaseOrders.fxRate
column,purchase.purchase_order.gross_amount,Purchases.PurchaseOrders.grossAmount
column,purchase.purchase_order.discount_amount,Purchases.PurchaseOrders.discountAmount
column,purchase.purchase_order.net_amount,Purchases.PurchaseOrders.netAmount
column,purchase.purchase_order.tax_amount,Purchases.PurchaseOrders.taxAmount
column,purchase.purchase_order.total_amount,Purchases.PurchaseOrders.totalAmount
column,purchase.purchase_order.submitted_at,Purchases.PurchaseOrders.submittedAt
column,purchase.purchase_order.approved_by_user_id,Purchases.PurchaseOrders.approvedByUserId
column,purchase.purchase_order.approved_at,Purchases.PurchaseOrders.approvedAt
column,purchase.purchase_order.sent_to_vendor_at,Purchases.PurchaseOrders.sentToVendorAt
column,purchase.purchase_order.cancelled_at,Purchases.PurchaseOrders.cancelledAt
column,purchase.purchase_order.cancel_reason,Purchases.PurchaseOrders.cancelReason
column,purchase.purchase_order.created_at,Purchases.PurchaseOrders.createdAt
column,purchase.purchase_order.created_by,Purchases.PurchaseOrders.createdBy
column,purchase.purchase_order.updated_at,Purchases.PurchaseOrders.updatedAt
column,purchase.purchase_order.updated_by,Purchases.PurchaseOrders.updatedBy
column,purchase.purchase_order.row_version,Purchases.PurchaseOrders.rowVersion
table,purchase.purchase_order_line,Purchases.PurchaseOrderLines
column,purchase.purchase_order_line.tenant_id,Purchases.PurchaseOrderLines.tenantId
column,purchase.purchase_order_line.purchase_order_id,Purchases.PurchaseOrderLines.purchaseOrderId
column,purchase.purchase_order_line.line_no,Purchases.PurchaseOrderLines.lineNo
column,purchase.purchase_order_line.item_id,Purchases.PurchaseOrderLines.itemId
column,purchase.purchase_order_line.account_id,Purchases.PurchaseOrderLines.accountId
column,purchase.purchase_order_line.qty_ctn,Purchases.PurchaseOrderLines.qtyCtn
column,purchase.purchase_order_line.qty_loose,Purchases.PurchaseOrderLines.qtyLoose
column,purchase.purchase_order_line.base_qty,Purchases.PurchaseOrderLines.baseQty
column,purchase.purchase_order_line.bonus_qty,Purchases.PurchaseOrderLines.bonusQty
column,purchase.purchase_order_line.discount_pct,Purchases.PurchaseOrderLines.discountPct
column,purchase.purchase_order_line.gross_amount,Purchases.PurchaseOrderLines.grossAmount
column,purchase.purchase_order_line.discount_amount,Purchases.PurchaseOrderLines.discountAmount
column,purchase.purchase_order_line.net_amount,Purchases.PurchaseOrderLines.netAmount
column,purchase.purchase_order_line.tax_code_id,Purchases.PurchaseOrderLines.taxCodeId
column,purchase.purchase_order_line.tax_rate,Purchases.PurchaseOrderLines.taxRate
column,purchase.purchase_order_line.tax_amount,Purchases.PurchaseOrderLines.taxAmount
column,purchase.purchase_order_line.total_amount,Purchases.PurchaseOrderLines.totalAmount
column,purchase.purchase_order_line.received_qty,Purchases.PurchaseOrderLines.receivedQty
column,purchase.purchase_order_line.billed_qty,Purchases.PurchaseOrderLines.billedQty
column,purchase.purchase_order_line.cost_centre_id,Purchases.PurchaseOrderLines.costCentreId
column,purchase.purchase_order_line.created_at,Purchases.PurchaseOrderLines.createdAt
column,purchase.purchase_order_line.created_by,Purchases.PurchaseOrderLines.createdBy
column,purchase.purchase_order_line.updated_at,Purchases.PurchaseOrderLines.updatedAt
column,purchase.purchase_order_line.updated_by,Purchases.PurchaseOrderLines.updatedBy
column,purchase.purchase_order_line.row_version,Purchases.PurchaseOrderLines.rowVersion
table,purchase.vendor,Purchases.Vendors
column,purchase.vendor.tenant_id,Purchases.Vendors.tenantId
column,purchase.vendor.legal_name,Purchases.Vendors.legalName
column,purchase.vendor.category_id,Purchases.Vendors.categoryId
column,purchase.vendor.atl_status,Purchases.Vendors.atlStatus
column,purchase.vendor.atl_verified_at,Purchases.Vendors.atlVerifiedAt
column,purchase.vendor.default_wht_section,Purchases.Vendors.defaultWhtSection
column,purchase.vendor.default_account_id,Purchases.Vendors.defaultAccountId
column,purchase.vendor.payable_account_id,Purchases.Vendors.payableAccountId
column,purchase.vendor.payment_terms,Purchases.Vendors.paymentTerms
column,purchase.vendor.credit_days,Purchases.Vendors.creditDays
column,purchase.vendor.currency_code,Purchases.Vendors.currencyCode
column,purchase.vendor.bank_name,Purchases.Vendors.bankName
column,purchase.vendor.vendor_since,Purchases.Vendors.vendorSince
column,purchase.vendor.created_at,Purchases.Vendors.createdAt
column,purchase.vendor.created_by,Purchases.Vendors.createdBy
column,purchase.vendor.updated_at,Purchases.Vendors.updatedAt
column,purchase.vendor.updated_by,Purchases.Vendors.updatedBy
column,purchase.vendor.row_version,Purchases.Vendors.rowVersion
column,purchase.vendor.deleted_at,Purchases.Vendors.deletedAt
table,purchase.vendor_category,Purchases.VendorCategories
column,purchase.vendor_category.tenant_id,Purchases.VendorCategories.tenantId
column,purchase.vendor_category.sort_order,Purchases.VendorCategories.sortOrder
column,purchase.vendor_category.is_active,Purchases.VendorCategories.isActive
column,purchase.vendor_category.created_at,Purchases.VendorCategories.createdAt
column,purchase.vendor_category.created_by,Purchases.VendorCategories.createdBy
column,purchase.vendor_category.updated_at,Purchases.VendorCategories.updatedAt
column,purchase.vendor_category.updated_by,Purchases.VendorCategories.updatedBy
column,purchase.vendor_category.row_version,Purchases.VendorCategories.rowVersion
column,purchase.vendor_category.deleted_at,Purchases.VendorCategories.deletedAt
table,purchase.vendor_contact,Purchases.VendorContacts
column,purchase.vendor_contact.tenant_id,Purchases.VendorContacts.tenantId
column,purchase.vendor_contact.vendor_id,Purchases.VendorContacts.vendorId
column,purchase.vendor_contact.full_name,Purchases.VendorContacts.fullName
column,purchase.vendor_contact.is_primary,Purchases.VendorContacts.isPrimary
column,purchase.vendor_contact.created_at,Purchases.VendorContacts.createdAt
column,purchase.vendor_contact.created_by,Purchases.VendorContacts.createdBy
column,purchase.vendor_contact.updated_at,Purchases.VendorContacts.updatedAt
column,purchase.vendor_contact.updated_by,Purchases.VendorContacts.updatedBy
column,purchase.vendor_contact.row_version,Purchases.VendorContacts.rowVersion
column,purchase.vendor_contact.deleted_at,Purchases.VendorContacts.deletedAt
table,purchase.vendor_payment,Purchases.VendorPayments
column,purchase.vendor_payment.tenant_id,Purchases.VendorPayments.tenantId
column,purchase.vendor_payment.doc_no,Purchases.VendorPayments.docNo
column,purchase.vendor_payment.doc_date,Purchases.VendorPayments.docDate
column,purchase.vendor_payment.vendor_id,Purchases.VendorPayments.vendorId
column,purchase.vendor_payment.branch_id,Purchases.VendorPayments.branchId
column,purchase.vendor_payment.bank_account_id,Purchases.VendorPayments.bankAccountId
column,purchase.vendor_payment.cash_account_id,Purchases.VendorPayments.cashAccountId
column,purchase.vendor_payment.cheque_no,Purchases.VendorPayments.chequeNo
column,purchase.vendor_payment.cheque_id,Purchases.VendorPayments.chequeId
column,purchase.vendor_payment.is_crossed,Purchases.VendorPayments.isCrossed
column,purchase.vendor_payment.currency_code,Purchases.VendorPayments.currencyCode
column,purchase.vendor_payment.fx_rate,Purchases.VendorPayments.fxRate
column,purchase.vendor_payment.wht_treatment,Purchases.VendorPayments.whtTreatment
column,purchase.vendor_payment.wht_section,Purchases.VendorPayments.whtSection
column,purchase.vendor_payment.wht_rate,Purchases.VendorPayments.whtRate
column,purchase.vendor_payment.wht_amount,Purchases.VendorPayments.whtAmount
column,purchase.vendor_payment.bank_charges_amount,Purchases.VendorPayments.bankChargesAmount
column,purchase.vendor_payment.allocated_amount,Purchases.VendorPayments.allocatedAmount
column,purchase.vendor_payment.unallocated_amount,Purchases.VendorPayments.unallocatedAmount
column,purchase.vendor_payment.payment_run_ref,Purchases.VendorPayments.paymentRunRef
column,purchase.vendor_payment.approved_by_user_id,Purchases.VendorPayments.approvedByUserId
column,purchase.vendor_payment.approved_at,Purchases.VendorPayments.approvedAt
column,purchase.vendor_payment.posted_at,Purchases.VendorPayments.postedAt
column,purchase.vendor_payment.cleared_on,Purchases.VendorPayments.clearedOn
column,purchase.vendor_payment.journal_entry_id,Purchases.VendorPayments.journalEntryId
column,purchase.vendor_payment.voided_at,Purchases.VendorPayments.voidedAt
column,purchase.vendor_payment.void_reason,Purchases.VendorPayments.voidReason
column,purchase.vendor_payment.created_at,Purchases.VendorPayments.createdAt
column,purchase.vendor_payment.created_by,Purchases.VendorPayments.createdBy
column,purchase.vendor_payment.updated_at,Purchases.VendorPayments.updatedAt
column,purchase.vendor_payment.updated_by,Purchases.VendorPayments.updatedBy
column,purchase.vendor_payment.row_version,Purchases.VendorPayments.rowVersion
table,sales.credit_note,Sales.CreditNotes
column,sales.credit_note.tenant_id,Sales.CreditNotes.tenantId
column,sales.credit_note.doc_no,Sales.CreditNotes.docNo
column,sales.credit_note.doc_date,Sales.CreditNotes.docDate
column,sales.credit_note.customer_id,Sales.CreditNotes.customerId
column,sales.credit_note.invoice_id,Sales.CreditNotes.invoiceId
column,sales.credit_note.branch_id,Sales.CreditNotes.branchId
column,sales.credit_note.reason_note,Sales.CreditNotes.reasonNote
column,sales.credit_note.return_warehouse_id,Sales.CreditNotes.returnWarehouseId
column,sales.credit_note.currency_code,Sales.CreditNotes.currencyCode
column,sales.credit_note.fx_rate,Sales.CreditNotes.fxRate
column,sales.credit_note.value_amount,Sales.CreditNotes.valueAmount
column,sales.credit_note.tax_amount,Sales.CreditNotes.taxAmount
column,sales.credit_note.further_tax_amount,Sales.CreditNotes.furtherTaxAmount
column,sales.credit_note.total_amount,Sales.CreditNotes.totalAmount
column,sales.credit_note.applied_amount,Sales.CreditNotes.appliedAmount
column,sales.credit_note.refunded_amount,Sales.CreditNotes.refundedAmount
column,sales.credit_note.balance_amount,Sales.CreditNotes.balanceAmount
column,sales.credit_note.cost_amount,Sales.CreditNotes.costAmount
column,sales.credit_note.submitted_at,Sales.CreditNotes.submittedAt
column,sales.credit_note.approved_by_user_id,Sales.CreditNotes.approvedByUserId
column,sales.credit_note.approved_at,Sales.CreditNotes.approvedAt
column,sales.credit_note.posted_at,Sales.CreditNotes.postedAt
column,sales.credit_note.journal_entry_id,Sales.CreditNotes.journalEntryId
column,sales.credit_note.refund_reference,Sales.CreditNotes.refundReference
column,sales.credit_note.cancelled_at,Sales.CreditNotes.cancelledAt
column,sales.credit_note.cancel_reason,Sales.CreditNotes.cancelReason
column,sales.credit_note.created_at,Sales.CreditNotes.createdAt
column,sales.credit_note.created_by,Sales.CreditNotes.createdBy
column,sales.credit_note.updated_at,Sales.CreditNotes.updatedAt
column,sales.credit_note.updated_by,Sales.CreditNotes.updatedBy
column,sales.credit_note.row_version,Sales.CreditNotes.rowVersion
table,sales.credit_note_line,Sales.CreditNoteLines
column,sales.credit_note_line.tenant_id,Sales.CreditNoteLines.tenantId
column,sales.credit_note_line.credit_note_id,Sales.CreditNoteLines.creditNoteId
column,sales.credit_note_line.line_no,Sales.CreditNoteLines.lineNo
column,sales.credit_note_line.invoice_line_id,Sales.CreditNoteLines.invoiceLineId
column,sales.credit_note_line.item_id,Sales.CreditNoteLines.itemId
column,sales.credit_note_line.batch_id,Sales.CreditNoteLines.batchId
column,sales.credit_note_line.invoiced_qty,Sales.CreditNoteLines.invoicedQty
column,sales.credit_note_line.qty_ctn,Sales.CreditNoteLines.qtyCtn
column,sales.credit_note_line.qty_loose,Sales.CreditNoteLines.qtyLoose
column,sales.credit_note_line.ctn_factor,Sales.CreditNoteLines.ctnFactor
column,sales.credit_note_line.base_qty,Sales.CreditNoteLines.baseQty
column,sales.credit_note_line.value_amount,Sales.CreditNoteLines.valueAmount
column,sales.credit_note_line.tax_code_id,Sales.CreditNoteLines.taxCodeId
column,sales.credit_note_line.tax_rate,Sales.CreditNoteLines.taxRate
column,sales.credit_note_line.tax_amount,Sales.CreditNoteLines.taxAmount
column,sales.credit_note_line.further_tax_amount,Sales.CreditNoteLines.furtherTaxAmount
column,sales.credit_note_line.total_amount,Sales.CreditNoteLines.totalAmount
column,sales.credit_note_line.unit_cost,Sales.CreditNoteLines.unitCost
column,sales.credit_note_line.cost_amount,Sales.CreditNoteLines.costAmount
column,sales.credit_note_line.created_at,Sales.CreditNoteLines.createdAt
column,sales.credit_note_line.created_by,Sales.CreditNoteLines.createdBy
column,sales.credit_note_line.updated_at,Sales.CreditNoteLines.updatedAt
column,sales.credit_note_line.updated_by,Sales.CreditNoteLines.updatedBy
column,sales.credit_note_line.row_version,Sales.CreditNoteLines.rowVersion
table,sales.customer,Sales.Customers
column,sales.customer.tenant_id,Sales.Customers.tenantId
column,sales.customer.display_name,Sales.Customers.displayName
column,sales.customer.customer_type,Sales.Customers.customerType
column,sales.customer.customer_group_id,Sales.Customers.customerGroupId
column,sales.customer.sales_rep_user_id,Sales.Customers.salesRepUserId
column,sales.customer.branch_id,Sales.Customers.branchId
column,sales.customer.customer_since,Sales.Customers.customerSince
column,sales.customer.atl_status,Sales.Customers.atlStatus
column,sales.customer.is_sales_tax_registered,Sales.Customers.isSalesTaxRegistered
column,sales.customer.apply_further_tax,Sales.Customers.applyFurtherTax
column,sales.customer.deducts_wht,Sales.Customers.deductsWht
column,sales.customer.wht_section,Sales.Customers.whtSection
column,sales.customer.wht_rate,Sales.Customers.whtRate
column,sales.customer.is_gst_exempt,Sales.Customers.isGstExempt
column,sales.customer.contact_person,Sales.Customers.contactPerson
column,sales.customer.billing_address,Sales.Customers.billingAddress
column,sales.customer.shipping_same_as_billing,Sales.Customers.shippingSameAsBilling
column,sales.customer.shipping_address,Sales.Customers.shippingAddress
column,sales.customer.credit_limit,Sales.Customers.creditLimit
column,sales.customer.payment_terms,Sales.Customers.paymentTerms
column,sales.customer.credit_days,Sales.Customers.creditDays
column,sales.customer.receivable_account_id,Sales.Customers.receivableAccountId
column,sales.customer.price_list_id,Sales.Customers.priceListId
column,sales.customer.opening_balance,Sales.Customers.openingBalance
column,sales.customer.opening_balance_as_of,Sales.Customers.openingBalanceAsOf
column,sales.customer.block_over_limit,Sales.Customers.blockOverLimit
column,sales.customer.auto_reminders,Sales.Customers.autoReminders
column,sales.customer.guarantor_name,Sales.Customers.guarantorName
column,sales.customer.guarantor_father_name,Sales.Customers.guarantorFatherName
column,sales.customer.guarantor_cnic,Sales.Customers.guarantorCnic
column,sales.customer.guarantor_phone,Sales.Customers.guarantorPhone
column,sales.customer.guarantor_address,Sales.Customers.guarantorAddress
column,sales.customer.hold_reason,Sales.Customers.holdReason
column,sales.customer.on_hold_since,Sales.Customers.onHoldSince
column,sales.customer.created_at,Sales.Customers.createdAt
column,sales.customer.created_by,Sales.Customers.createdBy
column,sales.customer.updated_at,Sales.Customers.updatedAt
column,sales.customer.updated_by,Sales.Customers.updatedBy
column,sales.customer.row_version,Sales.Customers.rowVersion
column,sales.customer.deleted_at,Sales.Customers.deletedAt
table,sales.customer_contact,Sales.CustomerContacts
column,sales.customer_contact.tenant_id,Sales.CustomerContacts.tenantId
column,sales.customer_contact.customer_id,Sales.CustomerContacts.customerId
column,sales.customer_contact.full_name,Sales.CustomerContacts.fullName
column,sales.customer_contact.is_primary,Sales.CustomerContacts.isPrimary
column,sales.customer_contact.receives_invoices,Sales.CustomerContacts.receivesInvoices
column,sales.customer_contact.created_at,Sales.CustomerContacts.createdAt
column,sales.customer_contact.created_by,Sales.CustomerContacts.createdBy
column,sales.customer_contact.updated_at,Sales.CustomerContacts.updatedAt
column,sales.customer_contact.updated_by,Sales.CustomerContacts.updatedBy
column,sales.customer_contact.row_version,Sales.CustomerContacts.rowVersion
column,sales.customer_contact.deleted_at,Sales.CustomerContacts.deletedAt
table,sales.customer_group,Sales.CustomerGroups
column,sales.customer_group.tenant_id,Sales.CustomerGroups.tenantId
column,sales.customer_group.price_list_id,Sales.CustomerGroups.priceListId
column,sales.customer_group.is_active,Sales.CustomerGroups.isActive
column,sales.customer_group.created_at,Sales.CustomerGroups.createdAt
column,sales.customer_group.created_by,Sales.CustomerGroups.createdBy
column,sales.customer_group.updated_at,Sales.CustomerGroups.updatedAt
column,sales.customer_group.updated_by,Sales.CustomerGroups.updatedBy
column,sales.customer_group.row_version,Sales.CustomerGroups.rowVersion
column,sales.customer_group.deleted_at,Sales.CustomerGroups.deletedAt
table,sales.customer_note,Sales.CustomerNotes
column,sales.customer_note.tenant_id,Sales.CustomerNotes.tenantId
column,sales.customer_note.customer_id,Sales.CustomerNotes.customerId
column,sales.customer_note.author_user_id,Sales.CustomerNotes.authorUserId
column,sales.customer_note.created_at,Sales.CustomerNotes.createdAt
column,sales.customer_note.created_by,Sales.CustomerNotes.createdBy
column,sales.customer_note.updated_at,Sales.CustomerNotes.updatedAt
column,sales.customer_note.updated_by,Sales.CustomerNotes.updatedBy
column,sales.customer_note.row_version,Sales.CustomerNotes.rowVersion
table,sales.invoice,Sales.SalesInvoices
column,sales.invoice.tenant_id,Sales.SalesInvoices.tenantId
column,sales.invoice.doc_no,Sales.SalesInvoices.docNo
column,sales.invoice.tax_invoice_no,Sales.SalesInvoices.taxInvoiceNo
column,sales.invoice.doc_date,Sales.SalesInvoices.docDate
column,sales.invoice.customer_id,Sales.SalesInvoices.customerId
column,sales.invoice.branch_id,Sales.SalesInvoices.branchId
column,sales.invoice.warehouse_id,Sales.SalesInvoices.warehouseId
column,sales.invoice.sales_order_id,Sales.SalesInvoices.salesOrderId
column,sales.invoice.quotation_id,Sales.SalesInvoices.quotationId
column,sales.invoice.customer_po_no,Sales.SalesInvoices.customerPoNo
column,sales.invoice.customer_po_date,Sales.SalesInvoices.customerPoDate
column,sales.invoice.sales_rep_user_id,Sales.SalesInvoices.salesRepUserId
column,sales.invoice.price_list_id,Sales.SalesInvoices.priceListId
column,sales.invoice.payment_terms,Sales.SalesInvoices.paymentTerms
column,sales.invoice.due_date,Sales.SalesInvoices.dueDate
column,sales.invoice.buyer_name,Sales.SalesInvoices.buyerName
column,sales.invoice.buyer_address,Sales.SalesInvoices.buyerAddress
column,sales.invoice.buyer_ntn,Sales.SalesInvoices.buyerNtn
column,sales.invoice.buyer_strn,Sales.SalesInvoices.buyerStrn
column,sales.invoice.buyer_cnic,Sales.SalesInvoices.buyerCnic
column,sales.invoice.buyer_area,Sales.SalesInvoices.buyerArea
column,sales.invoice.buyer_city,Sales.SalesInvoices.buyerCity
column,sales.invoice.ship_to_address,Sales.SalesInvoices.shipToAddress
column,sales.invoice.contact_name,Sales.SalesInvoices.contactName
column,sales.invoice.contact_phone,Sales.SalesInvoices.contactPhone
column,sales.invoice.contact_email,Sales.SalesInvoices.contactEmail
column,sales.invoice.sale_type,Sales.SalesInvoices.saleType
column,sales.invoice.bill_book_no,Sales.SalesInvoices.billBookNo
column,sales.invoice.booker_name,Sales.SalesInvoices.bookerName
column,sales.invoice.deliveryman_name,Sales.SalesInvoices.deliverymanName
column,sales.invoice.salesman_name,Sales.SalesInvoices.salesmanName
column,sales.invoice.supervisor_name,Sales.SalesInvoices.supervisorName
column,sales.invoice.delivery_slot,Sales.SalesInvoices.deliverySlot
column,sales.invoice.currency_code,Sales.SalesInvoices.currencyCode
column,sales.invoice.fx_rate,Sales.SalesInvoices.fxRate
column,sales.invoice.gross_amount,Sales.SalesInvoices.grossAmount
column,sales.invoice.discount_amount,Sales.SalesInvoices.discountAmount
column,sales.invoice.taxable_amount,Sales.SalesInvoices.taxableAmount
column,sales.invoice.tax_amount,Sales.SalesInvoices.taxAmount
column,sales.invoice.further_tax_amount,Sales.SalesInvoices.furtherTaxAmount
column,sales.invoice.advance_tax_rate,Sales.SalesInvoices.advanceTaxRate
column,sales.invoice.advance_tax_amount,Sales.SalesInvoices.advanceTaxAmount
column,sales.invoice.fbr_service_fee,Sales.SalesInvoices.fbrServiceFee
column,sales.invoice.net_amount,Sales.SalesInvoices.netAmount
column,sales.invoice.expected_wht_amount,Sales.SalesInvoices.expectedWhtAmount
column,sales.invoice.paid_amount,Sales.SalesInvoices.paidAmount
column,sales.invoice.credit_applied_amount,Sales.SalesInvoices.creditAppliedAmount
column,sales.invoice.balance_amount,Sales.SalesInvoices.balanceAmount
column,sales.invoice.cost_amount,Sales.SalesInvoices.costAmount
column,sales.invoice.cash_tendered,Sales.SalesInvoices.cashTendered
column,sales.invoice.is_held,Sales.SalesInvoices.isHeld
column,sales.invoice.held_at,Sales.SalesInvoices.heldAt
column,sales.invoice.email_pdf,Sales.SalesInvoices.emailPdf
column,sales.invoice.submit_to_fbr,Sales.SalesInvoices.submitToFbr
column,sales.invoice.send_whatsapp_link,Sales.SalesInvoices.sendWhatsappLink
column,sales.invoice.auto_reminder,Sales.SalesInvoices.autoReminder
column,sales.invoice.customer_notes,Sales.SalesInvoices.customerNotes
column,sales.invoice.terms_conditions,Sales.SalesInvoices.termsConditions
column,sales.invoice.posted_at,Sales.SalesInvoices.postedAt
column,sales.invoice.posted_by_user_id,Sales.SalesInvoices.postedByUserId
column,sales.invoice.journal_entry_id,Sales.SalesInvoices.journalEntryId
column,sales.invoice.sent_at,Sales.SalesInvoices.sentAt
column,sales.invoice.viewed_at,Sales.SalesInvoices.viewedAt
column,sales.invoice.fbr_status,Sales.SalesInvoices.fbrStatus
column,sales.invoice.fbr_invoice_no,Sales.SalesInvoices.fbrInvoiceNo
column,sales.invoice.fbr_submitted_at,Sales.SalesInvoices.fbrSubmittedAt
column,sales.invoice.fbr_error,Sales.SalesInvoices.fbrError
column,sales.invoice.void_reason,Sales.SalesInvoices.voidReason
column,sales.invoice.voided_at,Sales.SalesInvoices.voidedAt
column,sales.invoice.voided_by_user_id,Sales.SalesInvoices.voidedByUserId
column,sales.invoice.reversal_journal_entry_id,Sales.SalesInvoices.reversalJournalEntryId
column,sales.invoice.created_at,Sales.SalesInvoices.createdAt
column,sales.invoice.created_by,Sales.SalesInvoices.createdBy
column,sales.invoice.updated_at,Sales.SalesInvoices.updatedAt
column,sales.invoice.updated_by,Sales.SalesInvoices.updatedBy
column,sales.invoice.row_version,Sales.SalesInvoices.rowVersion
table,sales.invoice_line,Sales.SalesInvoiceLines
column,sales.invoice_line.tenant_id,Sales.SalesInvoiceLines.tenantId
column,sales.invoice_line.invoice_id,Sales.SalesInvoiceLines.invoiceId
column,sales.invoice_line.line_no,Sales.SalesInvoiceLines.lineNo
column,sales.invoice_line.sales_order_line_id,Sales.SalesInvoiceLines.salesOrderLineId
column,sales.invoice_line.item_id,Sales.SalesInvoiceLines.itemId
column,sales.invoice_line.hs_code,Sales.SalesInvoiceLines.hsCode
column,sales.invoice_line.pack_label,Sales.SalesInvoiceLines.packLabel
column,sales.invoice_line.batch_id,Sales.SalesInvoiceLines.batchId
column,sales.invoice_line.expiry_date,Sales.SalesInvoiceLines.expiryDate
column,sales.invoice_line.qty_ctn,Sales.SalesInvoiceLines.qtyCtn
column,sales.invoice_line.qty_loose,Sales.SalesInvoiceLines.qtyLoose
column,sales.invoice_line.ctn_factor,Sales.SalesInvoiceLines.ctnFactor
column,sales.invoice_line.base_qty,Sales.SalesInvoiceLines.baseQty
column,sales.invoice_line.bonus_qty,Sales.SalesInvoiceLines.bonusQty
column,sales.invoice_line.gross_amount,Sales.SalesInvoiceLines.grossAmount
column,sales.invoice_line.discount_pct,Sales.SalesInvoiceLines.discountPct
column,sales.invoice_line.discount_amount,Sales.SalesInvoiceLines.discountAmount
column,sales.invoice_line.taxable_amount,Sales.SalesInvoiceLines.taxableAmount
column,sales.invoice_line.tax_code_id,Sales.SalesInvoiceLines.taxCodeId
column,sales.invoice_line.tax_rate,Sales.SalesInvoiceLines.taxRate
column,sales.invoice_line.tax_amount,Sales.SalesInvoiceLines.taxAmount
column,sales.invoice_line.further_tax_rate,Sales.SalesInvoiceLines.furtherTaxRate
column,sales.invoice_line.further_tax_amount,Sales.SalesInvoiceLines.furtherTaxAmount
column,sales.invoice_line.total_amount,Sales.SalesInvoiceLines.totalAmount
column,sales.invoice_line.revenue_account_id,Sales.SalesInvoiceLines.revenueAccountId
column,sales.invoice_line.unit_cost,Sales.SalesInvoiceLines.unitCost
column,sales.invoice_line.cost_amount,Sales.SalesInvoiceLines.costAmount
column,sales.invoice_line.created_at,Sales.SalesInvoiceLines.createdAt
column,sales.invoice_line.created_by,Sales.SalesInvoiceLines.createdBy
column,sales.invoice_line.updated_at,Sales.SalesInvoiceLines.updatedAt
column,sales.invoice_line.updated_by,Sales.SalesInvoiceLines.updatedBy
column,sales.invoice_line.row_version,Sales.SalesInvoiceLines.rowVersion
table,sales.price_list,Sales.PriceLists
column,sales.price_list.tenant_id,Sales.PriceLists.tenantId
column,sales.price_list.markup_pct,Sales.PriceLists.markupPct
column,sales.price_list.rounding_to,Sales.PriceLists.roundingTo
column,sales.price_list.is_default,Sales.PriceLists.isDefault
column,sales.price_list.currency_code,Sales.PriceLists.currencyCode
column,sales.price_list.valid_from,Sales.PriceLists.validFrom
column,sales.price_list.valid_to,Sales.PriceLists.validTo
column,sales.price_list.created_at,Sales.PriceLists.createdAt
column,sales.price_list.created_by,Sales.PriceLists.createdBy
column,sales.price_list.updated_at,Sales.PriceLists.updatedAt
column,sales.price_list.updated_by,Sales.PriceLists.updatedBy
column,sales.price_list.row_version,Sales.PriceLists.rowVersion
column,sales.price_list.deleted_at,Sales.PriceLists.deletedAt
table,sales.price_list_item,Sales.PriceListItems
column,sales.price_list_item.tenant_id,Sales.PriceListItems.tenantId
column,sales.price_list_item.price_list_id,Sales.PriceListItems.priceListId
column,sales.price_list_item.item_id,Sales.PriceListItems.itemId
column,sales.price_list_item.effective_from,Sales.PriceListItems.effectiveFrom
column,sales.price_list_item.created_at,Sales.PriceListItems.createdAt
column,sales.price_list_item.created_by,Sales.PriceListItems.createdBy
column,sales.price_list_item.updated_at,Sales.PriceListItems.updatedAt
column,sales.price_list_item.updated_by,Sales.PriceListItems.updatedBy
column,sales.price_list_item.row_version,Sales.PriceListItems.rowVersion
table,sales.quotation,Sales.Quotations
column,sales.quotation.tenant_id,Sales.Quotations.tenantId
column,sales.quotation.doc_no,Sales.Quotations.docNo
column,sales.quotation.doc_date,Sales.Quotations.docDate
column,sales.quotation.valid_till,Sales.Quotations.validTill
column,sales.quotation.customer_id,Sales.Quotations.customerId
column,sales.quotation.sales_rep_user_id,Sales.Quotations.salesRepUserId
column,sales.quotation.branch_id,Sales.Quotations.branchId
column,sales.quotation.price_list_id,Sales.Quotations.priceListId
column,sales.quotation.revision_of_id,Sales.Quotations.revisionOfId
column,sales.quotation.currency_code,Sales.Quotations.currencyCode
column,sales.quotation.fx_rate,Sales.Quotations.fxRate
column,sales.quotation.gross_amount,Sales.Quotations.grossAmount
column,sales.quotation.discount_amount,Sales.Quotations.discountAmount
column,sales.quotation.tax_amount,Sales.Quotations.taxAmount
column,sales.quotation.net_amount,Sales.Quotations.netAmount
column,sales.quotation.sent_at,Sales.Quotations.sentAt
column,sales.quotation.accepted_at,Sales.Quotations.acceptedAt
column,sales.quotation.created_at,Sales.Quotations.createdAt
column,sales.quotation.created_by,Sales.Quotations.createdBy
column,sales.quotation.updated_at,Sales.Quotations.updatedAt
column,sales.quotation.updated_by,Sales.Quotations.updatedBy
column,sales.quotation.row_version,Sales.Quotations.rowVersion
table,sales.quotation_line,Sales.QuotationLines
column,sales.quotation_line.tenant_id,Sales.QuotationLines.tenantId
column,sales.quotation_line.quotation_id,Sales.QuotationLines.quotationId
column,sales.quotation_line.line_no,Sales.QuotationLines.lineNo
column,sales.quotation_line.item_id,Sales.QuotationLines.itemId
column,sales.quotation_line.qty_ctn,Sales.QuotationLines.qtyCtn
column,sales.quotation_line.qty_loose,Sales.QuotationLines.qtyLoose
column,sales.quotation_line.ctn_factor,Sales.QuotationLines.ctnFactor
column,sales.quotation_line.base_qty,Sales.QuotationLines.baseQty
column,sales.quotation_line.gross_amount,Sales.QuotationLines.grossAmount
column,sales.quotation_line.discount_pct,Sales.QuotationLines.discountPct
column,sales.quotation_line.discount_amount,Sales.QuotationLines.discountAmount
column,sales.quotation_line.taxable_amount,Sales.QuotationLines.taxableAmount
column,sales.quotation_line.tax_code_id,Sales.QuotationLines.taxCodeId
column,sales.quotation_line.tax_rate,Sales.QuotationLines.taxRate
column,sales.quotation_line.tax_amount,Sales.QuotationLines.taxAmount
column,sales.quotation_line.total_amount,Sales.QuotationLines.totalAmount
column,sales.quotation_line.created_at,Sales.QuotationLines.createdAt
column,sales.quotation_line.created_by,Sales.QuotationLines.createdBy
column,sales.quotation_line.updated_at,Sales.QuotationLines.updatedAt
column,sales.quotation_line.updated_by,Sales.QuotationLines.updatedBy
column,sales.quotation_line.row_version,Sales.QuotationLines.rowVersion
table,sales.receipt,Sales.CustomerReceipts
column,sales.receipt.tenant_id,Sales.CustomerReceipts.tenantId
column,sales.receipt.doc_no,Sales.CustomerReceipts.docNo
column,sales.receipt.doc_date,Sales.CustomerReceipts.docDate
column,sales.receipt.customer_id,Sales.CustomerReceipts.customerId
column,sales.receipt.branch_id,Sales.CustomerReceipts.branchId
column,sales.receipt.bank_account_id,Sales.CustomerReceipts.bankAccountId
column,sales.receipt.cash_account_id,Sales.CustomerReceipts.cashAccountId
column,sales.receipt.cheque_id,Sales.CustomerReceipts.chequeId
column,sales.receipt.currency_code,Sales.CustomerReceipts.currencyCode
column,sales.receipt.fx_rate,Sales.CustomerReceipts.fxRate
column,sales.receipt.amount_received,Sales.CustomerReceipts.amountReceived
column,sales.receipt.wht_amount,Sales.CustomerReceipts.whtAmount
column,sales.receipt.wht_section,Sales.CustomerReceipts.whtSection
column,sales.receipt.wht_certificate_status,Sales.CustomerReceipts.whtCertificateStatus
column,sales.receipt.wht_certificate_no,Sales.CustomerReceipts.whtCertificateNo
column,sales.receipt.wht_certificate_date,Sales.CustomerReceipts.whtCertificateDate
column,sales.receipt.bank_charges,Sales.CustomerReceipts.bankCharges
column,sales.receipt.settled_amount,Sales.CustomerReceipts.settledAmount
column,sales.receipt.allocated_amount,Sales.CustomerReceipts.allocatedAmount
column,sales.receipt.unallocated_amount,Sales.CustomerReceipts.unallocatedAmount
column,sales.receipt.sales_order_id,Sales.CustomerReceipts.salesOrderId
column,sales.receipt.email_receipt,Sales.CustomerReceipts.emailReceipt
column,sales.receipt.posted_at,Sales.CustomerReceipts.postedAt
column,sales.receipt.journal_entry_id,Sales.CustomerReceipts.journalEntryId
column,sales.receipt.bounced_at,Sales.CustomerReceipts.bouncedAt
column,sales.receipt.bounce_reason,Sales.CustomerReceipts.bounceReason
column,sales.receipt.bounce_journal_entry_id,Sales.CustomerReceipts.bounceJournalEntryId
column,sales.receipt.voided_at,Sales.CustomerReceipts.voidedAt
column,sales.receipt.void_reason,Sales.CustomerReceipts.voidReason
column,sales.receipt.created_at,Sales.CustomerReceipts.createdAt
column,sales.receipt.created_by,Sales.CustomerReceipts.createdBy
column,sales.receipt.updated_at,Sales.CustomerReceipts.updatedAt
column,sales.receipt.updated_by,Sales.CustomerReceipts.updatedBy
column,sales.receipt.row_version,Sales.CustomerReceipts.rowVersion
table,sales.receipt_allocation,Sales.CustomerReceiptAllocations
column,sales.receipt_allocation.tenant_id,Sales.CustomerReceiptAllocations.tenantId
column,sales.receipt_allocation.receipt_id,Sales.CustomerReceiptAllocations.receiptId
column,sales.receipt_allocation.customer_id,Sales.CustomerReceiptAllocations.customerId
column,sales.receipt_allocation.target_type,Sales.CustomerReceiptAllocations.targetType
column,sales.receipt_allocation.invoice_id,Sales.CustomerReceiptAllocations.invoiceId
column,sales.receipt_allocation.credit_note_id,Sales.CustomerReceiptAllocations.creditNoteId
column,sales.receipt_allocation.allocated_amount,Sales.CustomerReceiptAllocations.allocatedAmount
column,sales.receipt_allocation.allocation_date,Sales.CustomerReceiptAllocations.allocationDate
column,sales.receipt_allocation.is_auto_fifo,Sales.CustomerReceiptAllocations.isAutoFifo
column,sales.receipt_allocation.created_at,Sales.CustomerReceiptAllocations.createdAt
column,sales.receipt_allocation.created_by,Sales.CustomerReceiptAllocations.createdBy
column,sales.receipt_allocation.updated_at,Sales.CustomerReceiptAllocations.updatedAt
column,sales.receipt_allocation.updated_by,Sales.CustomerReceiptAllocations.updatedBy
column,sales.receipt_allocation.row_version,Sales.CustomerReceiptAllocations.rowVersion
table,sales.sales_order,Sales.SalesOrders
column,sales.sales_order.tenant_id,Sales.SalesOrders.tenantId
column,sales.sales_order.doc_no,Sales.SalesOrders.docNo
column,sales.sales_order.doc_date,Sales.SalesOrders.docDate
column,sales.sales_order.customer_id,Sales.SalesOrders.customerId
column,sales.sales_order.quotation_id,Sales.SalesOrders.quotationId
column,sales.sales_order.branch_id,Sales.SalesOrders.branchId
column,sales.sales_order.warehouse_id,Sales.SalesOrders.warehouseId
column,sales.sales_order.expected_delivery_date,Sales.SalesOrders.expectedDeliveryDate
column,sales.sales_order.customer_po_ref,Sales.SalesOrders.customerPoRef
column,sales.sales_order.customer_po_date,Sales.SalesOrders.customerPoDate
column,sales.sales_order.sales_rep_user_id,Sales.SalesOrders.salesRepUserId
column,sales.sales_order.price_list_id,Sales.SalesOrders.priceListId
column,sales.sales_order.payment_terms,Sales.SalesOrders.paymentTerms
column,sales.sales_order.reserve_stock,Sales.SalesOrders.reserveStock
column,sales.sales_order.email_confirmation,Sales.SalesOrders.emailConfirmation
column,sales.sales_order.currency_code,Sales.SalesOrders.currencyCode
column,sales.sales_order.fx_rate,Sales.SalesOrders.fxRate
column,sales.sales_order.gross_amount,Sales.SalesOrders.grossAmount
column,sales.sales_order.discount_amount,Sales.SalesOrders.discountAmount
column,sales.sales_order.tax_amount,Sales.SalesOrders.taxAmount
column,sales.sales_order.net_amount,Sales.SalesOrders.netAmount
column,sales.sales_order.hold_reason,Sales.SalesOrders.holdReason
column,sales.sales_order.confirmed_at,Sales.SalesOrders.confirmedAt
column,sales.sales_order.cancelled_at,Sales.SalesOrders.cancelledAt
column,sales.sales_order.cancel_reason,Sales.SalesOrders.cancelReason
column,sales.sales_order.created_at,Sales.SalesOrders.createdAt
column,sales.sales_order.created_by,Sales.SalesOrders.createdBy
column,sales.sales_order.updated_at,Sales.SalesOrders.updatedAt
column,sales.sales_order.updated_by,Sales.SalesOrders.updatedBy
column,sales.sales_order.row_version,Sales.SalesOrders.rowVersion
table,sales.sales_order_line,Sales.SalesOrderLines
column,sales.sales_order_line.tenant_id,Sales.SalesOrderLines.tenantId
column,sales.sales_order_line.sales_order_id,Sales.SalesOrderLines.salesOrderId
column,sales.sales_order_line.line_no,Sales.SalesOrderLines.lineNo
column,sales.sales_order_line.quotation_line_id,Sales.SalesOrderLines.quotationLineId
column,sales.sales_order_line.item_id,Sales.SalesOrderLines.itemId
column,sales.sales_order_line.qty_ctn,Sales.SalesOrderLines.qtyCtn
column,sales.sales_order_line.qty_loose,Sales.SalesOrderLines.qtyLoose
column,sales.sales_order_line.ctn_factor,Sales.SalesOrderLines.ctnFactor
column,sales.sales_order_line.base_qty,Sales.SalesOrderLines.baseQty
column,sales.sales_order_line.bonus_qty,Sales.SalesOrderLines.bonusQty
column,sales.sales_order_line.gross_amount,Sales.SalesOrderLines.grossAmount
column,sales.sales_order_line.discount_pct,Sales.SalesOrderLines.discountPct
column,sales.sales_order_line.discount_amount,Sales.SalesOrderLines.discountAmount
column,sales.sales_order_line.taxable_amount,Sales.SalesOrderLines.taxableAmount
column,sales.sales_order_line.tax_code_id,Sales.SalesOrderLines.taxCodeId
column,sales.sales_order_line.tax_rate,Sales.SalesOrderLines.taxRate
column,sales.sales_order_line.tax_amount,Sales.SalesOrderLines.taxAmount
column,sales.sales_order_line.total_amount,Sales.SalesOrderLines.totalAmount
column,sales.sales_order_line.delivered_qty,Sales.SalesOrderLines.deliveredQty
column,sales.sales_order_line.invoiced_qty,Sales.SalesOrderLines.invoicedQty
column,sales.sales_order_line.created_at,Sales.SalesOrderLines.createdAt
column,sales.sales_order_line.created_by,Sales.SalesOrderLines.createdBy
column,sales.sales_order_line.updated_at,Sales.SalesOrderLines.updatedAt
column,sales.sales_order_line.updated_by,Sales.SalesOrderLines.updatedBy
column,sales.sales_order_line.row_version,Sales.SalesOrderLines.rowVersion
table,tax.tax_code,Tax.TaxCodes
column,tax.tax_code.tenant_id,Tax.TaxCodes.tenantId
column,tax.tax_code.tax_type,Tax.TaxCodes.taxType
column,tax.tax_code.applies_to,Tax.TaxCodes.appliesTo
column,tax.tax_code.rate_basis,Tax.TaxCodes.rateBasis
column,tax.tax_code.sales_tax_kind,Tax.TaxCodes.salesTaxKind
column,tax.tax_code.wht_section,Tax.TaxCodes.whtSection
column,tax.tax_code.wht_nature,Tax.TaxCodes.whtNature
column,tax.tax_code.account_id,Tax.TaxCodes.accountId
column,tax.tax_code.input_account_id,Tax.TaxCodes.inputAccountId
column,tax.tax_code.fbr_reference,Tax.TaxCodes.fbrReference
column,tax.tax_code.calc_on_excl_sales_tax,Tax.TaxCodes.calcOnExclSalesTax
column,tax.tax_code.check_atl,Tax.TaxCodes.checkAtl
column,tax.tax_code.is_system,Tax.TaxCodes.isSystem
column,tax.tax_code.is_active,Tax.TaxCodes.isActive
column,tax.tax_code.created_at,Tax.TaxCodes.createdAt
column,tax.tax_code.created_by,Tax.TaxCodes.createdBy
column,tax.tax_code.updated_at,Tax.TaxCodes.updatedAt
column,tax.tax_code.updated_by,Tax.TaxCodes.updatedBy
column,tax.tax_code.row_version,Tax.TaxCodes.rowVersion
column,tax.tax_code.deleted_at,Tax.TaxCodes.deletedAt
table,tax.tax_code_rate,Tax.TaxCodeRates
column,tax.tax_code_rate.tenant_id,Tax.TaxCodeRates.tenantId
column,tax.tax_code_rate.tax_code_id,Tax.TaxCodeRates.taxCodeId
column,tax.tax_code_rate.effective_from,Tax.TaxCodeRates.effectiveFrom
column,tax.tax_code_rate.effective_to,Tax.TaxCodeRates.effectiveTo
column,tax.tax_code_rate.non_atl_rate,Tax.TaxCodeRates.nonAtlRate
column,tax.tax_code_rate.finance_act,Tax.TaxCodeRates.financeAct
column,tax.tax_code_rate.created_at,Tax.TaxCodeRates.createdAt
column,tax.tax_code_rate.created_by,Tax.TaxCodeRates.createdBy
column,tax.tax_code_rate.updated_at,Tax.TaxCodeRates.updatedAt
column,tax.tax_code_rate.updated_by,Tax.TaxCodeRates.updatedBy
column,tax.tax_code_rate.row_version,Tax.TaxCodeRates.rowVersion
table,treasury.bank,BankCash.Banks
column,treasury.bank.tenant_id,BankCash.Banks.tenantId
column,treasury.bank.short_name,BankCash.Banks.shortName
column,treasury.bank.swift_bic,BankCash.Banks.swiftBic
column,treasury.bank.iban_bank_code,BankCash.Banks.ibanBankCode
column,treasury.bank.is_islamic,BankCash.Banks.isIslamic
column,treasury.bank.is_active,BankCash.Banks.isActive
column,treasury.bank.created_at,BankCash.Banks.createdAt
column,treasury.bank.created_by,BankCash.Banks.createdBy
column,treasury.bank.updated_at,BankCash.Banks.updatedAt
column,treasury.bank.updated_by,BankCash.Banks.updatedBy
column,treasury.bank.row_version,BankCash.Banks.rowVersion
column,treasury.bank.deleted_at,BankCash.Banks.deletedAt
table,treasury.bank_account,BankCash.BankAccounts
column,treasury.bank_account.tenant_id,BankCash.BankAccounts.tenantId
column,treasury.bank_account.bank_id,BankCash.BankAccounts.bankId
column,treasury.bank_account.branch_id,BankCash.BankAccounts.branchId
column,treasury.bank_account.account_type,BankCash.BankAccounts.accountType
column,treasury.bank_account.account_title,BankCash.BankAccounts.accountTitle
column,treasury.bank_account.account_no,BankCash.BankAccounts.accountNo
column,treasury.bank_account.account_last4,BankCash.BankAccounts.accountLast4
column,treasury.bank_account.bank_branch,BankCash.BankAccounts.bankBranch
column,treasury.bank_account.account_id,BankCash.BankAccounts.accountId
column,treasury.bank_account.currency_code,BankCash.BankAccounts.currencyCode
column,treasury.bank_account.opening_balance,BankCash.BankAccounts.openingBalance
column,treasury.bank_account.opening_balance_date,BankCash.BankAccounts.openingBalanceDate
column,treasury.bank_account.credit_limit,BankCash.BankAccounts.creditLimit
column,treasury.bank_account.markup_terms,BankCash.BankAccounts.markupTerms
column,treasury.bank_account.statement_import_enabled,BankCash.BankAccounts.statementImportEnabled
column,treasury.bank_account.statement_format,BankCash.BankAccounts.statementFormat
column,treasury.bank_account.use_for_payroll,BankCash.BankAccounts.useForPayroll
column,treasury.bank_account.reconciled_to,BankCash.BankAccounts.reconciledTo
column,treasury.bank_account.last_statement_balance,BankCash.BankAccounts.lastStatementBalance
column,treasury.bank_account.last_statement_date,BankCash.BankAccounts.lastStatementDate
column,treasury.bank_account.closed_on,BankCash.BankAccounts.closedOn
column,treasury.bank_account.created_at,BankCash.BankAccounts.createdAt
column,treasury.bank_account.created_by,BankCash.BankAccounts.createdBy
column,treasury.bank_account.updated_at,BankCash.BankAccounts.updatedAt
column,treasury.bank_account.updated_by,BankCash.BankAccounts.updatedBy
column,treasury.bank_account.row_version,BankCash.BankAccounts.rowVersion
column,treasury.bank_account.deleted_at,BankCash.BankAccounts.deletedAt
table,treasury.bank_transaction,BankCash.BankTransactions
column,treasury.bank_transaction.tenant_id,BankCash.BankTransactions.tenantId
column,treasury.bank_transaction.bank_account_id,BankCash.BankTransactions.bankAccountId
column,treasury.bank_transaction.txn_date,BankCash.BankTransactions.txnDate
column,treasury.bank_transaction.value_date,BankCash.BankTransactions.valueDate
column,treasury.bank_transaction.payment_mode,BankCash.BankTransactions.paymentMode
column,treasury.bank_transaction.deposit_amount,BankCash.BankTransactions.depositAmount
column,treasury.bank_transaction.withdrawal_amount,BankCash.BankTransactions.withdrawalAmount
column,treasury.bank_transaction.cheque_id,BankCash.BankTransactions.chequeId
column,treasury.bank_transaction.journal_entry_id,BankCash.BankTransactions.journalEntryId
column,treasury.bank_transaction.statement_ref,BankCash.BankTransactions.statementRef
column,treasury.bank_transaction.cleared_on,BankCash.BankTransactions.clearedOn
column,treasury.bank_transaction.reconciled_on,BankCash.BankTransactions.reconciledOn
column,treasury.bank_transaction.created_at,BankCash.BankTransactions.createdAt
column,treasury.bank_transaction.created_by,BankCash.BankTransactions.createdBy
column,treasury.bank_transaction.updated_at,BankCash.BankTransactions.updatedAt
column,treasury.bank_transaction.updated_by,BankCash.BankTransactions.updatedBy
column,treasury.bank_transaction.row_version,BankCash.BankTransactions.rowVersion
table,treasury.cash_account,BankCash.CashAccounts
column,treasury.cash_account.tenant_id,BankCash.CashAccounts.tenantId
column,treasury.cash_account.short_name,BankCash.CashAccounts.shortName
column,treasury.cash_account.branch_id,BankCash.CashAccounts.branchId
column,treasury.cash_account.custodian_user_id,BankCash.CashAccounts.custodianUserId
column,treasury.cash_account.account_id,BankCash.CashAccounts.accountId
column,treasury.cash_account.opening_balance,BankCash.CashAccounts.openingBalance
column,treasury.cash_account.opening_balance_date,BankCash.CashAccounts.openingBalanceDate
column,treasury.cash_account.imprest_amount,BankCash.CashAccounts.imprestAmount
column,treasury.cash_account.variance_tolerance,BankCash.CashAccounts.varianceTolerance
column,treasury.cash_account.is_active,BankCash.CashAccounts.isActive
column,treasury.cash_account.created_at,BankCash.CashAccounts.createdAt
column,treasury.cash_account.created_by,BankCash.CashAccounts.createdBy
column,treasury.cash_account.updated_at,BankCash.CashAccounts.updatedAt
column,treasury.cash_account.updated_by,BankCash.CashAccounts.updatedBy
column,treasury.cash_account.row_version,BankCash.CashAccounts.rowVersion
column,treasury.cash_account.deleted_at,BankCash.CashAccounts.deletedAt
table,treasury.cash_category,BankCash.CashCategories
column,treasury.cash_category.tenant_id,BankCash.CashCategories.tenantId
column,treasury.cash_category.voucher_type,BankCash.CashCategories.voucherType
column,treasury.cash_category.default_account_id,BankCash.CashCategories.defaultAccountId
column,treasury.cash_category.party_kind,BankCash.CashCategories.partyKind
column,treasury.cash_category.color_token,BankCash.CashCategories.colorToken
column,treasury.cash_category.sort_order,BankCash.CashCategories.sortOrder
column,treasury.cash_category.is_system,BankCash.CashCategories.isSystem
column,treasury.cash_category.is_active,BankCash.CashCategories.isActive
column,treasury.cash_category.created_at,BankCash.CashCategories.createdAt
column,treasury.cash_category.created_by,BankCash.CashCategories.createdBy
column,treasury.cash_category.updated_at,BankCash.CashCategories.updatedAt
column,treasury.cash_category.updated_by,BankCash.CashCategories.updatedBy
column,treasury.cash_category.row_version,BankCash.CashCategories.rowVersion
column,treasury.cash_category.deleted_at,BankCash.CashCategories.deletedAt
table,treasury.cash_day_close,BankCash.CashDayCloses
column,treasury.cash_day_close.tenant_id,BankCash.CashDayCloses.tenantId
column,treasury.cash_day_close.cash_account_id,BankCash.CashDayCloses.cashAccountId
column,treasury.cash_day_close.close_date,BankCash.CashDayCloses.closeDate
column,treasury.cash_day_close.book_balance,BankCash.CashDayCloses.bookBalance
column,treasury.cash_day_close.counted_amount,BankCash.CashDayCloses.countedAmount
column,treasury.cash_day_close.variance_amount,BankCash.CashDayCloses.varianceAmount
column,treasury.cash_day_close.locked_by_user_id,BankCash.CashDayCloses.lockedByUserId
column,treasury.cash_day_close.locked_at,BankCash.CashDayCloses.lockedAt
column,treasury.cash_day_close.variance_journal_entry_id,BankCash.CashDayCloses.varianceJournalEntryId
column,treasury.cash_day_close.created_at,BankCash.CashDayCloses.createdAt
column,treasury.cash_day_close.created_by,BankCash.CashDayCloses.createdBy
column,treasury.cash_day_close.updated_at,BankCash.CashDayCloses.updatedAt
column,treasury.cash_day_close.updated_by,BankCash.CashDayCloses.updatedBy
column,treasury.cash_day_close.row_version,BankCash.CashDayCloses.rowVersion
table,treasury.cash_denomination_count,BankCash.CashDayCloseDenominations
column,treasury.cash_denomination_count.tenant_id,BankCash.CashDayCloseDenominations.tenantId
column,treasury.cash_denomination_count.day_close_id,BankCash.CashDayCloseDenominations.dayCloseId
column,treasury.cash_denomination_count.note_value,BankCash.CashDayCloseDenominations.noteValue
column,treasury.cash_denomination_count.created_at,BankCash.CashDayCloseDenominations.createdAt
column,treasury.cash_denomination_count.created_by,BankCash.CashDayCloseDenominations.createdBy
column,treasury.cash_denomination_count.updated_at,BankCash.CashDayCloseDenominations.updatedAt
column,treasury.cash_denomination_count.updated_by,BankCash.CashDayCloseDenominations.updatedBy
column,treasury.cash_denomination_count.row_version,BankCash.CashDayCloseDenominations.rowVersion
table,treasury.cashbook_entry,BankCash.CashBookEntries
column,treasury.cashbook_entry.tenant_id,BankCash.CashBookEntries.tenantId
column,treasury.cashbook_entry.journal_entry_id,BankCash.CashBookEntries.journalEntryId
column,treasury.cashbook_entry.branch_id,BankCash.CashBookEntries.branchId
column,treasury.cashbook_entry.entry_kind,BankCash.CashBookEntries.entryKind
column,treasury.cashbook_entry.entry_date,BankCash.CashBookEntries.entryDate
column,treasury.cashbook_entry.entry_time,BankCash.CashBookEntries.entryTime
column,treasury.cashbook_entry.cash_account_id,BankCash.CashBookEntries.cashAccountId
column,treasury.cashbook_entry.bank_account_id,BankCash.CashBookEntries.bankAccountId
column,treasury.cashbook_entry.to_cash_account_id,BankCash.CashBookEntries.toCashAccountId
column,treasury.cashbook_entry.to_bank_account_id,BankCash.CashBookEntries.toBankAccountId
column,treasury.cashbook_entry.category_id,BankCash.CashBookEntries.categoryId
column,treasury.cashbook_entry.payment_mode,BankCash.CashBookEntries.paymentMode
column,treasury.cashbook_entry.party_name,BankCash.CashBookEntries.partyName
column,treasury.cashbook_entry.customer_id,BankCash.CashBookEntries.customerId
column,treasury.cashbook_entry.vendor_id,BankCash.CashBookEntries.vendorId
column,treasury.cashbook_entry.reference_no,BankCash.CashBookEntries.referenceNo
column,treasury.cashbook_entry.cheque_id,BankCash.CashBookEntries.chequeId
column,treasury.cashbook_entry.created_at,BankCash.CashBookEntries.createdAt
column,treasury.cashbook_entry.created_by,BankCash.CashBookEntries.createdBy
column,treasury.cashbook_entry.updated_at,BankCash.CashBookEntries.updatedAt
column,treasury.cashbook_entry.updated_by,BankCash.CashBookEntries.updatedBy
column,treasury.cashbook_entry.row_version,BankCash.CashBookEntries.rowVersion
table,treasury.cheque,BankCash.Cheques
column,treasury.cheque.tenant_id,BankCash.Cheques.tenantId
column,treasury.cheque.doc_no,BankCash.Cheques.docNo
column,treasury.cheque.legacy_no,BankCash.Cheques.legacyNo
column,treasury.cheque.doc_date,BankCash.Cheques.docDate
column,treasury.cheque.branch_id,BankCash.Cheques.branchId
column,treasury.cheque.cheque_no,BankCash.Cheques.chequeNo
column,treasury.cheque.customer_id,BankCash.Cheques.customerId
column,treasury.cheque.vendor_id,BankCash.Cheques.vendorId
column,treasury.cheque.account_id,BankCash.Cheques.accountId
column,treasury.cheque.party_name,BankCash.Cheques.partyName
column,treasury.cheque.drawn_on_bank_id,BankCash.Cheques.drawnOnBankId
column,treasury.cheque.bank_account_id,BankCash.Cheques.bankAccountId
column,treasury.cheque.cheque_date,BankCash.Cheques.chequeDate
column,treasury.cheque.due_date,BankCash.Cheques.dueDate
column,treasury.cheque.received_on,BankCash.Cheques.receivedOn
column,treasury.cheque.currency_code,BankCash.Cheques.currencyCode
column,treasury.cheque.is_pdc,BankCash.Cheques.isPdc
column,treasury.cheque.posting_mode,BankCash.Cheques.postingMode
column,treasury.cheque.deposited_on,BankCash.Cheques.depositedOn
column,treasury.cheque.presented_on,BankCash.Cheques.presentedOn
column,treasury.cheque.cleared_on,BankCash.Cheques.clearedOn
column,treasury.cheque.bounced_on,BankCash.Cheques.bouncedOn
column,treasury.cheque.bounce_count,BankCash.Cheques.bounceCount
column,treasury.cheque.stopped_on,BankCash.Cheques.stoppedOn
column,treasury.cheque.replaced_by_cheque_id,BankCash.Cheques.replacedByChequeId
column,treasury.cheque.journal_entry_id,BankCash.Cheques.journalEntryId
column,treasury.cheque.clearing_journal_entry_id,BankCash.Cheques.clearingJournalEntryId
column,treasury.cheque.created_at,BankCash.Cheques.createdAt
column,treasury.cheque.created_by,BankCash.Cheques.createdBy
column,treasury.cheque.updated_at,BankCash.Cheques.updatedAt
column,treasury.cheque.updated_by,BankCash.Cheques.updatedBy
column,treasury.cheque.row_version,BankCash.Cheques.rowVersion
table,treasury.cheque_allocation,BankCash.ChequeAllocations
column,treasury.cheque_allocation.tenant_id,BankCash.ChequeAllocations.tenantId
column,treasury.cheque_allocation.cheque_id,BankCash.ChequeAllocations.chequeId
column,treasury.cheque_allocation.invoice_id,BankCash.ChequeAllocations.invoiceId
column,treasury.cheque_allocation.bill_id,BankCash.ChequeAllocations.billId
column,treasury.cheque_allocation.created_at,BankCash.ChequeAllocations.createdAt
column,treasury.cheque_allocation.created_by,BankCash.ChequeAllocations.createdBy
column,treasury.cheque_allocation.updated_at,BankCash.ChequeAllocations.updatedAt
column,treasury.cheque_allocation.updated_by,BankCash.ChequeAllocations.updatedBy
column,treasury.cheque_allocation.row_version,BankCash.ChequeAllocations.rowVersion
table,treasury.cheque_bounce,BankCash.ChequeBounces
column,treasury.cheque_bounce.tenant_id,BankCash.ChequeBounces.tenantId
column,treasury.cheque_bounce.cheque_id,BankCash.ChequeBounces.chequeId
column,treasury.cheque_bounce.bounce_date,BankCash.ChequeBounces.bounceDate
column,treasury.cheque_bounce.bank_charges,BankCash.ChequeBounces.bankCharges
column,treasury.cheque_bounce.recover_charges,BankCash.ChequeBounces.recoverCharges
column,treasury.cheque_bounce.notify_owner,BankCash.ChequeBounces.notifyOwner
column,treasury.cheque_bounce.owner_user_id,BankCash.ChequeBounces.ownerUserId
column,treasury.cheque_bounce.credit_hold,BankCash.ChequeBounces.creditHold
column,treasury.cheque_bounce.reversal_journal_entry_id,BankCash.ChequeBounces.reversalJournalEntryId
column,treasury.cheque_bounce.charges_journal_entry_id,BankCash.ChequeBounces.chargesJournalEntryId
column,treasury.cheque_bounce.resolved_on,BankCash.ChequeBounces.resolvedOn
column,treasury.cheque_bounce.replacement_cheque_id,BankCash.ChequeBounces.replacementChequeId
column,treasury.cheque_bounce.created_at,BankCash.ChequeBounces.createdAt
column,treasury.cheque_bounce.created_by,BankCash.ChequeBounces.createdBy
column,treasury.cheque_bounce.updated_at,BankCash.ChequeBounces.updatedAt
column,treasury.cheque_bounce.updated_by,BankCash.ChequeBounces.updatedBy
column,treasury.cheque_bounce.row_version,BankCash.ChequeBounces.rowVersion
view,acc.v_account_balance,Accounting.getAccountBalances
view,acc.v_account_tree,Accounting.getAccountTree
view,acc.v_balance_sheet,Accounting.getBalanceSheet
view,acc.v_day_book,Accounting.getDayBook
view,acc.v_general_ledger,Accounting.getGeneralLedger
view,acc.v_ledger_line,Accounting.getLedgerLines
view,acc.v_period_summary,Accounting.getFiscalPeriodSummary
view,acc.v_profit_loss,Accounting.getProfitAndLoss
view,acc.v_trial_balance,Accounting.getTrialBalance
view,acc.v_voucher_register,Accounting.getVoucherRegister
view,core.v_audit_trail,Company.getAuditTrail
view,core.v_dash_cash_bank,Company.getDashboardCashAndBank
view,core.v_dash_expense_month,Company.getDashboardMonthlyExpenses
view,core.v_dash_money_flow,Company.getDashboardMoneyFlow
view,core.v_dash_recent_transactions,Company.getDashboardRecentTransactions
view,core.v_dash_revenue_daily,Company.getDashboardDailyRevenue
view,core.v_dash_revenue_month,Company.getDashboardMonthlyRevenue
view,core.v_doc_sequence_preview,Company.getNumberingSeriesPreview
view,core.v_notification_summary,Company.getNotificationSummary
view,core.v_user_effective_permission,Company.getUserEffectivePermissions
view,core.v_user_kpis,Company.getUserKpis
view,inv.v_near_expiry,Inventory.getNearExpiryStock
view,inv.v_stock_card,Inventory.getStockCard
view,inv.v_stock_on_hand,Inventory.getWholeStock
view,inv.v_stock_valuation,Inventory.getStockValuation
view,platform.v_admin_dashboard,Platform.getPlatformOverview
view,platform.v_mrr_by_plan,Platform.getMrrByPlan
view,platform.v_mrr_movement,Platform.getMrrMovement
view,platform.v_subscription_kpi,Platform.getSubscriptionKpis
view,platform.v_tenant_attention,Platform.getTenantsNeedingAttention
view,platform.v_tenant_overview,Platform.getAllTenants
view,purchase.v_ap_ageing,Purchases.getPayablesAgeing
view,purchase.v_purchase_register,Purchases.getPurchaseRegister
view,purchase.v_three_way_match,Purchases.getThreeWayMatch
view,purchase.v_vendor_balance,Purchases.getVendorBalances
view,purchase.v_vendor_statement,Purchases.getVendorStatement
view,purchase.v_wht_deducted,Purchases.getVendorWhtDeducted
view,sales.v_ar_ageing,Sales.getReceivablesAgeing
view,sales.v_credit_exposure,Sales.getCustomerCreditExposure
view,sales.v_customer_balance,Sales.getCustomerBalances
view,sales.v_customer_credit_position,Sales.getCustomerCreditPosition
view,sales.v_customer_statement,Sales.getCustomerStatement
view,sales.v_open_items,Sales.getReceivableOpenItems
view,sales.v_sales_by_customer,Sales.getSalesByCustomer
view,sales.v_sales_by_item,Sales.getSalesByItem
view,sales.v_sales_register,Sales.getSalesRegister
view,tax.v_sales_tax_output,Tax.getSalesTaxOutputRegister
view,treasury.v_bank_account_balance,BankCash.getBankAccountBalances
view,treasury.v_bank_book,BankCash.getBankBook
view,treasury.v_cash_book,BankCash.getCashBook
view,treasury.v_cheque_register,BankCash.getChequeRegister
view,treasury.v_pdc_maturity,BankCash.getPdcMaturity
function,acc.account_level,Accounting.getAccountLevel
function,acc.assert_posting_allowed,Accounting.assertPostingAllowed
function,acc.fn_account_balance,Accounting.getAccountBalancesForPeriod
function,acc.fn_balance_sheet,Accounting.getBalanceSheetAsAt
function,acc.fn_general_ledger,Accounting.getGeneralLedgerForPeriod
function,acc.fn_profit_loss,Accounting.getProfitAndLossForPeriod
function,acc.fn_trial_balance,Accounting.getTrialBalanceForPeriod
function,acc.module_for_doc_type,Accounting.getModuleForDocumentType
function,acc.parent_code,Accounting.getParentAccountCode
function,acc.post_opening_balance,Accounting.openingBalancePost
function,acc.resolve_period,Accounting.getFiscalPeriodForDate
function,acc.reverse_journal,Accounting.voucherReverse
function,acc.tg_account_guard,Accounting.triggerAccountGuard
function,acc.tg_fiscal_period_guard,Accounting.triggerFiscalPeriodGuard
function,acc.tg_journal_entry_guard,Accounting.triggerJournalEntryGuard
function,acc.tg_journal_line_guard,Accounting.triggerJournalLineGuard
function,acc.tg_journal_line_totals,Accounting.triggerJournalLineTotals
function,acc.tg_opening_balance_line_guard,Accounting.triggerOpeningBalanceLineGuard
function,acc.tg_opening_balance_totals,Accounting.triggerOpeningBalanceTotals
function,core.audit_log_ensure_partition,Company.ensureAuditTrailPartition
function,core.audit_log_ensure_partitions,Company.ensureAuditTrailPartitions
function,core.audit_seal_block,Company.sealAuditTrailBlock
function,core.books_lock_date,Company.getBooksLockDate
function,core.ctn_loose,Company.formatCartonsLoose
function,core.current_tenant,Company.getCurrentTenantId
function,core.current_user_id,Company.getCurrentUserId
function,core.fy_label,Company.getFiscalYearLabel
function,core.next_doc_no,Company.getNextDocNo
function,core.std_triggers,Company.addStandardTriggers
function,core.tg_append_only,Company.triggerAppendOnly
function,core.tg_audit,Company.triggerAudit
function,core.tg_audit_log_hash,Company.triggerAuditLogHash
function,core.tg_audit_redacted,Company.triggerAuditRedacted
function,core.tg_stamp_insert,Company.triggerStampInsert
function,core.tg_touch,Company.triggerTouch
function,inv.fn_stock_valuation,Inventory.getStockValuationAsOfDate
function,inv.tg_batch_check,Inventory.triggerBatchCheck
function,inv.tg_stock_ledger_apply,Inventory.triggerStockLedgerApply
function,inv.tg_stock_ledger_prepare,Inventory.triggerStockLedgerPrepare
function,purchase.ap_ageing_as_of,Purchases.getPayablesAgeingAsOf
function,purchase.refresh_bill_balance,Purchases.refreshVendorBillBalance
function,purchase.refresh_debit_note,Purchases.refreshDebitNoteSettlement
function,purchase.refresh_grn_billing,Purchases.refreshGoodsReceivedNoteBilling
function,purchase.refresh_po_status,Purchases.refreshPurchaseOrderStatus
function,purchase.refresh_vendor_payment,Purchases.refreshVendorPaymentAllocation
function,purchase.tg_base_qty,Purchases.triggerBaseQty
function,purchase.tg_bill_defaults,Purchases.triggerBillDefaults
function,purchase.tg_bill_status_rollup,Purchases.triggerBillStatusRollup
function,purchase.tg_grn_status_rollup,Purchases.triggerGrnStatusRollup
function,purchase.tg_lock_posted_child,Purchases.triggerLockPostedChild
function,purchase.tg_lock_posted_header,Purchases.triggerLockPostedHeader
function,purchase.tg_payment_allocation_check,Purchases.triggerPaymentAllocationCheck
function,purchase.tg_payment_allocation_rollup,Purchases.triggerPaymentAllocationRollup
function,purchase.tg_settlement_source_rollup,Purchases.triggerSettlementSourceRollup
function,purchase.vendor_balance_on,Purchases.getVendorBalanceOn
function,sales.fn_ar_ageing,Sales.getReceivablesAgeingAsOf
function,sales.fn_customer_statement,Sales.getCustomerStatementForPeriod
function,sales.fn_open_items,Sales.getReceivableOpenItemsAsOf
function,sales.fn_sales_by_customer,Sales.getSalesByCustomerForPeriod
function,sales.fn_sales_by_item,Sales.getSalesByItemForPeriod
function,sales.refresh_credit_note_settlement,Sales.refreshCreditNoteSettlement
function,sales.refresh_invoice_settlement,Sales.refreshSalesInvoiceSettlement
function,sales.refresh_receipt_allocation,Sales.refreshCustomerReceiptAllocation
function,sales.tg_credit_note_sync,Sales.triggerCreditNoteSync
function,sales.tg_freeze_when_posted,Sales.triggerFreezeWhenPosted
function,sales.tg_lines_editable,Sales.triggerLinesEditable
function,sales.tg_receipt_allocation_check,Sales.triggerReceiptAllocationCheck
function,sales.tg_receipt_allocation_sync,Sales.triggerReceiptAllocationSync
function,sales.tg_receipt_status_sync,Sales.triggerReceiptStatusSync
function,tax.rate_on,Tax.getTaxRateOnDate
function,treasury.bank_balance_on,BankCash.getBankAccountBalanceOn
function,treasury.cash_balance_on,BankCash.getCashAccountBalanceOn
function,treasury.tg_cash_day_close_guard,BankCash.triggerCashDayCloseGuard
function,treasury.tg_cheque_status_guard,BankCash.triggerChequeStatusGuard
