kind,oldName,newName
schema,platform,Platform
schema,core,Company
schema,acc,Accounting
schema,treasury,BankCash
schema,fa,FixedAssets
schema,tax,Tax
schema,sales,Sales
schema,purchase,Purchases
schema,inv,Inventory
schema,dist,Distribution
schema,hr,HumanResources
schema,payroll,Payroll
schema,ess,EmployeeSelfService
schema,rpt,Reports
table,acc.account,Accounting.ChartOfAccounts
column,acc.account.tenant_id,Accounting.ChartOfAccounts.tenantId
column,acc.account.parent_account_id,Accounting.ChartOfAccounts.parentAccountId
column,acc.account.account_class,Accounting.ChartOfAccounts.accountClass
column,acc.account.sub_type,Accounting.ChartOfAccounts.subType
column,acc.account.branch_id,Accounting.ChartOfAccounts.branchId
column,acc.account.currency_code,Accounting.ChartOfAccounts.currencyCode
column,acc.account.opening_balance,Accounting.ChartOfAccounts.openingBalance
column,acc.account.opening_as_of,Accounting.ChartOfAccounts.openingAsOf
column,acc.account.deleted_at,Accounting.ChartOfAccounts.deletedAt
column,acc.account.created_at,Accounting.ChartOfAccounts.createdAt
column,acc.account.created_by,Accounting.ChartOfAccounts.createdBy
column,acc.account.updated_at,Accounting.ChartOfAccounts.updatedAt
column,acc.account.updated_by,Accounting.ChartOfAccounts.updatedBy
column,acc.account.row_version,Accounting.ChartOfAccounts.rowVersion
table,acc.account_branch,Accounting.AccountBranches
column,acc.account_branch.tenant_id,Accounting.AccountBranches.tenantId
column,acc.account_branch.account_id,Accounting.AccountBranches.accountId
column,acc.account_branch.branch_id,Accounting.AccountBranches.branchId
column,acc.account_branch.created_at,Accounting.AccountBranches.createdAt
column,acc.account_branch.created_by,Accounting.AccountBranches.createdBy
column,acc.account_branch.updated_at,Accounting.AccountBranches.updatedAt
column,acc.account_branch.updated_by,Accounting.AccountBranches.updatedBy
column,acc.account_branch.row_version,Accounting.AccountBranches.rowVersion
table,acc.allocation_rule,Accounting.CostAllocationRules
column,acc.allocation_rule.tenant_id,Accounting.CostAllocationRules.tenantId
column,acc.allocation_rule.account_id,Accounting.CostAllocationRules.accountId
column,acc.allocation_rule.created_at,Accounting.CostAllocationRules.createdAt
column,acc.allocation_rule.created_by,Accounting.CostAllocationRules.createdBy
column,acc.allocation_rule.updated_at,Accounting.CostAllocationRules.updatedAt
column,acc.allocation_rule.updated_by,Accounting.CostAllocationRules.updatedBy
column,acc.allocation_rule.row_version,Accounting.CostAllocationRules.rowVersion
table,acc.allocation_split,Accounting.CostAllocationSplits
column,acc.allocation_split.tenant_id,Accounting.CostAllocationSplits.tenantId
column,acc.allocation_split.allocation_rule_id,Accounting.CostAllocationSplits.allocationRuleId
column,acc.allocation_split.cost_centre_id,Accounting.CostAllocationSplits.costCentreId
column,acc.allocation_split.created_at,Accounting.CostAllocationSplits.createdAt
column,acc.allocation_split.created_by,Accounting.CostAllocationSplits.createdBy
column,acc.allocation_split.updated_at,Accounting.CostAllocationSplits.updatedAt
column,acc.allocation_split.updated_by,Accounting.CostAllocationSplits.updatedBy
column,acc.allocation_split.row_version,Accounting.CostAllocationSplits.rowVersion
table,acc.budget,Accounting.Budgets
column,acc.budget.tenant_id,Accounting.Budgets.tenantId
column,acc.budget.fiscal_year_id,Accounting.Budgets.fiscalYearId
column,acc.budget.budget_type,Accounting.Budgets.budgetType
column,acc.budget.scope_label,Accounting.Budgets.scopeLabel
column,acc.budget.cost_centre_id,Accounting.Budgets.costCentreId
column,acc.budget.project_id,Accounting.Budgets.projectId
column,acc.budget.branch_id,Accounting.Budgets.branchId
column,acc.budget.owner_user_id,Accounting.Budgets.ownerUserId
column,acc.budget.seed_from,Accounting.Budgets.seedFrom
column,acc.budget.seed_uplift_pct,Accounting.Budgets.seedUpliftPct
column,acc.budget.requires_ceo_approval,Accounting.Budgets.requiresCeoApproval
column,acc.budget.current_version_id,Accounting.Budgets.currentVersionId
column,acc.budget.approved_by_user_id,Accounting.Budgets.approvedByUserId
column,acc.budget.approved_at,Accounting.Budgets.approvedAt
column,acc.budget.created_at,Accounting.Budgets.createdAt
column,acc.budget.created_by,Accounting.Budgets.createdBy
column,acc.budget.updated_at,Accounting.Budgets.updatedAt
column,acc.budget.updated_by,Accounting.Budgets.updatedBy
column,acc.budget.row_version,Accounting.Budgets.rowVersion
table,acc.budget_line,Accounting.BudgetVersionLines
column,acc.budget_line.tenant_id,Accounting.BudgetVersionLines.tenantId
column,acc.budget_line.budget_version_id,Accounting.BudgetVersionLines.budgetVersionId
column,acc.budget_line.account_id,Accounting.BudgetVersionLines.accountId
column,acc.budget_line.cost_centre_id,Accounting.BudgetVersionLines.costCentreId
column,acc.budget_line.total_amount,Accounting.BudgetVersionLines.totalAmount
column,acc.budget_line.created_at,Accounting.BudgetVersionLines.createdAt
column,acc.budget_line.created_by,Accounting.BudgetVersionLines.createdBy
column,acc.budget_line.updated_at,Accounting.BudgetVersionLines.updatedAt
column,acc.budget_line.updated_by,Accounting.BudgetVersionLines.updatedBy
column,acc.budget_line.row_version,Accounting.BudgetVersionLines.rowVersion
table,acc.budget_version,Accounting.BudgetVersions
column,acc.budget_version.tenant_id,Accounting.BudgetVersions.tenantId
column,acc.budget_version.budget_id,Accounting.BudgetVersions.budgetId
column,acc.budget_version.version_no,Accounting.BudgetVersions.versionNo
column,acc.budget_version.approved_by_user_id,Accounting.BudgetVersions.approvedByUserId
column,acc.budget_version.approved_at,Accounting.BudgetVersions.approvedAt
column,acc.budget_version.created_at,Accounting.BudgetVersions.createdAt
column,acc.budget_version.created_by,Accounting.BudgetVersions.createdBy
column,acc.budget_version.updated_at,Accounting.BudgetVersions.updatedAt
column,acc.budget_version.updated_by,Accounting.BudgetVersions.updatedBy
column,acc.budget_version.row_version,Accounting.BudgetVersions.rowVersion
table,acc.cost_centre,Accounting.CostCentres
column,acc.cost_centre.tenant_id,Accounting.CostCentres.tenantId
column,acc.cost_centre.parent_cost_centre_id,Accounting.CostCentres.parentCostCentreId
column,acc.cost_centre.branch_id,Accounting.CostCentres.branchId
column,acc.cost_centre.centre_type,Accounting.CostCentres.centreType
column,acc.cost_centre.owner_employee_id,Accounting.CostCentres.ownerEmployeeId
column,acc.cost_centre.annual_budget,Accounting.CostCentres.annualBudget
column,acc.cost_centre.deleted_at,Accounting.CostCentres.deletedAt
column,acc.cost_centre.created_at,Accounting.CostCentres.createdAt
column,acc.cost_centre.created_by,Accounting.CostCentres.createdBy
column,acc.cost_centre.updated_at,Accounting.CostCentres.updatedAt
column,acc.cost_centre.updated_by,Accounting.CostCentres.updatedBy
column,acc.cost_centre.row_version,Accounting.CostCentres.rowVersion
table,acc.fiscal_period,Accounting.FiscalPeriods
column,acc.fiscal_period.tenant_id,Accounting.FiscalPeriods.tenantId
column,acc.fiscal_period.fiscal_year_id,Accounting.FiscalPeriods.fiscalYearId
column,acc.fiscal_period.period_no,Accounting.FiscalPeriods.periodNo
column,acc.fiscal_period.start_date,Accounting.FiscalPeriods.startDate
column,acc.fiscal_period.end_date,Accounting.FiscalPeriods.endDate
column,acc.fiscal_period.is_adjustment,Accounting.FiscalPeriods.isAdjustment
column,acc.fiscal_period.close_target_date,Accounting.FiscalPeriods.closeTargetDate
column,acc.fiscal_period.closed_at,Accounting.FiscalPeriods.closedAt
column,acc.fiscal_period.closed_by_user_id,Accounting.FiscalPeriods.closedByUserId
column,acc.fiscal_period.locked_at,Accounting.FiscalPeriods.lockedAt
column,acc.fiscal_period.locked_by_user_id,Accounting.FiscalPeriods.lockedByUserId
column,acc.fiscal_period.created_at,Accounting.FiscalPeriods.createdAt
column,acc.fiscal_period.created_by,Accounting.FiscalPeriods.createdBy
column,acc.fiscal_period.updated_at,Accounting.FiscalPeriods.updatedAt
column,acc.fiscal_period.updated_by,Accounting.FiscalPeriods.updatedBy
column,acc.fiscal_period.row_version,Accounting.FiscalPeriods.rowVersion
table,acc.fiscal_year,Accounting.FiscalYears
column,acc.fiscal_year.tenant_id,Accounting.FiscalYears.tenantId
column,acc.fiscal_year.start_date,Accounting.FiscalYears.startDate
column,acc.fiscal_year.end_date,Accounting.FiscalYears.endDate
column,acc.fiscal_year.is_locked,Accounting.FiscalYears.isLocked
column,acc.fiscal_year.has_adjustment_period,Accounting.FiscalYears.hasAdjustmentPeriod
column,acc.fiscal_year.closed_at,Accounting.FiscalYears.closedAt
column,acc.fiscal_year.closed_by_user_id,Accounting.FiscalYears.closedByUserId
column,acc.fiscal_year.closing_journal_entry_id,Accounting.FiscalYears.closingJournalEntryId
column,acc.fiscal_year.net_profit_transferred,Accounting.FiscalYears.netProfitTransferred
column,acc.fiscal_year.auditor_name,Accounting.FiscalYears.auditorName
column,acc.fiscal_year.created_at,Accounting.FiscalYears.createdAt
column,acc.fiscal_year.created_by,Accounting.FiscalYears.createdBy
column,acc.fiscal_year.updated_at,Accounting.FiscalYears.updatedAt
column,acc.fiscal_year.updated_by,Accounting.FiscalYears.updatedBy
column,acc.fiscal_year.row_version,Accounting.FiscalYears.rowVersion
table,acc.journal_activity,Accounting.VoucherActivities
column,acc.journal_activity.tenant_id,Accounting.VoucherActivities.tenantId
column,acc.journal_activity.journal_entry_id,Accounting.VoucherActivities.journalEntryId
column,acc.journal_activity.occurred_at,Accounting.VoucherActivities.occurredAt
column,acc.journal_activity.user_id,Accounting.VoucherActivities.userId
column,acc.journal_activity.created_at,Accounting.VoucherActivities.createdAt
column,acc.journal_activity.created_by,Accounting.VoucherActivities.createdBy
column,acc.journal_activity.updated_at,Accounting.VoucherActivities.updatedAt
column,acc.journal_activity.updated_by,Accounting.VoucherActivities.updatedBy
column,acc.journal_activity.row_version,Accounting.VoucherActivities.rowVersion
table,acc.journal_entry,Accounting.Vouchers
column,acc.journal_entry.tenant_id,Accounting.Vouchers.tenantId
column,acc.journal_entry.voucher_type,Accounting.Vouchers.voucherType
column,acc.journal_entry.doc_no,Accounting.Vouchers.docNo
column,acc.journal_entry.doc_date,Accounting.Vouchers.docDate
column,acc.journal_entry.posting_date,Accounting.Vouchers.postingDate
column,acc.journal_entry.fiscal_period_id,Accounting.Vouchers.fiscalPeriodId
column,acc.journal_entry.reference_no,Accounting.Vouchers.referenceNo
column,acc.journal_entry.branch_id,Accounting.Vouchers.branchId
column,acc.journal_entry.currency_code,Accounting.Vouchers.currencyCode
column,acc.journal_entry.fx_rate,Accounting.Vouchers.fxRate
column,acc.journal_entry.cash_bank_account_id,Accounting.Vouchers.cashBankAccountId
column,acc.journal_entry.party_name,Accounting.Vouchers.partyName
column,acc.journal_entry.instrument_type,Accounting.Vouchers.instrumentType
column,acc.journal_entry.instrument_no,Accounting.Vouchers.instrumentNo
column,acc.journal_entry.instrument_date,Accounting.Vouchers.instrumentDate
column,acc.journal_entry.auto_reverse_on,Accounting.Vouchers.autoReverseOn
column,acc.journal_entry.total_debit,Accounting.Vouchers.totalDebit
column,acc.journal_entry.total_credit,Accounting.Vouchers.totalCredit
column,acc.journal_entry.prepared_by_user_id,Accounting.Vouchers.preparedByUserId
column,acc.journal_entry.submitted_at,Accounting.Vouchers.submittedAt
column,acc.journal_entry.approved_by_user_id,Accounting.Vouchers.approvedByUserId
column,acc.journal_entry.approved_at,Accounting.Vouchers.approvedAt
column,acc.journal_entry.posted_by_user_id,Accounting.Vouchers.postedByUserId
column,acc.journal_entry.posted_at,Accounting.Vouchers.postedAt
column,acc.journal_entry.source_doc_type,Accounting.Vouchers.sourceDocType
column,acc.journal_entry.source_doc_id,Accounting.Vouchers.sourceDocId
column,acc.journal_entry.source_doc_no,Accounting.Vouchers.sourceDocNo
column,acc.journal_entry.reversal_of_id,Accounting.Vouchers.reversalOfId
column,acc.journal_entry.reversal_reason,Accounting.Vouchers.reversalReason
column,acc.journal_entry.reversal_remarks,Accounting.Vouchers.reversalRemarks
column,acc.journal_entry.reversed_by_id,Accounting.Vouchers.reversedById
column,acc.journal_entry.reversal_date,Accounting.Vouchers.reversalDate
column,acc.journal_entry.recurring_template_id,Accounting.Vouchers.recurringTemplateId
column,acc.journal_entry.created_at,Accounting.Vouchers.createdAt
column,acc.journal_entry.created_by,Accounting.Vouchers.createdBy
column,acc.journal_entry.updated_at,Accounting.Vouchers.updatedAt
column,acc.journal_entry.updated_by,Accounting.Vouchers.updatedBy
column,acc.journal_entry.row_version,Accounting.Vouchers.rowVersion
table,acc.journal_line,Accounting.VoucherLines
column,acc.journal_line.tenant_id,Accounting.VoucherLines.tenantId
column,acc.journal_line.journal_entry_id,Accounting.VoucherLines.journalEntryId
column,acc.journal_line.line_no,Accounting.VoucherLines.lineNo
column,acc.journal_line.account_id,Accounting.VoucherLines.accountId
column,acc.journal_line.cost_centre_id,Accounting.VoucherLines.costCentreId
column,acc.journal_line.branch_id,Accounting.VoucherLines.branchId
column,acc.journal_line.customer_id,Accounting.VoucherLines.customerId
column,acc.journal_line.vendor_id,Accounting.VoucherLines.vendorId
column,acc.journal_line.is_auto_contra,Accounting.VoucherLines.isAutoContra
column,acc.journal_line.project_id,Accounting.VoucherLines.projectId
column,acc.journal_line.employee_id,Accounting.VoucherLines.employeeId
column,acc.journal_line.allocation_rule_id,Accounting.VoucherLines.allocationRuleId
column,acc.journal_line.created_at,Accounting.VoucherLines.createdAt
column,acc.journal_line.created_by,Accounting.VoucherLines.createdBy
column,acc.journal_line.updated_at,Accounting.VoucherLines.updatedAt
column,acc.journal_line.updated_by,Accounting.VoucherLines.updatedBy
column,acc.journal_line.row_version,Accounting.VoucherLines.rowVersion
table,acc.opening_balance_batch,Accounting.OpeningBalances
column,acc.opening_balance_batch.tenant_id,Accounting.OpeningBalances.tenantId
column,acc.opening_balance_batch.fiscal_year_id,Accounting.OpeningBalances.fiscalYearId
column,acc.opening_balance_batch.as_at_date,Accounting.OpeningBalances.asAtDate
column,acc.opening_balance_batch.branch_id,Accounting.OpeningBalances.branchId
column,acc.opening_balance_batch.suspense_account_id,Accounting.OpeningBalances.suspenseAccountId
column,acc.opening_balance_batch.total_debit,Accounting.OpeningBalances.totalDebit
column,acc.opening_balance_batch.total_credit,Accounting.OpeningBalances.totalCredit
column,acc.opening_balance_batch.journal_entry_id,Accounting.OpeningBalances.journalEntryId
column,acc.opening_balance_batch.posted_at,Accounting.OpeningBalances.postedAt
column,acc.opening_balance_batch.posted_by_user_id,Accounting.OpeningBalances.postedByUserId
column,acc.opening_balance_batch.created_at,Accounting.OpeningBalances.createdAt
column,acc.opening_balance_batch.created_by,Accounting.OpeningBalances.createdBy
column,acc.opening_balance_batch.updated_at,Accounting.OpeningBalances.updatedAt
column,acc.opening_balance_batch.updated_by,Accounting.OpeningBalances.updatedBy
column,acc.opening_balance_batch.row_version,Accounting.OpeningBalances.rowVersion
table,acc.opening_balance_line,Accounting.OpeningBalanceLines
column,acc.opening_balance_line.tenant_id,Accounting.OpeningBalanceLines.tenantId
column,acc.opening_balance_line.batch_id,Accounting.OpeningBalanceLines.batchId
column,acc.opening_balance_line.account_id,Accounting.OpeningBalanceLines.accountId
column,acc.opening_balance_line.branch_id,Accounting.OpeningBalanceLines.branchId
column,acc.opening_balance_line.customer_id,Accounting.OpeningBalanceLines.customerId
column,acc.opening_balance_line.vendor_id,Accounting.OpeningBalanceLines.vendorId
column,acc.opening_balance_line.created_at,Accounting.OpeningBalanceLines.createdAt
column,acc.opening_balance_line.created_by,Accounting.OpeningBalanceLines.createdBy
column,acc.opening_balance_line.updated_at,Accounting.OpeningBalanceLines.updatedAt
column,acc.opening_balance_line.updated_by,Accounting.OpeningBalanceLines.updatedBy
column,acc.opening_balance_line.row_version,Accounting.OpeningBalanceLines.rowVersion
table,acc.period_module_lock,Accounting.PeriodModuleLocks
column,acc.period_module_lock.tenant_id,Accounting.PeriodModuleLocks.tenantId
column,acc.period_module_lock.fiscal_period_id,Accounting.PeriodModuleLocks.fiscalPeriodId
column,acc.period_module_lock.module_code,Accounting.PeriodModuleLocks.moduleCode
column,acc.period_module_lock.closed_at,Accounting.PeriodModuleLocks.closedAt
column,acc.period_module_lock.closed_by_user_id,Accounting.PeriodModuleLocks.closedByUserId
column,acc.period_module_lock.created_at,Accounting.PeriodModuleLocks.createdAt
column,acc.period_module_lock.created_by,Accounting.PeriodModuleLocks.createdBy
column,acc.period_module_lock.updated_at,Accounting.PeriodModuleLocks.updatedAt
column,acc.period_module_lock.updated_by,Accounting.PeriodModuleLocks.updatedBy
column,acc.period_module_lock.row_version,Accounting.PeriodModuleLocks.rowVersion
table,acc.period_reopen,Accounting.PeriodReopenRequests
column,acc.period_reopen.tenant_id,Accounting.PeriodReopenRequests.tenantId
column,acc.period_reopen.fiscal_period_id,Accounting.PeriodReopenRequests.fiscalPeriodId
column,acc.period_reopen.module_code,Accounting.PeriodReopenRequests.moduleCode
column,acc.period_reopen.previous_status,Accounting.PeriodReopenRequests.previousStatus
column,acc.period_reopen.reopen_until,Accounting.PeriodReopenRequests.reopenUntil
column,acc.period_reopen.requested_by_user_id,Accounting.PeriodReopenRequests.requestedByUserId
column,acc.period_reopen.approver_user_id,Accounting.PeriodReopenRequests.approverUserId
column,acc.period_reopen.auto_reclose,Accounting.PeriodReopenRequests.autoReclose
column,acc.period_reopen.mfa_verified_at,Accounting.PeriodReopenRequests.mfaVerifiedAt
column,acc.period_reopen.decided_at,Accounting.PeriodReopenRequests.decidedAt
column,acc.period_reopen.reclosed_at,Accounting.PeriodReopenRequests.reclosedAt
column,acc.period_reopen.created_at,Accounting.PeriodReopenRequests.createdAt
column,acc.period_reopen.created_by,Accounting.PeriodReopenRequests.createdBy
column,acc.period_reopen.updated_at,Accounting.PeriodReopenRequests.updatedAt
column,acc.period_reopen.updated_by,Accounting.PeriodReopenRequests.updatedBy
column,acc.period_reopen.row_version,Accounting.PeriodReopenRequests.rowVersion
table,acc.project,Accounting.Projects
column,acc.project.tenant_id,Accounting.Projects.tenantId
column,acc.project.owner_employee_id,Accounting.Projects.ownerEmployeeId
column,acc.project.budget_amount,Accounting.Projects.budgetAmount
column,acc.project.expected_revenue,Accounting.Projects.expectedRevenue
column,acc.project.start_date,Accounting.Projects.startDate
column,acc.project.end_date,Accounting.Projects.endDate
column,acc.project.deleted_at,Accounting.Projects.deletedAt
column,acc.project.created_at,Accounting.Projects.createdAt
column,acc.project.created_by,Accounting.Projects.createdBy
column,acc.project.updated_at,Accounting.Projects.updatedAt
column,acc.project.updated_by,Accounting.Projects.updatedBy
column,acc.project.row_version,Accounting.Projects.rowVersion
table,acc.project_tag,Accounting.ProjectTags
column,acc.project_tag.tenant_id,Accounting.ProjectTags.tenantId
column,acc.project_tag.project_id,Accounting.ProjectTags.projectId
column,acc.project_tag.created_at,Accounting.ProjectTags.createdAt
column,acc.project_tag.created_by,Accounting.ProjectTags.createdBy
column,acc.project_tag.updated_at,Accounting.ProjectTags.updatedAt
column,acc.project_tag.updated_by,Accounting.ProjectTags.updatedBy
column,acc.project_tag.row_version,Accounting.ProjectTags.rowVersion
table,acc.recurring_run,Accounting.RecurringVoucherRuns
column,acc.recurring_run.tenant_id,Accounting.RecurringVoucherRuns.tenantId
column,acc.recurring_run.recurring_template_id,Accounting.RecurringVoucherRuns.recurringTemplateId
column,acc.recurring_run.scheduled_date,Accounting.RecurringVoucherRuns.scheduledDate
column,acc.recurring_run.run_at,Accounting.RecurringVoucherRuns.runAt
column,acc.recurring_run.trigger_type,Accounting.RecurringVoucherRuns.triggerType
column,acc.recurring_run.journal_entry_id,Accounting.RecurringVoucherRuns.journalEntryId
column,acc.recurring_run.error_message,Accounting.RecurringVoucherRuns.errorMessage
column,acc.recurring_run.created_at,Accounting.RecurringVoucherRuns.createdAt
column,acc.recurring_run.created_by,Accounting.RecurringVoucherRuns.createdBy
column,acc.recurring_run.updated_at,Accounting.RecurringVoucherRuns.updatedAt
column,acc.recurring_run.updated_by,Accounting.RecurringVoucherRuns.updatedBy
column,acc.recurring_run.row_version,Accounting.RecurringVoucherRuns.rowVersion
table,acc.recurring_template,Accounting.RecurringVoucherTemplates
column,acc.recurring_template.tenant_id,Accounting.RecurringVoucherTemplates.tenantId
column,acc.recurring_template.voucher_type,Accounting.RecurringVoucherTemplates.voucherType
column,acc.recurring_template.run_day,Accounting.RecurringVoucherTemplates.runDay
column,acc.recurring_template.run_on_last_day,Accounting.RecurringVoucherTemplates.runOnLastDay
column,acc.recurring_template.run_weekday,Accounting.RecurringVoucherTemplates.runWeekday
column,acc.recurring_template.run_month,Accounting.RecurringVoucherTemplates.runMonth
column,acc.recurring_template.start_date,Accounting.RecurringVoucherTemplates.startDate
column,acc.recurring_template.end_mode,Accounting.RecurringVoucherTemplates.endMode
column,acc.recurring_template.end_after_count,Accounting.RecurringVoucherTemplates.endAfterCount
column,acc.recurring_template.end_on_date,Accounting.RecurringVoucherTemplates.endOnDate
column,acc.recurring_template.branch_id,Accounting.RecurringVoucherTemplates.branchId
column,acc.recurring_template.cash_bank_account_id,Accounting.RecurringVoucherTemplates.cashBankAccountId
column,acc.recurring_template.party_name,Accounting.RecurringVoucherTemplates.partyName
column,acc.recurring_template.auto_post,Accounting.RecurringVoucherTemplates.autoPost
column,acc.recurring_template.notify_on_failure,Accounting.RecurringVoucherTemplates.notifyOnFailure
column,acc.recurring_template.notify_user_id,Accounting.RecurringVoucherTemplates.notifyUserId
column,acc.recurring_template.next_run_date,Accounting.RecurringVoucherTemplates.nextRunDate
column,acc.recurring_template.last_run_date,Accounting.RecurringVoucherTemplates.lastRunDate
column,acc.recurring_template.occurrences_done,Accounting.RecurringVoucherTemplates.occurrencesDone
column,acc.recurring_template.last_error,Accounting.RecurringVoucherTemplates.lastError
column,acc.recurring_template.source_journal_entry_id,Accounting.RecurringVoucherTemplates.sourceJournalEntryId
column,acc.recurring_template.created_at,Accounting.RecurringVoucherTemplates.createdAt
column,acc.recurring_template.created_by,Accounting.RecurringVoucherTemplates.createdBy
column,acc.recurring_template.updated_at,Accounting.RecurringVoucherTemplates.updatedAt
column,acc.recurring_template.updated_by,Accounting.RecurringVoucherTemplates.updatedBy
column,acc.recurring_template.row_version,Accounting.RecurringVoucherTemplates.rowVersion
table,acc.recurring_template_line,Accounting.RecurringVoucherTemplateLines
column,acc.recurring_template_line.tenant_id,Accounting.RecurringVoucherTemplateLines.tenantId
column,acc.recurring_template_line.recurring_template_id,Accounting.RecurringVoucherTemplateLines.recurringTemplateId
column,acc.recurring_template_line.line_no,Accounting.RecurringVoucherTemplateLines.lineNo
column,acc.recurring_template_line.account_id,Accounting.RecurringVoucherTemplateLines.accountId
column,acc.recurring_template_line.cost_centre_id,Accounting.RecurringVoucherTemplateLines.costCentreId
column,acc.recurring_template_line.project_id,Accounting.RecurringVoucherTemplateLines.projectId
column,acc.recurring_template_line.branch_id,Accounting.RecurringVoucherTemplateLines.branchId
column,acc.recurring_template_line.customer_id,Accounting.RecurringVoucherTemplateLines.customerId
column,acc.recurring_template_line.vendor_id,Accounting.RecurringVoucherTemplateLines.vendorId
column,acc.recurring_template_line.employee_id,Accounting.RecurringVoucherTemplateLines.employeeId
column,acc.recurring_template_line.created_at,Accounting.RecurringVoucherTemplateLines.createdAt
column,acc.recurring_template_line.created_by,Accounting.RecurringVoucherTemplateLines.createdBy
column,acc.recurring_template_line.updated_at,Accounting.RecurringVoucherTemplateLines.updatedAt
column,acc.recurring_template_line.updated_by,Accounting.RecurringVoucherTemplateLines.updatedBy
column,acc.recurring_template_line.row_version,Accounting.RecurringVoucherTemplateLines.rowVersion
table,acc.saved_ledger_view,Accounting.SavedLedgerViews
column,acc.saved_ledger_view.tenant_id,Accounting.SavedLedgerViews.tenantId
column,acc.saved_ledger_view.user_id,Accounting.SavedLedgerViews.userId
column,acc.saved_ledger_view.account_id,Accounting.SavedLedgerViews.accountId
column,acc.saved_ledger_view.range_label,Accounting.SavedLedgerViews.rangeLabel
column,acc.saved_ledger_view.date_from,Accounting.SavedLedgerViews.dateFrom
column,acc.saved_ledger_view.date_to,Accounting.SavedLedgerViews.dateTo
column,acc.saved_ledger_view.is_shared,Accounting.SavedLedgerViews.isShared
column,acc.saved_ledger_view.created_at,Accounting.SavedLedgerViews.createdAt
column,acc.saved_ledger_view.created_by,Accounting.SavedLedgerViews.createdBy
column,acc.saved_ledger_view.updated_at,Accounting.SavedLedgerViews.updatedAt
column,acc.saved_ledger_view.updated_by,Accounting.SavedLedgerViews.updatedBy
column,acc.saved_ledger_view.row_version,Accounting.SavedLedgerViews.rowVersion
table,acc.year_end_adjustment,Accounting.YearEndAdjustments
column,acc.year_end_adjustment.tenant_id,Accounting.YearEndAdjustments.tenantId
column,acc.year_end_adjustment.year_end_close_id,Accounting.YearEndAdjustments.yearEndCloseId
column,acc.year_end_adjustment.debit_account_id,Accounting.YearEndAdjustments.debitAccountId
column,acc.year_end_adjustment.credit_account_id,Accounting.YearEndAdjustments.creditAccountId
column,acc.year_end_adjustment.is_included,Accounting.YearEndAdjustments.isIncluded
column,acc.year_end_adjustment.journal_entry_id,Accounting.YearEndAdjustments.journalEntryId
column,acc.year_end_adjustment.created_at,Accounting.YearEndAdjustments.createdAt
column,acc.year_end_adjustment.created_by,Accounting.YearEndAdjustments.createdBy
column,acc.year_end_adjustment.updated_at,Accounting.YearEndAdjustments.updatedAt
column,acc.year_end_adjustment.updated_by,Accounting.YearEndAdjustments.updatedBy
column,acc.year_end_adjustment.row_version,Accounting.YearEndAdjustments.rowVersion
table,acc.year_end_close,Accounting.YearEndCloses
column,acc.year_end_close.tenant_id,Accounting.YearEndCloses.tenantId
column,acc.year_end_close.fiscal_year_id,Accounting.YearEndCloses.fiscalYearId
column,acc.year_end_close.run_mode,Accounting.YearEndCloses.runMode
column,acc.year_end_close.as_at_date,Accounting.YearEndCloses.asAtDate
column,acc.year_end_close.checks_total,Accounting.YearEndCloses.checksTotal
column,acc.year_end_close.checks_passed,Accounting.YearEndCloses.checksPassed
column,acc.year_end_close.checks_warning,Accounting.YearEndCloses.checksWarning
column,acc.year_end_close.warnings_acknowledged,Accounting.YearEndCloses.warningsAcknowledged
column,acc.year_end_close.retained_earnings_account_id,Accounting.YearEndCloses.retainedEarningsAccountId
column,acc.year_end_close.retained_opening,Accounting.YearEndCloses.retainedOpening
column,acc.year_end_close.net_profit,Accounting.YearEndCloses.netProfit
column,acc.year_end_close.retained_closing,Accounting.YearEndCloses.retainedClosing
column,acc.year_end_close.closing_journal_entry_id,Accounting.YearEndCloses.closingJournalEntryId
column,acc.year_end_close.lock_periods,Accounting.YearEndCloses.lockPeriods
column,acc.year_end_close.carry_forward,Accounting.YearEndCloses.carryForward
column,acc.year_end_close.generate_audit_pack,Accounting.YearEndCloses.generateAuditPack
column,acc.year_end_close.notify_user_ids,Accounting.YearEndCloses.notifyUserIds
column,acc.year_end_close.next_opening_batch_id,Accounting.YearEndCloses.nextOpeningBatchId
column,acc.year_end_close.run_by_user_id,Accounting.YearEndCloses.runByUserId
column,acc.year_end_close.run_at,Accounting.YearEndCloses.runAt
column,acc.year_end_close.ceo_approved_by_user_id,Accounting.YearEndCloses.ceoApprovedByUserId
column,acc.year_end_close.created_at,Accounting.YearEndCloses.createdAt
column,acc.year_end_close.created_by,Accounting.YearEndCloses.createdBy
column,acc.year_end_close.updated_at,Accounting.YearEndCloses.updatedAt
column,acc.year_end_close.updated_by,Accounting.YearEndCloses.updatedBy
column,acc.year_end_close.row_version,Accounting.YearEndCloses.rowVersion
table,core.account_role,Company.PostingRoles
column,core.account_role.role_group,Company.PostingRoles.roleGroup
column,core.account_role.normal_balance,Company.PostingRoles.normalBalance
column,core.account_role.on_settings_screen,Company.PostingRoles.onSettingsScreen
column,core.account_role.sort_order,Company.PostingRoles.sortOrder
column,core.account_role.created_at,Company.PostingRoles.createdAt
column,core.account_role.created_by,Company.PostingRoles.createdBy
column,core.account_role.updated_at,Company.PostingRoles.updatedAt
column,core.account_role.updated_by,Company.PostingRoles.updatedBy
column,core.account_role.row_version,Company.PostingRoles.rowVersion
table,core.activity_event,Company.ActivityEvents
column,core.activity_event.tenant_id,Company.ActivityEvents.tenantId
column,core.activity_event.occurred_at,Company.ActivityEvents.occurredAt
column,core.activity_event.actor_user_id,Company.ActivityEvents.actorUserId
column,core.activity_event.event_code,Company.ActivityEvents.eventCode
column,core.activity_event.entity_type,Company.ActivityEvents.entityType
column,core.activity_event.entity_id,Company.ActivityEvents.entityId
column,core.activity_event.entity_label,Company.ActivityEvents.entityLabel
column,core.activity_event.link_route,Company.ActivityEvents.linkRoute
column,core.activity_event.status_label,Company.ActivityEvents.statusLabel
column,core.activity_event.status_tone,Company.ActivityEvents.statusTone
column,core.activity_event.created_at,Company.ActivityEvents.createdAt
column,core.activity_event.created_by,Company.ActivityEvents.createdBy
column,core.activity_event.updated_at,Company.ActivityEvents.updatedAt
column,core.activity_event.updated_by,Company.ActivityEvents.updatedBy
column,core.activity_event.row_version,Company.ActivityEvents.rowVersion
column,core.activity_event.deleted_at,Company.ActivityEvents.deletedAt
table,core.api_key,Company.ApiKeys
column,core.api_key.tenant_id,Company.ApiKeys.tenantId
column,core.api_key.owner_user_id,Company.ApiKeys.ownerUserId
column,core.api_key.key_prefix,Company.ApiKeys.keyPrefix
column,core.api_key.key_last4,Company.ApiKeys.keyLast4
column,core.api_key.key_hash,Company.ApiKeys.keyHash
column,core.api_key.ip_allowlist,Company.ApiKeys.ipAllowlist
column,core.api_key.expires_at,Company.ApiKeys.expiresAt
column,core.api_key.last_used_at,Company.ApiKeys.lastUsedAt
column,core.api_key.last_used_ip,Company.ApiKeys.lastUsedIp
column,core.api_key.revoked_at,Company.ApiKeys.revokedAt
column,core.api_key.revoked_by_user_id,Company.ApiKeys.revokedByUserId
column,core.api_key.created_at,Company.ApiKeys.createdAt
column,core.api_key.created_by,Company.ApiKeys.createdBy
column,core.api_key.updated_at,Company.ApiKeys.updatedAt
column,core.api_key.updated_by,Company.ApiKeys.updatedBy
column,core.api_key.row_version,Company.ApiKeys.rowVersion
table,core.app_user,Company.Users
column,core.app_user.tenant_id,Company.Users.tenantId
column,core.app_user.password_hash,Company.Users.passwordHash
column,core.app_user.must_change_password,Company.Users.mustChangePassword
column,core.app_user.password_changed_at,Company.Users.passwordChangedAt
column,core.app_user.first_name,Company.Users.firstName
column,core.app_user.last_name,Company.Users.lastName
column,core.app_user.full_name,Company.Users.fullName
column,core.app_user.job_title,Company.Users.jobTitle
column,core.app_user.avatar_attachment_id,Company.Users.avatarAttachmentId
column,core.app_user.email_signature,Company.Users.emailSignature
column,core.app_user.is_external,Company.Users.isExternal
column,core.app_user.external_org,Company.Users.externalOrg
column,core.app_user.default_branch_id,Company.Users.defaultBranchId
column,core.app_user.data_scope,Company.Users.dataScope
column,core.app_user.module_access,Company.Users.moduleAccess
column,core.app_user.approval_limit,Company.Users.approvalLimit
column,core.app_user.mfa_enabled,Company.Users.mfaEnabled
column,core.app_user.mfa_method,Company.Users.mfaMethod
column,core.app_user.mfa_secret_enc,Company.Users.mfaSecretEnc
column,core.app_user.mfa_recovery_codes,Company.Users.mfaRecoveryCodes
column,core.app_user.ip_restricted,Company.Users.ipRestricted
column,core.app_user.ip_allowlist,Company.Users.ipAllowlist
column,core.app_user.session_timeout_min,Company.Users.sessionTimeoutMin
column,core.app_user.login_hours,Company.Users.loginHours
column,core.app_user.login_from,Company.Users.loginFrom
column,core.app_user.login_to,Company.Users.loginTo
column,core.app_user.sso_provider,Company.Users.ssoProvider
column,core.app_user.sso_subject,Company.Users.ssoSubject
column,core.app_user.failed_login_count,Company.Users.failedLoginCount
column,core.app_user.locked_until,Company.Users.lockedUntil
column,core.app_user.invited_by_user_id,Company.Users.invitedByUserId
column,core.app_user.invited_at,Company.Users.invitedAt
column,core.app_user.activated_at,Company.Users.activatedAt
column,core.app_user.suspended_at,Company.Users.suspendedAt
column,core.app_user.last_login_at,Company.Users.lastLoginAt
column,core.app_user.last_login_ip,Company.Users.lastLoginIp
column,core.app_user.last_active_at,Company.Users.lastActiveAt
column,core.app_user.employee_id,Company.Users.employeeId
column,core.app_user.created_at,Company.Users.createdAt
column,core.app_user.created_by,Company.Users.createdBy
column,core.app_user.updated_at,Company.Users.updatedAt
column,core.app_user.updated_by,Company.Users.updatedBy
column,core.app_user.row_version,Company.Users.rowVersion
column,core.app_user.deleted_at,Company.Users.deletedAt
table,core.approval_action,Company.ApprovalActions
column,core.approval_action.tenant_id,Company.ApprovalActions.tenantId
column,core.approval_action.request_id,Company.ApprovalActions.requestId
column,core.approval_action.step_no,Company.ApprovalActions.stepNo
column,core.approval_action.actor_user_id,Company.ApprovalActions.actorUserId
column,core.approval_action.on_behalf_of_user_id,Company.ApprovalActions.onBehalfOfUserId
column,core.approval_action.delegate_to_user_id,Company.ApprovalActions.delegateToUserId
column,core.approval_action.is_bulk,Company.ApprovalActions.isBulk
column,core.approval_action.acted_at,Company.ApprovalActions.actedAt
column,core.approval_action.ip_address,Company.ApprovalActions.ipAddress
column,core.approval_action.created_at,Company.ApprovalActions.createdAt
column,core.approval_action.created_by,Company.ApprovalActions.createdBy
column,core.approval_action.updated_at,Company.ApprovalActions.updatedAt
column,core.approval_action.updated_by,Company.ApprovalActions.updatedBy
column,core.approval_action.row_version,Company.ApprovalActions.rowVersion
table,core.approval_condition,Company.ApprovalWorkflowConditions
column,core.approval_condition.tenant_id,Company.ApprovalWorkflowConditions.tenantId
column,core.approval_condition.workflow_id,Company.ApprovalWorkflowConditions.workflowId
column,core.approval_condition.created_at,Company.ApprovalWorkflowConditions.createdAt
column,core.approval_condition.created_by,Company.ApprovalWorkflowConditions.createdBy
column,core.approval_condition.updated_at,Company.ApprovalWorkflowConditions.updatedAt
column,core.approval_condition.updated_by,Company.ApprovalWorkflowConditions.updatedBy
column,core.approval_condition.row_version,Company.ApprovalWorkflowConditions.rowVersion
table,core.approval_delegation,Company.ApprovalDelegations
column,core.approval_delegation.tenant_id,Company.ApprovalDelegations.tenantId
column,core.approval_delegation.from_user_id,Company.ApprovalDelegations.fromUserId
column,core.approval_delegation.to_user_id,Company.ApprovalDelegations.toUserId
column,core.approval_delegation.starts_on,Company.ApprovalDelegations.startsOn
column,core.approval_delegation.ends_on,Company.ApprovalDelegations.endsOn
column,core.approval_delegation.is_active,Company.ApprovalDelegations.isActive
column,core.approval_delegation.created_at,Company.ApprovalDelegations.createdAt
column,core.approval_delegation.created_by,Company.ApprovalDelegations.createdBy
column,core.approval_delegation.updated_at,Company.ApprovalDelegations.updatedAt
column,core.approval_delegation.updated_by,Company.ApprovalDelegations.updatedBy
column,core.approval_delegation.row_version,Company.ApprovalDelegations.rowVersion
table,core.approval_request,Company.Approvals
column,core.approval_request.tenant_id,Company.Approvals.tenantId
column,core.approval_request.workflow_id,Company.Approvals.workflowId
column,core.approval_request.entity_type,Company.Approvals.entityType
column,core.approval_request.entity_id,Company.Approvals.entityId
column,core.approval_request.doc_label,Company.Approvals.docLabel
column,core.approval_request.currency_code,Company.Approvals.currencyCode
column,core.approval_request.branch_id,Company.Approvals.branchId
column,core.approval_request.requested_by_user_id,Company.Approvals.requestedByUserId
column,core.approval_request.requested_at,Company.Approvals.requestedAt
column,core.approval_request.current_step_no,Company.Approvals.currentStepNo
column,core.approval_request.current_step_due_at,Company.Approvals.currentStepDueAt
column,core.approval_request.is_escalated,Company.Approvals.isEscalated
column,core.approval_request.completed_at,Company.Approvals.completedAt
column,core.approval_request.created_at,Company.Approvals.createdAt
column,core.approval_request.created_by,Company.Approvals.createdBy
column,core.approval_request.updated_at,Company.Approvals.updatedAt
column,core.approval_request.updated_by,Company.Approvals.updatedBy
column,core.approval_request.row_version,Company.Approvals.rowVersion
table,core.approval_step,Company.ApprovalWorkflowSteps
column,core.approval_step.tenant_id,Company.ApprovalWorkflowSteps.tenantId
column,core.approval_step.workflow_id,Company.ApprovalWorkflowSteps.workflowId
column,core.approval_step.step_no,Company.ApprovalWorkflowSteps.stepNo
column,core.approval_step.approver_type,Company.ApprovalWorkflowSteps.approverType
column,core.approval_step.approver_role_id,Company.ApprovalWorkflowSteps.approverRoleId
column,core.approval_step.approver_user_id,Company.ApprovalWorkflowSteps.approverUserId
column,core.approval_step.applies_above_amount,Company.ApprovalWorkflowSteps.appliesAboveAmount
column,core.approval_step.sla_hours,Company.ApprovalWorkflowSteps.slaHours
column,core.approval_step.on_sla_breach,Company.ApprovalWorkflowSteps.onSlaBreach
column,core.approval_step.approval_mode,Company.ApprovalWorkflowSteps.approvalMode
column,core.approval_step.block_self_approval,Company.ApprovalWorkflowSteps.blockSelfApproval
column,core.approval_step.allow_delegation,Company.ApprovalWorkflowSteps.allowDelegation
column,core.approval_step.require_comment,Company.ApprovalWorkflowSteps.requireComment
column,core.approval_step.created_at,Company.ApprovalWorkflowSteps.createdAt
column,core.approval_step.created_by,Company.ApprovalWorkflowSteps.createdBy
column,core.approval_step.updated_at,Company.ApprovalWorkflowSteps.updatedAt
column,core.approval_step.updated_by,Company.ApprovalWorkflowSteps.updatedBy
column,core.approval_step.row_version,Company.ApprovalWorkflowSteps.rowVersion
table,core.approval_workflow,Company.ApprovalWorkflows
column,core.approval_workflow.tenant_id,Company.ApprovalWorkflows.tenantId
column,core.approval_workflow.on_complete,Company.ApprovalWorkflows.onComplete
column,core.approval_workflow.on_reject,Company.ApprovalWorkflows.onReject
column,core.approval_workflow.notify_preparer,Company.ApprovalWorkflows.notifyPreparer
column,core.approval_workflow.notify_in_app,Company.ApprovalWorkflows.notifyInApp
column,core.approval_workflow.notify_email,Company.ApprovalWorkflows.notifyEmail
column,core.approval_workflow.notify_whatsapp,Company.ApprovalWorkflows.notifyWhatsapp
column,core.approval_workflow.published_at,Company.ApprovalWorkflows.publishedAt
column,core.approval_workflow.published_by_user_id,Company.ApprovalWorkflows.publishedByUserId
column,core.approval_workflow.created_at,Company.ApprovalWorkflows.createdAt
column,core.approval_workflow.created_by,Company.ApprovalWorkflows.createdBy
column,core.approval_workflow.updated_at,Company.ApprovalWorkflows.updatedAt
column,core.approval_workflow.updated_by,Company.ApprovalWorkflows.updatedBy
column,core.approval_workflow.row_version,Company.ApprovalWorkflows.rowVersion
column,core.approval_workflow.deleted_at,Company.ApprovalWorkflows.deletedAt
table,core.attachment,Company.Attachments
column,core.attachment.tenant_id,Company.Attachments.tenantId
column,core.attachment.entity_type,Company.Attachments.entityType
column,core.attachment.entity_id,Company.Attachments.entityId
column,core.attachment.file_name,Company.Attachments.fileName
column,core.attachment.content_type,Company.Attachments.contentType
column,core.attachment.size_bytes,Company.Attachments.sizeBytes
column,core.attachment.storage_key,Company.Attachments.storageKey
column,core.attachment.uploaded_by_user_id,Company.Attachments.uploadedByUserId
column,core.attachment.activity_event_id,Company.Attachments.activityEventId
column,core.attachment.comment_id,Company.Attachments.commentId
column,core.attachment.created_at,Company.Attachments.createdAt
column,core.attachment.created_by,Company.Attachments.createdBy
column,core.attachment.updated_at,Company.Attachments.updatedAt
column,core.attachment.updated_by,Company.Attachments.updatedBy
column,core.attachment.row_version,Company.Attachments.rowVersion
column,core.attachment.deleted_at,Company.Attachments.deletedAt
table,core.audit_log,Company.AuditTrailEntries
column,core.audit_log.tenant_id,Company.AuditTrailEntries.tenantId
column,core.audit_log.occurred_at,Company.AuditTrailEntries.occurredAt
column,core.audit_log.user_id,Company.AuditTrailEntries.userId
column,core.audit_log.actor_email,Company.AuditTrailEntries.actorEmail
column,core.audit_log.schema_name,Company.AuditTrailEntries.schemaName
column,core.audit_log.table_name,Company.AuditTrailEntries.tableName
column,core.audit_log.record_id,Company.AuditTrailEntries.recordId
column,core.audit_log.record_label,Company.AuditTrailEntries.recordLabel
column,core.audit_log.ip_address,Company.AuditTrailEntries.ipAddress
column,core.audit_log.user_agent,Company.AuditTrailEntries.userAgent
column,core.audit_log.session_id,Company.AuditTrailEntries.sessionId
column,core.audit_log.entry_hash,Company.AuditTrailEntries.entryHash
table,core.audit_log_default,Company.AuditTrailEntriesDefault
table,core.audit_seal,Company.AuditTrailSeals
column,core.audit_seal.tenant_id,Company.AuditTrailSeals.tenantId
column,core.audit_seal.block_no,Company.AuditTrailSeals.blockNo
column,core.audit_seal.first_log_id,Company.AuditTrailSeals.firstLogId
column,core.audit_seal.last_log_id,Company.AuditTrailSeals.lastLogId
column,core.audit_seal.entry_count,Company.AuditTrailSeals.entryCount
column,core.audit_seal.prev_seal_hash,Company.AuditTrailSeals.prevSealHash
column,core.audit_seal.seal_hash,Company.AuditTrailSeals.sealHash
column,core.audit_seal.sealed_at,Company.AuditTrailSeals.sealedAt
table,core.backup_policy,Company.BackupSettings
column,core.backup_policy.tenant_id,Company.BackupSettings.tenantId
column,core.backup_policy.run_at,Company.BackupSettings.runAt
column,core.backup_policy.keep_daily_days,Company.BackupSettings.keepDailyDays
column,core.backup_policy.keep_monthly_months,Company.BackupSettings.keepMonthlyMonths
column,core.backup_policy.include_attachments,Company.BackupSettings.includeAttachments
column,core.backup_policy.email_owner_on_failure,Company.BackupSettings.emailOwnerOnFailure
column,core.backup_policy.copy_to_google_drive,Company.BackupSettings.copyToGoogleDrive
column,core.backup_policy.next_run_at,Company.BackupSettings.nextRunAt
column,core.backup_policy.created_at,Company.BackupSettings.createdAt
column,core.backup_policy.created_by,Company.BackupSettings.createdBy
column,core.backup_policy.updated_at,Company.BackupSettings.updatedAt
column,core.backup_policy.updated_by,Company.BackupSettings.updatedBy
column,core.backup_policy.row_version,Company.BackupSettings.rowVersion
table,core.backup_snapshot,Company.Backups
column,core.backup_snapshot.tenant_id,Company.Backups.tenantId
column,core.backup_snapshot.snapshot_code,Company.Backups.snapshotCode
column,core.backup_snapshot.started_at,Company.Backups.startedAt
column,core.backup_snapshot.finished_at,Company.Backups.finishedAt
column,core.backup_snapshot.size_bytes,Company.Backups.sizeBytes
column,core.backup_snapshot.attachments_bytes,Company.Backups.attachmentsBytes
column,core.backup_snapshot.status_note,Company.Backups.statusNote
column,core.backup_snapshot.is_locked,Company.Backups.isLocked
column,core.backup_snapshot.storage_regions,Company.Backups.storageRegions
column,core.backup_snapshot.expires_at,Company.Backups.expiresAt
column,core.backup_snapshot.requested_by_user_id,Company.Backups.requestedByUserId
column,core.backup_snapshot.created_at,Company.Backups.createdAt
column,core.backup_snapshot.created_by,Company.Backups.createdBy
column,core.backup_snapshot.updated_at,Company.Backups.updatedAt
column,core.backup_snapshot.updated_by,Company.Backups.updatedBy
column,core.backup_snapshot.row_version,Company.Backups.rowVersion
table,core.branch,Company.Branches
column,core.branch.tenant_id,Company.Branches.tenantId
column,core.branch.is_head_office,Company.Branches.isHeadOffice
column,core.branch.is_default,Company.Branches.isDefault
column,core.branch.manager_user_id,Company.Branches.managerUserId
column,core.branch.sales_tax_authority,Company.Branches.salesTaxAuthority
column,core.branch.opening_date,Company.Branches.openingDate
column,core.branch.manager_employee_id,Company.Branches.managerEmployeeId
column,core.branch.geofence_radius_m,Company.Branches.geofenceRadiusM
column,core.branch.created_at,Company.Branches.createdAt
column,core.branch.created_by,Company.Branches.createdBy
column,core.branch.updated_at,Company.Branches.updatedAt
column,core.branch.updated_by,Company.Branches.updatedBy
column,core.branch.row_version,Company.Branches.rowVersion
column,core.branch.deleted_at,Company.Branches.deletedAt
table,core.comment,Company.Comments
column,core.comment.tenant_id,Company.Comments.tenantId
column,core.comment.author_user_id,Company.Comments.authorUserId
column,core.comment.entity_type,Company.Comments.entityType
column,core.comment.entity_id,Company.Comments.entityId
column,core.comment.activity_event_id,Company.Comments.activityEventId
column,core.comment.parent_comment_id,Company.Comments.parentCommentId
column,core.comment.edited_at,Company.Comments.editedAt
column,core.comment.created_at,Company.Comments.createdAt
column,core.comment.created_by,Company.Comments.createdBy
column,core.comment.updated_at,Company.Comments.updatedAt
column,core.comment.updated_by,Company.Comments.updatedBy
column,core.comment.row_version,Company.Comments.rowVersion
column,core.comment.deleted_at,Company.Comments.deletedAt
table,core.company_profile,Company.CompanySettings
column,core.company_profile.tenant_id,Company.CompanySettings.tenantId
column,core.company_profile.legal_name,Company.CompanySettings.legalName
column,core.company_profile.trading_name,Company.CompanySettings.tradingName
column,core.company_profile.secp_reg_no,Company.CompanySettings.secpRegNo
column,core.company_profile.registered_address,Company.CompanySettings.registeredAddress
column,core.company_profile.legal_structure,Company.CompanySettings.legalStructure
column,core.company_profile.logo_attachment_id,Company.CompanySettings.logoAttachmentId
column,core.company_profile.fy_start_month,Company.CompanySettings.fyStartMonth
column,core.company_profile.base_currency_code,Company.CompanySettings.baseCurrencyCode
column,core.company_profile.amount_decimals,Company.CompanySettings.amountDecimals
column,core.company_profile.number_format,Company.CompanySettings.numberFormat
column,core.company_profile.books_lock_date,Company.CompanySettings.booksLockDate
column,core.company_profile.fx_rate_source,Company.CompanySettings.fxRateSource
column,core.company_profile.allow_multi_currency,Company.CompanySettings.allowMultiCurrency
column,core.company_profile.require_cost_centre_on_expense,Company.CompanySettings.requireCostCentreOnExpense
column,core.company_profile.allow_future_period_posting,Company.CompanySettings.allowFuturePeriodPosting
column,core.company_profile.default_customer_terms_days,Company.CompanySettings.defaultCustomerTermsDays
column,core.company_profile.quotation_validity_days,Company.CompanySettings.quotationValidityDays
column,core.company_profile.default_sales_tax_code_id,Company.CompanySettings.defaultSalesTaxCodeId
column,core.company_profile.invoice_terms,Company.CompanySettings.invoiceTerms
column,core.company_profile.credit_limit_action,Company.CompanySettings.creditLimitAction
column,core.company_profile.overdue_tolerance_days,Company.CompanySettings.overdueToleranceDays
column,core.company_profile.block_overdue_over_90,Company.CompanySettings.blockOverdueOver90
column,core.company_profile.default_vendor_terms_days,Company.CompanySettings.defaultVendorTermsDays
column,core.company_profile.three_way_match_tolerance_pct,Company.CompanySettings.threeWayMatchTolerancePct
column,core.company_profile.bill_approval_threshold,Company.CompanySettings.billApprovalThreshold
column,core.company_profile.require_approved_po_for_bill,Company.CompanySettings.requireApprovedPoForBill
column,core.company_profile.auto_deduct_wht_153,Company.CompanySettings.autoDeductWht153
column,core.company_profile.allow_partial_grn,Company.CompanySettings.allowPartialGrn
column,core.company_profile.warn_duplicate_vendor_invoice,Company.CompanySettings.warnDuplicateVendorInvoice
column,core.company_profile.stock_adjustment_approval_threshold,Company.CompanySettings.stockAdjustmentApprovalThreshold
column,core.company_profile.gst_registered,Company.CompanySettings.gstRegistered
column,core.company_profile.sales_tax_return_period,Company.CompanySettings.salesTaxReturnPeriod
column,core.company_profile.standard_gst_rate_pct,Company.CompanySettings.standardGstRatePct
column,core.company_profile.further_tax_rate_pct,Company.CompanySettings.furtherTaxRatePct
column,core.company_profile.provincial_tax_authority,Company.CompanySettings.provincialTaxAuthority
column,core.company_profile.provincial_services_rate_pct,Company.CompanySettings.provincialServicesRatePct
column,core.company_profile.atl_status,Company.CompanySettings.atlStatus
column,core.company_profile.atl_verified_at,Company.CompanySettings.atlVerifiedAt
column,core.company_profile.brand_primary_colour,Company.CompanySettings.brandPrimaryColour
column,core.company_profile.brand_accent_colour,Company.CompanySettings.brandAccentColour
column,core.company_profile.document_font,Company.CompanySettings.documentFont
column,core.company_profile.paper_size,Company.CompanySettings.paperSize
column,core.company_profile.email_footer,Company.CompanySettings.emailFooter
column,core.company_profile.show_powered_by,Company.CompanySettings.showPoweredBy
column,core.company_profile.fbr_realtime_reporting,Company.CompanySettings.fbrRealtimeReporting
column,core.company_profile.print_fbr_qr,Company.CompanySettings.printFbrQr
column,core.company_profile.pay_day_rule,Company.CompanySettings.payDayRule
column,core.company_profile.payroll_cutoff,Company.CompanySettings.payrollCutoff
column,core.company_profile.working_days_basis,Company.CompanySettings.workingDaysBasis
column,core.company_profile.eobi_employer_amount,Company.CompanySettings.eobiEmployerAmount
column,core.company_profile.pf_rate_pct,Company.CompanySettings.pfRatePct
column,core.company_profile.auto_deduct_salary_tax,Company.CompanySettings.autoDeductSalaryTax
column,core.company_profile.publish_payslips_to_ess,Company.CompanySettings.publishPayslipsToEss
column,core.company_profile.working_week,Company.CompanySettings.workingWeek
column,core.company_profile.grace_minutes,Company.CompanySettings.graceMinutes
column,core.company_profile.late_marks_per_leave,Company.CompanySettings.lateMarksPerLeave
column,core.company_profile.half_day_below_hours,Company.CompanySettings.halfDayBelowHours
column,core.company_profile.overtime_multiplier,Company.CompanySettings.overtimeMultiplier
column,core.company_profile.attendance_source,Company.CompanySettings.attendanceSource
column,core.company_profile.geofence_ess_punch,Company.CompanySettings.geofenceEssPunch
column,core.company_profile.allow_offsite_personal_punch,Company.CompanySettings.allowOffsitePersonalPunch
column,core.company_profile.created_at,Company.CompanySettings.createdAt
column,core.company_profile.created_by,Company.CompanySettings.createdBy
column,core.company_profile.updated_at,Company.CompanySettings.updatedAt
column,core.company_profile.updated_by,Company.CompanySettings.updatedBy
column,core.company_profile.row_version,Company.CompanySettings.rowVersion
table,core.company_setting,Company.CompanySettingValues
column,core.company_setting.tenant_id,Company.CompanySettingValues.tenantId
column,core.company_setting.setting_group,Company.CompanySettingValues.settingGroup
column,core.company_setting.created_at,Company.CompanySettingValues.createdAt
column,core.company_setting.created_by,Company.CompanySettingValues.createdBy
column,core.company_setting.updated_at,Company.CompanySettingValues.updatedAt
column,core.company_setting.updated_by,Company.CompanySettingValues.updatedBy
column,core.company_setting.row_version,Company.CompanySettingValues.rowVersion
table,core.currency,Company.Currencies
column,core.currency.minor_units,Company.Currencies.minorUnits
column,core.currency.is_active,Company.Currencies.isActive
column,core.currency.created_at,Company.Currencies.createdAt
column,core.currency.created_by,Company.Currencies.createdBy
column,core.currency.updated_at,Company.Currencies.updatedAt
column,core.currency.updated_by,Company.Currencies.updatedBy
column,core.currency.row_version,Company.Currencies.rowVersion
table,core.default_account_map,Company.DefaultAccountMappings
column,core.default_account_map.tenant_id,Company.DefaultAccountMappings.tenantId
column,core.default_account_map.account_id,Company.DefaultAccountMappings.accountId
column,core.default_account_map.bank_account_id,Company.DefaultAccountMappings.bankAccountId
column,core.default_account_map.created_at,Company.DefaultAccountMappings.createdAt
column,core.default_account_map.created_by,Company.DefaultAccountMappings.createdBy
column,core.default_account_map.updated_at,Company.DefaultAccountMappings.updatedAt
column,core.default_account_map.updated_by,Company.DefaultAccountMappings.updatedBy
column,core.default_account_map.row_version,Company.DefaultAccountMappings.rowVersion
table,core.doc_sequence,Company.NumberingSeries
column,core.doc_sequence.tenant_id,Company.NumberingSeries.tenantId
column,core.doc_sequence.doc_type,Company.NumberingSeries.docType
column,core.doc_sequence.branch_id,Company.NumberingSeries.branchId
column,core.doc_sequence.start_value,Company.NumberingSeries.startValue
column,core.doc_sequence.reset_policy,Company.NumberingSeries.resetPolicy
column,core.doc_sequence.is_active,Company.NumberingSeries.isActive
column,core.doc_sequence.created_at,Company.NumberingSeries.createdAt
column,core.doc_sequence.created_by,Company.NumberingSeries.createdBy
column,core.doc_sequence.updated_at,Company.NumberingSeries.updatedAt
column,core.doc_sequence.updated_by,Company.NumberingSeries.updatedBy
column,core.doc_sequence.row_version,Company.NumberingSeries.rowVersion
table,core.doc_sequence_counter,Company.NumberingSeriesCounters
column,core.doc_sequence_counter.tenant_id,Company.NumberingSeriesCounters.tenantId
column,core.doc_sequence_counter.sequence_id,Company.NumberingSeriesCounters.sequenceId
column,core.doc_sequence_counter.period_key,Company.NumberingSeriesCounters.periodKey
column,core.doc_sequence_counter.next_value,Company.NumberingSeriesCounters.nextValue
column,core.doc_sequence_counter.created_at,Company.NumberingSeriesCounters.createdAt
column,core.doc_sequence_counter.updated_at,Company.NumberingSeriesCounters.updatedAt
table,core.doc_template,Company.DocumentTemplates
column,core.doc_template.tenant_id,Company.DocumentTemplates.tenantId
column,core.doc_template.doc_type,Company.DocumentTemplates.docType
column,core.doc_template.letter_kind,Company.DocumentTemplates.letterKind
column,core.doc_template.header_layout,Company.DocumentTemplates.headerLayout
column,core.doc_template.show_ntn_strn,Company.DocumentTemplates.showNtnStrn
column,core.doc_template.show_fbr_qr,Company.DocumentTemplates.showFbrQr
column,core.doc_template.show_hs_codes,Company.DocumentTemplates.showHsCodes
column,core.doc_template.show_item_images,Company.DocumentTemplates.showItemImages
column,core.doc_template.show_amount_in_words,Company.DocumentTemplates.showAmountInWords
column,core.doc_template.show_bank_details,Company.DocumentTemplates.showBankDetails
column,core.doc_template.body_html,Company.DocumentTemplates.bodyHtml
column,core.doc_template.is_default,Company.DocumentTemplates.isDefault
column,core.doc_template.created_at,Company.DocumentTemplates.createdAt
column,core.doc_template.created_by,Company.DocumentTemplates.createdBy
column,core.doc_template.updated_at,Company.DocumentTemplates.updatedAt
column,core.doc_template.updated_by,Company.DocumentTemplates.updatedBy
column,core.doc_template.row_version,Company.DocumentTemplates.rowVersion
column,core.doc_template.deleted_at,Company.DocumentTemplates.deletedAt
table,core.doc_type,Company.DocumentTypes
column,core.doc_type.table_name,Company.DocumentTypes.tableName
column,core.doc_type.default_prefix,Company.DocumentTypes.defaultPrefix
column,core.doc_type.default_pattern,Company.DocumentTypes.defaultPattern
column,core.doc_type.default_padding,Company.DocumentTypes.defaultPadding
column,core.doc_type.default_reset_policy,Company.DocumentTypes.defaultResetPolicy
column,core.doc_type.is_posting_doc,Company.DocumentTypes.isPostingDoc
column,core.doc_type.is_master,Company.DocumentTypes.isMaster
column,core.doc_type.supports_approval,Company.DocumentTypes.supportsApproval
column,core.doc_type.sort_order,Company.DocumentTypes.sortOrder
column,core.doc_type.is_active,Company.DocumentTypes.isActive
column,core.doc_type.created_at,Company.DocumentTypes.createdAt
column,core.doc_type.created_by,Company.DocumentTypes.createdBy
column,core.doc_type.updated_at,Company.DocumentTypes.updatedAt
column,core.doc_type.updated_by,Company.DocumentTypes.updatedBy
column,core.doc_type.row_version,Company.DocumentTypes.rowVersion
table,core.entity_tag,Company.TaggedRecords
column,core.entity_tag.tenant_id,Company.TaggedRecords.tenantId
column,core.entity_tag.tag_id,Company.TaggedRecords.tagId
column,core.entity_tag.entity_type,Company.TaggedRecords.entityType
column,core.entity_tag.entity_id,Company.TaggedRecords.entityId
column,core.entity_tag.created_at,Company.TaggedRecords.createdAt
column,core.entity_tag.created_by,Company.TaggedRecords.createdBy
column,core.entity_tag.updated_at,Company.TaggedRecords.updatedAt
column,core.entity_tag.updated_by,Company.TaggedRecords.updatedBy
column,core.entity_tag.row_version,Company.TaggedRecords.rowVersion
table,core.fx_rate,Company.ExchangeRates
column,core.fx_rate.tenant_id,Company.ExchangeRates.tenantId
column,core.fx_rate.currency_code,Company.ExchangeRates.currencyCode
column,core.fx_rate.rate_date,Company.ExchangeRates.rateDate
column,core.fx_rate.created_at,Company.ExchangeRates.createdAt
column,core.fx_rate.created_by,Company.ExchangeRates.createdBy
column,core.fx_rate.updated_at,Company.ExchangeRates.updatedAt
column,core.fx_rate.updated_by,Company.ExchangeRates.updatedBy
column,core.fx_rate.row_version,Company.ExchangeRates.rowVersion
table,core.import_error,Company.DataImportErrors
column,core.import_error.tenant_id,Company.DataImportErrors.tenantId
column,core.import_error.job_id,Company.DataImportErrors.jobId
column,core.import_error.row_no,Company.DataImportErrors.rowNo
column,core.import_error.field_key,Company.DataImportErrors.fieldKey
column,core.import_error.bad_value,Company.DataImportErrors.badValue
column,core.import_error.is_fixed,Company.DataImportErrors.isFixed
column,core.import_error.fixed_value,Company.DataImportErrors.fixedValue
column,core.import_error.created_at,Company.DataImportErrors.createdAt
column,core.import_error.created_by,Company.DataImportErrors.createdBy
column,core.import_error.updated_at,Company.DataImportErrors.updatedAt
column,core.import_error.updated_by,Company.DataImportErrors.updatedBy
column,core.import_error.row_version,Company.DataImportErrors.rowVersion
table,core.import_job,Company.DataImports
column,core.import_job.tenant_id,Company.DataImports.tenantId
column,core.import_job.job_no,Company.DataImports.jobNo
column,core.import_job.file_attachment_id,Company.DataImports.fileAttachmentId
column,core.import_job.file_name,Company.DataImports.fileName
column,core.import_job.file_size_bytes,Company.DataImports.fileSizeBytes
column,core.import_job.source_system,Company.DataImports.sourceSystem
column,core.import_job.total_rows,Company.DataImports.totalRows
column,core.import_job.column_map,Company.DataImports.columnMap
column,core.import_job.skip_error_rows,Company.DataImports.skipErrorRows
column,core.import_job.error_count,Company.DataImports.errorCount
column,core.import_job.rows_created,Company.DataImports.rowsCreated
column,core.import_job.rows_updated,Company.DataImports.rowsUpdated
column,core.import_job.rows_skipped,Company.DataImports.rowsSkipped
column,core.import_job.started_by_user_id,Company.DataImports.startedByUserId
column,core.import_job.started_at,Company.DataImports.startedAt
column,core.import_job.finished_at,Company.DataImports.finishedAt
column,core.import_job.created_at,Company.DataImports.createdAt
column,core.import_job.created_by,Company.DataImports.createdBy
column,core.import_job.updated_at,Company.DataImports.updatedAt
column,core.import_job.updated_by,Company.DataImports.updatedBy
column,core.import_job.row_version,Company.DataImports.rowVersion
table,core.integration,Company.Integrations
column,core.integration.tenant_id,Company.Integrations.tenantId
column,core.integration.display_name,Company.Integrations.displayName
column,core.integration.reference_label,Company.Integrations.referenceLabel
column,core.integration.bank_account_id,Company.Integrations.bankAccountId
column,core.integration.secret_ref,Company.Integrations.secretRef
column,core.integration.token_expires_at,Company.Integrations.tokenExpiresAt
column,core.integration.connected_at,Company.Integrations.connectedAt
column,core.integration.connected_by_user_id,Company.Integrations.connectedByUserId
column,core.integration.last_sync_at,Company.Integrations.lastSyncAt
column,core.integration.last_sync_summary,Company.Integrations.lastSyncSummary
column,core.integration.last_error,Company.Integrations.lastError
column,core.integration.created_at,Company.Integrations.createdAt
column,core.integration.created_by,Company.Integrations.createdBy
column,core.integration.updated_at,Company.Integrations.updatedAt
column,core.integration.updated_by,Company.Integrations.updatedBy
column,core.integration.row_version,Company.Integrations.rowVersion
table,core.mention,Company.Mentions
column,core.mention.tenant_id,Company.Mentions.tenantId
column,core.mention.mentioned_user_id,Company.Mentions.mentionedUserId
column,core.mention.mentioned_by_user_id,Company.Mentions.mentionedByUserId
column,core.mention.activity_event_id,Company.Mentions.activityEventId
column,core.mention.comment_id,Company.Mentions.commentId
column,core.mention.read_at,Company.Mentions.readAt
column,core.mention.created_at,Company.Mentions.createdAt
column,core.mention.created_by,Company.Mentions.createdBy
column,core.mention.updated_at,Company.Mentions.updatedAt
column,core.mention.updated_by,Company.Mentions.updatedBy
column,core.mention.row_version,Company.Mentions.rowVersion
table,core.notification,Company.Notifications
column,core.notification.tenant_id,Company.Notifications.tenantId
column,core.notification.user_id,Company.Notifications.userId
column,core.notification.event_code,Company.Notifications.eventCode
column,core.notification.link_route,Company.Notifications.linkRoute
column,core.notification.entity_type,Company.Notifications.entityType
column,core.notification.entity_id,Company.Notifications.entityId
column,core.notification.actor_user_id,Company.Notifications.actorUserId
column,core.notification.needs_action,Company.Notifications.needsAction
column,core.notification.is_mention,Company.Notifications.isMention
column,core.notification.read_at,Company.Notifications.readAt
column,core.notification.archived_at,Company.Notifications.archivedAt
column,core.notification.created_at,Company.Notifications.createdAt
column,core.notification.created_by,Company.Notifications.createdBy
column,core.notification.updated_at,Company.Notifications.updatedAt
column,core.notification.updated_by,Company.Notifications.updatedBy
column,core.notification.row_version,Company.Notifications.rowVersion
table,core.notification_pref,Company.NotificationPreferences
column,core.notification_pref.tenant_id,Company.NotificationPreferences.tenantId
column,core.notification_pref.user_id,Company.NotificationPreferences.userId
column,core.notification_pref.event_code,Company.NotificationPreferences.eventCode
column,core.notification_pref.is_enabled,Company.NotificationPreferences.isEnabled
column,core.notification_pref.min_amount,Company.NotificationPreferences.minAmount
column,core.notification_pref.digest_time,Company.NotificationPreferences.digestTime
column,core.notification_pref.created_at,Company.NotificationPreferences.createdAt
column,core.notification_pref.created_by,Company.NotificationPreferences.createdBy
column,core.notification_pref.updated_at,Company.NotificationPreferences.updatedAt
column,core.notification_pref.updated_by,Company.NotificationPreferences.updatedBy
column,core.notification_pref.row_version,Company.NotificationPreferences.rowVersion
table,core.password_reset,Company.PasswordResets
column,core.password_reset.tenant_id,Company.PasswordResets.tenantId
column,core.password_reset.user_id,Company.PasswordResets.userId
column,core.password_reset.token_hash,Company.PasswordResets.tokenHash
column,core.password_reset.requested_ip,Company.PasswordResets.requestedIp
column,core.password_reset.requested_by_user_id,Company.PasswordResets.requestedByUserId
column,core.password_reset.expires_at,Company.PasswordResets.expiresAt
column,core.password_reset.used_at,Company.PasswordResets.usedAt
column,core.password_reset.created_at,Company.PasswordResets.createdAt
column,core.password_reset.created_by,Company.PasswordResets.createdBy
column,core.password_reset.updated_at,Company.PasswordResets.updatedAt
column,core.password_reset.updated_by,Company.PasswordResets.updatedBy
column,core.password_reset.row_version,Company.PasswordResets.rowVersion
table,core.permission,Company.Permissions
column,core.permission.resource_label,Company.Permissions.resourceLabel
column,core.permission.sort_order,Company.Permissions.sortOrder
column,core.permission.created_at,Company.Permissions.createdAt
column,core.permission.created_by,Company.Permissions.createdBy
column,core.permission.updated_at,Company.Permissions.updatedAt
column,core.permission.updated_by,Company.Permissions.updatedBy
column,core.permission.row_version,Company.Permissions.rowVersion
table,core.reaction,Company.Reactions
column,core.reaction.tenant_id,Company.Reactions.tenantId
column,core.reaction.user_id,Company.Reactions.userId
column,core.reaction.activity_event_id,Company.Reactions.activityEventId
column,core.reaction.comment_id,Company.Reactions.commentId
column,core.reaction.created_at,Company.Reactions.createdAt
column,core.reaction.created_by,Company.Reactions.createdBy
column,core.reaction.updated_at,Company.Reactions.updatedAt
column,core.reaction.updated_by,Company.Reactions.updatedBy
column,core.reaction.row_version,Company.Reactions.rowVersion
table,core.restore_request,Company.BackupRestoreRequests
column,core.restore_request.tenant_id,Company.BackupRestoreRequests.tenantId
column,core.restore_request.snapshot_id,Company.BackupRestoreRequests.snapshotId
column,core.restore_request.confirm_text,Company.BackupRestoreRequests.confirmText
column,core.restore_request.take_safety_backup,Company.BackupRestoreRequests.takeSafetyBackup
column,core.restore_request.safety_snapshot_id,Company.BackupRestoreRequests.safetySnapshotId
column,core.restore_request.requested_by_user_id,Company.BackupRestoreRequests.requestedByUserId
column,core.restore_request.requested_at,Company.BackupRestoreRequests.requestedAt
column,core.restore_request.scheduled_for,Company.BackupRestoreRequests.scheduledFor
column,core.restore_request.started_at,Company.BackupRestoreRequests.startedAt
column,core.restore_request.completed_at,Company.BackupRestoreRequests.completedAt
column,core.restore_request.created_at,Company.BackupRestoreRequests.createdAt
column,core.restore_request.created_by,Company.BackupRestoreRequests.createdBy
column,core.restore_request.updated_at,Company.BackupRestoreRequests.updatedAt
column,core.restore_request.updated_by,Company.BackupRestoreRequests.updatedBy
column,core.restore_request.row_version,Company.BackupRestoreRequests.rowVersion
table,core.role,Company.Roles
column,core.role.tenant_id,Company.Roles.tenantId
column,core.role.system_key,Company.Roles.systemKey
column,core.role.is_system,Company.Roles.isSystem
column,core.role.branch_restricted,Company.Roles.branchRestricted
column,core.role.copied_from_role_id,Company.Roles.copiedFromRoleId
column,core.role.created_at,Company.Roles.createdAt
column,core.role.created_by,Company.Roles.createdBy
column,core.role.updated_at,Company.Roles.updatedAt
column,core.role.updated_by,Company.Roles.updatedBy
column,core.role.row_version,Company.Roles.rowVersion
column,core.role.deleted_at,Company.Roles.deletedAt
table,core.role_limit,Company.RoleLimits
column,core.role_limit.tenant_id,Company.RoleLimits.tenantId
column,core.role_limit.role_id,Company.RoleLimits.roleId
column,core.role_limit.max_voucher_amount,Company.RoleLimits.maxVoucherAmount
column,core.role_limit.max_discount_pct,Company.RoleLimits.maxDiscountPct
column,core.role_limit.backdate_days,Company.RoleLimits.backdateDays
column,core.role_limit.salary_visibility,Company.RoleLimits.salaryVisibility
column,core.role_limit.created_at,Company.RoleLimits.createdAt
column,core.role_limit.created_by,Company.RoleLimits.createdBy
column,core.role_limit.updated_at,Company.RoleLimits.updatedAt
column,core.role_limit.updated_by,Company.RoleLimits.updatedBy
column,core.role_limit.row_version,Company.RoleLimits.rowVersion
table,core.role_permission,Company.RolePermissions
column,core.role_permission.tenant_id,Company.RolePermissions.tenantId
column,core.role_permission.role_id,Company.RolePermissions.roleId
column,core.role_permission.permission_code,Company.RolePermissions.permissionCode
column,core.role_permission.created_at,Company.RolePermissions.createdAt
column,core.role_permission.created_by,Company.RolePermissions.createdBy
column,core.role_permission.updated_at,Company.RolePermissions.updatedAt
column,core.role_permission.updated_by,Company.RolePermissions.updatedBy
column,core.role_permission.row_version,Company.RolePermissions.rowVersion
table,core.setup_step_state,Company.SetupGuideSteps
column,core.setup_step_state.tenant_id,Company.SetupGuideSteps.tenantId
column,core.setup_step_state.step_key,Company.SetupGuideSteps.stepKey
column,core.setup_step_state.is_done,Company.SetupGuideSteps.isDone
column,core.setup_step_state.done_at,Company.SetupGuideSteps.doneAt
column,core.setup_step_state.done_by_user_id,Company.SetupGuideSteps.doneByUserId
column,core.setup_step_state.auto_detected,Company.SetupGuideSteps.autoDetected
column,core.setup_step_state.created_at,Company.SetupGuideSteps.createdAt
column,core.setup_step_state.created_by,Company.SetupGuideSteps.createdBy
column,core.setup_step_state.updated_at,Company.SetupGuideSteps.updatedAt
column,core.setup_step_state.updated_by,Company.SetupGuideSteps.updatedBy
column,core.setup_step_state.row_version,Company.SetupGuideSteps.rowVersion
table,core.sod_rule,Company.SegregationOfDutiesRules
column,core.sod_rule.tenant_id,Company.SegregationOfDutiesRules.tenantId
column,core.sod_rule.permission_a,Company.SegregationOfDutiesRules.permissionA
column,core.sod_rule.permission_b,Company.SegregationOfDutiesRules.permissionB
column,core.sod_rule.owner_exempt,Company.SegregationOfDutiesRules.ownerExempt
column,core.sod_rule.is_active,Company.SegregationOfDutiesRules.isActive
column,core.sod_rule.created_at,Company.SegregationOfDutiesRules.createdAt
column,core.sod_rule.created_by,Company.SegregationOfDutiesRules.createdBy
column,core.sod_rule.updated_at,Company.SegregationOfDutiesRules.updatedAt
column,core.sod_rule.updated_by,Company.SegregationOfDutiesRules.updatedBy
column,core.sod_rule.row_version,Company.SegregationOfDutiesRules.rowVersion
table,core.tag,Company.Tags
column,core.tag.tenant_id,Company.Tags.tenantId
column,core.tag.created_at,Company.Tags.createdAt
column,core.tag.created_by,Company.Tags.createdBy
column,core.tag.updated_at,Company.Tags.updatedAt
column,core.tag.updated_by,Company.Tags.updatedBy
column,core.tag.row_version,Company.Tags.rowVersion
column,core.tag.deleted_at,Company.Tags.deletedAt
table,core.task,Company.Tasks
column,core.task.tenant_id,Company.Tasks.tenantId
column,core.task.assignee_user_id,Company.Tasks.assigneeUserId
column,core.task.assigned_by_user_id,Company.Tasks.assignedByUserId
column,core.task.due_date,Company.Tasks.dueDate
column,core.task.due_time,Company.Tasks.dueTime
column,core.task.repeat_rule,Company.Tasks.repeatRule
column,core.task.remind_before_min,Company.Tasks.remindBeforeMin
column,core.task.link_route,Company.Tasks.linkRoute
column,core.task.entity_type,Company.Tasks.entityType
column,core.task.entity_id,Company.Tasks.entityId
column,core.task.completed_at,Company.Tasks.completedAt
column,core.task.created_at,Company.Tasks.createdAt
column,core.task.created_by,Company.Tasks.createdBy
column,core.task.updated_at,Company.Tasks.updatedAt
column,core.task.updated_by,Company.Tasks.updatedBy
column,core.task.row_version,Company.Tasks.rowVersion
table,core.trusted_device,Company.TrustedDevices
column,core.trusted_device.tenant_id,Company.TrustedDevices.tenantId
column,core.trusted_device.user_id,Company.TrustedDevices.userId
column,core.trusted_device.device_fingerprint_hash,Company.TrustedDevices.deviceFingerprintHash
column,core.trusted_device.device_label,Company.TrustedDevices.deviceLabel
column,core.trusted_device.app_version,Company.TrustedDevices.appVersion
column,core.trusted_device.push_token,Company.TrustedDevices.pushToken
column,core.trusted_device.biometric_unlock,Company.TrustedDevices.biometricUnlock
column,core.trusted_device.trusted_until,Company.TrustedDevices.trustedUntil
column,core.trusted_device.last_seen_at,Company.TrustedDevices.lastSeenAt
column,core.trusted_device.last_ip,Company.TrustedDevices.lastIp
column,core.trusted_device.revoked_at,Company.TrustedDevices.revokedAt
column,core.trusted_device.created_at,Company.TrustedDevices.createdAt
column,core.trusted_device.created_by,Company.TrustedDevices.createdBy
column,core.trusted_device.updated_at,Company.TrustedDevices.updatedAt
column,core.trusted_device.updated_by,Company.TrustedDevices.updatedBy
column,core.trusted_device.row_version,Company.TrustedDevices.rowVersion
table,core.user_branch,Company.UserBranches
column,core.user_branch.tenant_id,Company.UserBranches.tenantId
column,core.user_branch.user_id,Company.UserBranches.userId
column,core.user_branch.branch_id,Company.UserBranches.branchId
column,core.user_branch.created_at,Company.UserBranches.createdAt
column,core.user_branch.created_by,Company.UserBranches.createdBy
column,core.user_branch.updated_at,Company.UserBranches.updatedAt
column,core.user_branch.updated_by,Company.UserBranches.updatedBy
column,core.user_branch.row_version,Company.UserBranches.rowVersion
table,core.user_calc_pref,Company.CalculatorSettings
column,core.user_calc_pref.tenant_id,Company.CalculatorSettings.tenantId
column,core.user_calc_pref.user_id,Company.CalculatorSettings.userId
column,core.user_calc_pref.rounding_step,Company.CalculatorSettings.roundingStep
column,core.user_calc_pref.number_grouping,Company.CalculatorSettings.numberGrouping
column,core.user_calc_pref.gst_rate_pct,Company.CalculatorSettings.gstRatePct
column,core.user_calc_pref.memory_value,Company.CalculatorSettings.memoryValue
column,core.user_calc_pref.created_at,Company.CalculatorSettings.createdAt
column,core.user_calc_pref.created_by,Company.CalculatorSettings.createdBy
column,core.user_calc_pref.updated_at,Company.CalculatorSettings.updatedAt
column,core.user_calc_pref.updated_by,Company.CalculatorSettings.updatedBy
column,core.user_calc_pref.row_version,Company.CalculatorSettings.rowVersion
table,core.user_calc_tape,Company.CalculatorTapeLines
column,core.user_calc_tape.tenant_id,Company.CalculatorTapeLines.tenantId
column,core.user_calc_tape.user_id,Company.CalculatorTapeLines.userId
column,core.user_calc_tape.tape_date,Company.CalculatorTapeLines.tapeDate
column,core.user_calc_tape.entered_at,Company.CalculatorTapeLines.enteredAt
column,core.user_calc_tape.created_at,Company.CalculatorTapeLines.createdAt
column,core.user_calc_tape.created_by,Company.CalculatorTapeLines.createdBy
column,core.user_calc_tape.updated_at,Company.CalculatorTapeLines.updatedAt
column,core.user_calc_tape.updated_by,Company.CalculatorTapeLines.updatedBy
column,core.user_calc_tape.row_version,Company.CalculatorTapeLines.rowVersion
table,core.user_invite,Company.UserInvites
column,core.user_invite.tenant_id,Company.UserInvites.tenantId
column,core.user_invite.user_id,Company.UserInvites.userId
column,core.user_invite.full_name,Company.UserInvites.fullName
column,core.user_invite.role_id,Company.UserInvites.roleId
column,core.user_invite.branch_id,Company.UserInvites.branchId
column,core.user_invite.employee_id,Company.UserInvites.employeeId
column,core.user_invite.password_reset_id,Company.UserInvites.passwordResetId
column,core.user_invite.invited_by_user_id,Company.UserInvites.invitedByUserId
column,core.user_invite.sent_at,Company.UserInvites.sentAt
column,core.user_invite.expires_at,Company.UserInvites.expiresAt
column,core.user_invite.resend_count,Company.UserInvites.resendCount
column,core.user_invite.last_resent_at,Company.UserInvites.lastResentAt
column,core.user_invite.accepted_at,Company.UserInvites.acceptedAt
column,core.user_invite.revoked_at,Company.UserInvites.revokedAt
column,core.user_invite.revoked_by_user_id,Company.UserInvites.revokedByUserId
column,core.user_invite.created_at,Company.UserInvites.createdAt
column,core.user_invite.created_by,Company.UserInvites.createdBy
column,core.user_invite.updated_at,Company.UserInvites.updatedAt
column,core.user_invite.updated_by,Company.UserInvites.updatedBy
column,core.user_invite.row_version,Company.UserInvites.rowVersion
table,core.user_mfa,Company.UserMfaMethods
column,core.user_mfa.tenant_id,Company.UserMfaMethods.tenantId
column,core.user_mfa.user_id,Company.UserMfaMethods.userId
column,core.user_mfa.factor_type,Company.UserMfaMethods.factorType
column,core.user_mfa.secret_enc,Company.UserMfaMethods.secretEnc
column,core.user_mfa.is_primary,Company.UserMfaMethods.isPrimary
column,core.user_mfa.verified_at,Company.UserMfaMethods.verifiedAt
column,core.user_mfa.last_used_at,Company.UserMfaMethods.lastUsedAt
column,core.user_mfa.revoked_at,Company.UserMfaMethods.revokedAt
column,core.user_mfa.created_at,Company.UserMfaMethods.createdAt
column,core.user_mfa.created_by,Company.UserMfaMethods.createdBy
column,core.user_mfa.updated_at,Company.UserMfaMethods.updatedAt
column,core.user_mfa.updated_by,Company.UserMfaMethods.updatedBy
column,core.user_mfa.row_version,Company.UserMfaMethods.rowVersion
table,core.user_preference,Company.UserPreferences
column,core.user_preference.tenant_id,Company.UserPreferences.tenantId
column,core.user_preference.user_id,Company.UserPreferences.userId
column,core.user_preference.date_format,Company.UserPreferences.dateFormat
column,core.user_preference.number_format,Company.UserPreferences.numberFormat
column,core.user_preference.start_route,Company.UserPreferences.startRoute
column,core.user_preference.compact_tables,Company.UserPreferences.compactTables
column,core.user_preference.show_account_codes,Company.UserPreferences.showAccountCodes
column,core.user_preference.notify_in_app,Company.UserPreferences.notifyInApp
column,core.user_preference.notify_email_digest,Company.UserPreferences.notifyEmailDigest
column,core.user_preference.email_digest_time,Company.UserPreferences.emailDigestTime
column,core.user_preference.notify_sms_approvals_above,Company.UserPreferences.notifySmsApprovalsAbove
column,core.user_preference.notify_whatsapp,Company.UserPreferences.notifyWhatsapp
column,core.user_preference.notify_events,Company.UserPreferences.notifyEvents
column,core.user_preference.created_at,Company.UserPreferences.createdAt
column,core.user_preference.created_by,Company.UserPreferences.createdBy
column,core.user_preference.updated_at,Company.UserPreferences.updatedAt
column,core.user_preference.updated_by,Company.UserPreferences.updatedBy
column,core.user_preference.row_version,Company.UserPreferences.rowVersion
table,core.user_role,Company.UserRoles
column,core.user_role.tenant_id,Company.UserRoles.tenantId
column,core.user_role.user_id,Company.UserRoles.userId
column,core.user_role.role_id,Company.UserRoles.roleId
column,core.user_role.is_primary,Company.UserRoles.isPrimary
column,core.user_role.created_at,Company.UserRoles.createdAt
column,core.user_role.created_by,Company.UserRoles.createdBy
column,core.user_role.updated_at,Company.UserRoles.updatedAt
column,core.user_role.updated_by,Company.UserRoles.updatedBy
column,core.user_role.row_version,Company.UserRoles.rowVersion
table,core.user_session,Company.UserSessions
column,core.user_session.tenant_id,Company.UserSessions.tenantId
column,core.user_session.user_id,Company.UserSessions.userId
column,core.user_session.token_hash,Company.UserSessions.tokenHash
column,core.user_session.client_type,Company.UserSessions.clientType
column,core.user_session.device_label,Company.UserSessions.deviceLabel
column,core.user_session.user_agent,Company.UserSessions.userAgent
column,core.user_session.ip_address,Company.UserSessions.ipAddress
column,core.user_session.location_label,Company.UserSessions.locationLabel
column,core.user_session.is_unusual_location,Company.UserSessions.isUnusualLocation
column,core.user_session.auth_method,Company.UserSessions.authMethod
column,core.user_session.mfa_verified_at,Company.UserSessions.mfaVerifiedAt
column,core.user_session.remember_me,Company.UserSessions.rememberMe
column,core.user_session.trusted_until,Company.UserSessions.trustedUntil
column,core.user_session.signed_in_at,Company.UserSessions.signedInAt
column,core.user_session.last_active_at,Company.UserSessions.lastActiveAt
column,core.user_session.expires_at,Company.UserSessions.expiresAt
column,core.user_session.revoked_at,Company.UserSessions.revokedAt
column,core.user_session.revoked_by_user_id,Company.UserSessions.revokedByUserId
column,core.user_session.revoke_reason,Company.UserSessions.revokeReason
column,core.user_session.created_at,Company.UserSessions.createdAt
column,core.user_session.created_by,Company.UserSessions.createdBy
column,core.user_session.updated_at,Company.UserSessions.updatedAt
column,core.user_session.updated_by,Company.UserSessions.updatedBy
column,core.user_session.row_version,Company.UserSessions.rowVersion
table,core.user_warehouse,Company.UserWarehouses
column,core.user_warehouse.tenant_id,Company.UserWarehouses.tenantId
column,core.user_warehouse.user_id,Company.UserWarehouses.userId
column,core.user_warehouse.warehouse_id,Company.UserWarehouses.warehouseId
column,core.user_warehouse.created_at,Company.UserWarehouses.createdAt
column,core.user_warehouse.created_by,Company.UserWarehouses.createdBy
column,core.user_warehouse.updated_at,Company.UserWarehouses.updatedAt
column,core.user_warehouse.updated_by,Company.UserWarehouses.updatedBy
column,core.user_warehouse.row_version,Company.UserWarehouses.rowVersion
table,core.webhook_delivery,Company.IntegrationWebhookDeliveries
column,core.webhook_delivery.tenant_id,Company.IntegrationWebhookDeliveries.tenantId
column,core.webhook_delivery.endpoint_id,Company.IntegrationWebhookDeliveries.endpointId
column,core.webhook_delivery.response_status,Company.IntegrationWebhookDeliveries.responseStatus
column,core.webhook_delivery.is_success,Company.IntegrationWebhookDeliveries.isSuccess
column,core.webhook_delivery.duration_ms,Company.IntegrationWebhookDeliveries.durationMs
column,core.webhook_delivery.delivered_at,Company.IntegrationWebhookDeliveries.deliveredAt
column,core.webhook_delivery.created_at,Company.IntegrationWebhookDeliveries.createdAt
table,core.webhook_endpoint,Company.IntegrationWebhooks
column,core.webhook_endpoint.tenant_id,Company.IntegrationWebhooks.tenantId
column,core.webhook_endpoint.signing_secret_enc,Company.IntegrationWebhooks.signingSecretEnc
column,core.webhook_endpoint.is_active,Company.IntegrationWebhooks.isActive
column,core.webhook_endpoint.health_status,Company.IntegrationWebhooks.healthStatus
column,core.webhook_endpoint.success_rate_pct,Company.IntegrationWebhooks.successRatePct
column,core.webhook_endpoint.last_delivery_at,Company.IntegrationWebhooks.lastDeliveryAt
column,core.webhook_endpoint.created_at,Company.IntegrationWebhooks.createdAt
column,core.webhook_endpoint.created_by,Company.IntegrationWebhooks.createdBy
column,core.webhook_endpoint.updated_at,Company.IntegrationWebhooks.updatedAt
column,core.webhook_endpoint.updated_by,Company.IntegrationWebhooks.updatedBy
column,core.webhook_endpoint.row_version,Company.IntegrationWebhooks.rowVersion
table,dist.area,Distribution.ShopAreas
column,dist.area.tenant_id,Distribution.ShopAreas.tenantId
column,dist.area.branch_id,Distribution.ShopAreas.branchId
column,dist.area.created_at,Distribution.ShopAreas.createdAt
column,dist.area.created_by,Distribution.ShopAreas.createdBy
column,dist.area.updated_at,Distribution.ShopAreas.updatedAt
column,dist.area.updated_by,Distribution.ShopAreas.updatedBy
column,dist.area.row_version,Distribution.ShopAreas.rowVersion
column,dist.area.deleted_at,Distribution.ShopAreas.deletedAt
table,dist.backorder_allocation,Distribution.BackOrderAllocations
column,dist.backorder_allocation.tenant_id,Distribution.BackOrderAllocations.tenantId
column,dist.backorder_allocation.backorder_line_id,Distribution.BackOrderAllocations.backorderLineId
column,dist.backorder_allocation.allocation_group_id,Distribution.BackOrderAllocations.allocationGroupId
column,dist.backorder_allocation.grn_id,Distribution.BackOrderAllocations.grnId
column,dist.backorder_allocation.grn_line_id,Distribution.BackOrderAllocations.grnLineId
column,dist.backorder_allocation.batch_id,Distribution.BackOrderAllocations.batchId
column,dist.backorder_allocation.allocated_at,Distribution.BackOrderAllocations.allocatedAt
column,dist.backorder_allocation.allocated_by_user_id,Distribution.BackOrderAllocations.allocatedByUserId
column,dist.backorder_allocation.invoice_id,Distribution.BackOrderAllocations.invoiceId
column,dist.backorder_allocation.invoiced_at,Distribution.BackOrderAllocations.invoicedAt
column,dist.backorder_allocation.released_at,Distribution.BackOrderAllocations.releasedAt
column,dist.backorder_allocation.created_at,Distribution.BackOrderAllocations.createdAt
column,dist.backorder_allocation.created_by,Distribution.BackOrderAllocations.createdBy
column,dist.backorder_allocation.updated_at,Distribution.BackOrderAllocations.updatedAt
column,dist.backorder_allocation.updated_by,Distribution.BackOrderAllocations.updatedBy
column,dist.backorder_allocation.row_version,Distribution.BackOrderAllocations.rowVersion
table,dist.backorder_cancellation,Distribution.BackOrderCancellations
column,dist.backorder_cancellation.tenant_id,Distribution.BackOrderCancellations.tenantId
column,dist.backorder_cancellation.backorder_line_id,Distribution.BackOrderCancellations.backorderLineId
column,dist.backorder_cancellation.cancelled_qty,Distribution.BackOrderCancellations.cancelledQty
column,dist.backorder_cancellation.sms_notified,Distribution.BackOrderCancellations.smsNotified
column,dist.backorder_cancellation.sms_sent_at,Distribution.BackOrderCancellations.smsSentAt
column,dist.backorder_cancellation.cancelled_at,Distribution.BackOrderCancellations.cancelledAt
column,dist.backorder_cancellation.cancelled_by_user_id,Distribution.BackOrderCancellations.cancelledByUserId
column,dist.backorder_cancellation.created_at,Distribution.BackOrderCancellations.createdAt
column,dist.backorder_cancellation.created_by,Distribution.BackOrderCancellations.createdBy
column,dist.backorder_cancellation.updated_at,Distribution.BackOrderCancellations.updatedAt
column,dist.backorder_cancellation.updated_by,Distribution.BackOrderCancellations.updatedBy
column,dist.backorder_cancellation.row_version,Distribution.BackOrderCancellations.rowVersion
table,dist.backorder_line,Distribution.BackOrders
column,dist.backorder_line.tenant_id,Distribution.BackOrders.tenantId
column,dist.backorder_line.branch_id,Distribution.BackOrders.branchId
column,dist.backorder_line.source_doc_type,Distribution.BackOrders.sourceDocType
column,dist.backorder_line.source_invoice_id,Distribution.BackOrders.sourceInvoiceId
column,dist.backorder_line.source_order_booking_id,Distribution.BackOrders.sourceOrderBookingId
column,dist.backorder_line.source_booking_line_id,Distribution.BackOrders.sourceBookingLineId
column,dist.backorder_line.customer_id,Distribution.BackOrders.customerId
column,dist.backorder_line.route_id,Distribution.BackOrders.routeId
column,dist.backorder_line.item_id,Distribution.BackOrders.itemId
column,dist.backorder_line.backorder_date,Distribution.BackOrders.backorderDate
column,dist.backorder_line.original_qty,Distribution.BackOrders.originalQty
column,dist.backorder_line.invoiced_qty,Distribution.BackOrders.invoicedQty
column,dist.backorder_line.cancelled_qty,Distribution.BackOrders.cancelledQty
column,dist.backorder_line.pending_qty,Distribution.BackOrders.pendingQty
column,dist.backorder_line.allocated_qty,Distribution.BackOrders.allocatedQty
column,dist.backorder_line.unit_rate,Distribution.BackOrders.unitRate
column,dist.backorder_line.tax_rate,Distribution.BackOrders.taxRate
column,dist.backorder_line.last_invoice_id,Distribution.BackOrders.lastInvoiceId
column,dist.backorder_line.created_at,Distribution.BackOrders.createdAt
column,dist.backorder_line.created_by,Distribution.BackOrders.createdBy
column,dist.backorder_line.updated_at,Distribution.BackOrders.updatedAt
column,dist.backorder_line.updated_by,Distribution.BackOrders.updatedBy
column,dist.backorder_line.row_version,Distribution.BackOrders.rowVersion
table,dist.bulk_invoice_batch,Distribution.BulkInvoiceRuns
column,dist.bulk_invoice_batch.tenant_id,Distribution.BulkInvoiceRuns.tenantId
column,dist.bulk_invoice_batch.branch_id,Distribution.BulkInvoiceRuns.branchId
column,dist.bulk_invoice_batch.route_id,Distribution.BulkInvoiceRuns.routeId
column,dist.bulk_invoice_batch.doc_date,Distribution.BulkInvoiceRuns.docDate
column,dist.bulk_invoice_batch.warehouse_id,Distribution.BulkInvoiceRuns.warehouseId
column,dist.bulk_invoice_batch.shops_selected,Distribution.BulkInvoiceRuns.shopsSelected
column,dist.bulk_invoice_batch.total_ctn,Distribution.BulkInvoiceRuns.totalCtn
column,dist.bulk_invoice_batch.credit_warnings,Distribution.BulkInvoiceRuns.creditWarnings
column,dist.bulk_invoice_batch.total_value,Distribution.BulkInvoiceRuns.totalValue
column,dist.bulk_invoice_batch.invoice_count,Distribution.BulkInvoiceRuns.invoiceCount
column,dist.bulk_invoice_batch.invoiced_value,Distribution.BulkInvoiceRuns.invoicedValue
column,dist.bulk_invoice_batch.skipped_count,Distribution.BulkInvoiceRuns.skippedCount
column,dist.bulk_invoice_batch.first_invoice_no,Distribution.BulkInvoiceRuns.firstInvoiceNo
column,dist.bulk_invoice_batch.last_invoice_no,Distribution.BulkInvoiceRuns.lastInvoiceNo
column,dist.bulk_invoice_batch.generated_at,Distribution.BulkInvoiceRuns.generatedAt
column,dist.bulk_invoice_batch.generated_by_user_id,Distribution.BulkInvoiceRuns.generatedByUserId
column,dist.bulk_invoice_batch.created_at,Distribution.BulkInvoiceRuns.createdAt
column,dist.bulk_invoice_batch.created_by,Distribution.BulkInvoiceRuns.createdBy
column,dist.bulk_invoice_batch.updated_at,Distribution.BulkInvoiceRuns.updatedAt
column,dist.bulk_invoice_batch.updated_by,Distribution.BulkInvoiceRuns.updatedBy
column,dist.bulk_invoice_batch.row_version,Distribution.BulkInvoiceRuns.rowVersion
table,dist.bulk_invoice_cell,Distribution.BulkInvoiceRunCells
column,dist.bulk_invoice_cell.tenant_id,Distribution.BulkInvoiceRunCells.tenantId
column,dist.bulk_invoice_cell.bulk_invoice_batch_id,Distribution.BulkInvoiceRunCells.bulkInvoiceBatchId
column,dist.bulk_invoice_cell.customer_id,Distribution.BulkInvoiceRunCells.customerId
column,dist.bulk_invoice_cell.item_id,Distribution.BulkInvoiceRunCells.itemId
column,dist.bulk_invoice_cell.qty_ctn,Distribution.BulkInvoiceRunCells.qtyCtn
column,dist.bulk_invoice_cell.units_per_ctn,Distribution.BulkInvoiceRunCells.unitsPerCtn
column,dist.bulk_invoice_cell.base_qty,Distribution.BulkInvoiceRunCells.baseQty
column,dist.bulk_invoice_cell.tax_rate,Distribution.BulkInvoiceRunCells.taxRate
column,dist.bulk_invoice_cell.invoice_id,Distribution.BulkInvoiceRunCells.invoiceId
column,dist.bulk_invoice_cell.invoice_line_id,Distribution.BulkInvoiceRunCells.invoiceLineId
column,dist.bulk_invoice_cell.created_at,Distribution.BulkInvoiceRunCells.createdAt
column,dist.bulk_invoice_cell.created_by,Distribution.BulkInvoiceRunCells.createdBy
column,dist.bulk_invoice_cell.updated_at,Distribution.BulkInvoiceRunCells.updatedAt
column,dist.bulk_invoice_cell.updated_by,Distribution.BulkInvoiceRunCells.updatedBy
column,dist.bulk_invoice_cell.row_version,Distribution.BulkInvoiceRunCells.rowVersion
table,dist.bulk_invoice_skip,Distribution.BulkInvoiceSkippedShops
column,dist.bulk_invoice_skip.tenant_id,Distribution.BulkInvoiceSkippedShops.tenantId
column,dist.bulk_invoice_skip.bulk_invoice_batch_id,Distribution.BulkInvoiceSkippedShops.bulkInvoiceBatchId
column,dist.bulk_invoice_skip.customer_id,Distribution.BulkInvoiceSkippedShops.customerId
column,dist.bulk_invoice_skip.reason_code,Distribution.BulkInvoiceSkippedShops.reasonCode
column,dist.bulk_invoice_skip.bill_amount,Distribution.BulkInvoiceSkippedShops.billAmount
column,dist.bulk_invoice_skip.outstanding_amount,Distribution.BulkInvoiceSkippedShops.outstandingAmount
column,dist.bulk_invoice_skip.credit_limit,Distribution.BulkInvoiceSkippedShops.creditLimit
column,dist.bulk_invoice_skip.over_by_amount,Distribution.BulkInvoiceSkippedShops.overByAmount
column,dist.bulk_invoice_skip.created_at,Distribution.BulkInvoiceSkippedShops.createdAt
column,dist.bulk_invoice_skip.created_by,Distribution.BulkInvoiceSkippedShops.createdBy
column,dist.bulk_invoice_skip.updated_at,Distribution.BulkInvoiceSkippedShops.updatedAt
column,dist.bulk_invoice_skip.updated_by,Distribution.BulkInvoiceSkippedShops.updatedBy
column,dist.bulk_invoice_skip.row_version,Distribution.BulkInvoiceSkippedShops.rowVersion
table,dist.cash_count_line,Distribution.RouteSettlementCashCounts
column,dist.cash_count_line.tenant_id,Distribution.RouteSettlementCashCounts.tenantId
column,dist.cash_count_line.run_settlement_id,Distribution.RouteSettlementCashCounts.runSettlementId
column,dist.cash_count_line.note_count,Distribution.RouteSettlementCashCounts.noteCount
column,dist.cash_count_line.created_at,Distribution.RouteSettlementCashCounts.createdAt
column,dist.cash_count_line.created_by,Distribution.RouteSettlementCashCounts.createdBy
column,dist.cash_count_line.updated_at,Distribution.RouteSettlementCashCounts.updatedAt
column,dist.cash_count_line.updated_by,Distribution.RouteSettlementCashCounts.updatedBy
column,dist.cash_count_line.row_version,Distribution.RouteSettlementCashCounts.rowVersion
table,dist.commission_slab,Distribution.CommissionSlabs
column,dist.commission_slab.tenant_id,Distribution.CommissionSlabs.tenantId
column,dist.commission_slab.from_pct,Distribution.CommissionSlabs.fromPct
column,dist.commission_slab.to_pct,Distribution.CommissionSlabs.toPct
column,dist.commission_slab.rate_pct,Distribution.CommissionSlabs.ratePct
column,dist.commission_slab.effective_from,Distribution.CommissionSlabs.effectiveFrom
column,dist.commission_slab.effective_to,Distribution.CommissionSlabs.effectiveTo
column,dist.commission_slab.created_at,Distribution.CommissionSlabs.createdAt
column,dist.commission_slab.created_by,Distribution.CommissionSlabs.createdBy
column,dist.commission_slab.updated_at,Distribution.CommissionSlabs.updatedAt
column,dist.commission_slab.updated_by,Distribution.CommissionSlabs.updatedBy
column,dist.commission_slab.row_version,Distribution.CommissionSlabs.rowVersion
column,dist.commission_slab.deleted_at,Distribution.CommissionSlabs.deletedAt
table,dist.credit_override_log,Distribution.CreditOverrideLogs
column,dist.credit_override_log.tenant_id,Distribution.CreditOverrideLogs.tenantId
column,dist.credit_override_log.customer_id,Distribution.CreditOverrideLogs.customerId
column,dist.credit_override_log.invoice_id,Distribution.CreditOverrideLogs.invoiceId
column,dist.credit_override_log.held_bill_id,Distribution.CreditOverrideLogs.heldBillId
column,dist.credit_override_log.credit_override_id,Distribution.CreditOverrideLogs.creditOverrideId
column,dist.credit_override_log.trigger_point,Distribution.CreditOverrideLogs.triggerPoint
column,dist.credit_override_log.credit_limit,Distribution.CreditOverrideLogs.creditLimit
column,dist.credit_override_log.outstanding_amount,Distribution.CreditOverrideLogs.outstandingAmount
column,dist.credit_override_log.bill_amount,Distribution.CreditOverrideLogs.billAmount
column,dist.credit_override_log.used_amount,Distribution.CreditOverrideLogs.usedAmount
column,dist.credit_override_log.over_by_amount,Distribution.CreditOverrideLogs.overByAmount
column,dist.credit_override_log.used_pct,Distribution.CreditOverrideLogs.usedPct
column,dist.credit_override_log.overdue_days,Distribution.CreditOverrideLogs.overdueDays
column,dist.credit_override_log.requested_by_user_id,Distribution.CreditOverrideLogs.requestedByUserId
column,dist.credit_override_log.approved_by_user_id,Distribution.CreditOverrideLogs.approvedByUserId
column,dist.credit_override_log.last_pin_result,Distribution.CreditOverrideLogs.lastPinResult
column,dist.credit_override_log.locked_until,Distribution.CreditOverrideLogs.lockedUntil
column,dist.credit_override_log.requested_at,Distribution.CreditOverrideLogs.requestedAt
column,dist.credit_override_log.resolved_at,Distribution.CreditOverrideLogs.resolvedAt
column,dist.credit_override_log.created_at,Distribution.CreditOverrideLogs.createdAt
column,dist.credit_override_log.created_by,Distribution.CreditOverrideLogs.createdBy
column,dist.credit_override_log.updated_at,Distribution.CreditOverrideLogs.updatedAt
column,dist.credit_override_log.updated_by,Distribution.CreditOverrideLogs.updatedBy
column,dist.credit_override_log.row_version,Distribution.CreditOverrideLogs.rowVersion
table,dist.customer_route,Distribution.ShopRouteProfiles
column,dist.customer_route.tenant_id,Distribution.ShopRouteProfiles.tenantId
column,dist.customer_route.customer_id,Distribution.ShopRouteProfiles.customerId
column,dist.customer_route.route_id,Distribution.ShopRouteProfiles.routeId
column,dist.customer_route.area_id,Distribution.ShopRouteProfiles.areaId
column,dist.customer_route.price_tier,Distribution.ShopRouteProfiles.priceTier
column,dist.customer_route.visit_seq,Distribution.ShopRouteProfiles.visitSeq
column,dist.customer_route.geo_lat,Distribution.ShopRouteProfiles.geoLat
column,dist.customer_route.geo_lng,Distribution.ShopRouteProfiles.geoLng
column,dist.customer_route.gps_tolerance_m,Distribution.ShopRouteProfiles.gpsToleranceM
column,dist.customer_route.recovery_target_amount,Distribution.ShopRouteProfiles.recoveryTargetAmount
column,dist.customer_route.is_active,Distribution.ShopRouteProfiles.isActive
column,dist.customer_route.created_at,Distribution.ShopRouteProfiles.createdAt
column,dist.customer_route.created_by,Distribution.ShopRouteProfiles.createdBy
column,dist.customer_route.updated_at,Distribution.ShopRouteProfiles.updatedAt
column,dist.customer_route.updated_by,Distribution.ShopRouteProfiles.updatedBy
column,dist.customer_route.row_version,Distribution.ShopRouteProfiles.rowVersion
table,dist.delivery_run,Distribution.LoadSheets
column,dist.delivery_run.tenant_id,Distribution.LoadSheets.tenantId
column,dist.delivery_run.branch_id,Distribution.LoadSheets.branchId
column,dist.delivery_run.doc_no,Distribution.LoadSheets.docNo
column,dist.delivery_run.doc_date,Distribution.LoadSheets.docDate
column,dist.delivery_run.route_id,Distribution.LoadSheets.routeId
column,dist.delivery_run.vehicle_id,Distribution.LoadSheets.vehicleId
column,dist.delivery_run.driver_employee_id,Distribution.LoadSheets.driverEmployeeId
column,dist.delivery_run.salesman_employee_id,Distribution.LoadSheets.salesmanEmployeeId
column,dist.delivery_run.source_warehouse_id,Distribution.LoadSheets.sourceWarehouseId
column,dist.delivery_run.van_warehouse_id,Distribution.LoadSheets.vanWarehouseId
column,dist.delivery_run.departure_time,Distribution.LoadSheets.departureTime
column,dist.delivery_run.load_sheet_no,Distribution.LoadSheets.loadSheetNo
column,dist.delivery_run.gate_pass_no,Distribution.LoadSheets.gatePassNo
column,dist.delivery_run.seal_no,Distribution.LoadSheets.sealNo
column,dist.delivery_run.returnable_crates,Distribution.LoadSheets.returnableCrates
column,dist.delivery_run.invoice_count,Distribution.LoadSheets.invoiceCount
column,dist.delivery_run.shop_count,Distribution.LoadSheets.shopCount
column,dist.delivery_run.sku_count,Distribution.LoadSheets.skuCount
column,dist.delivery_run.total_ctn,Distribution.LoadSheets.totalCtn
column,dist.delivery_run.total_loose,Distribution.LoadSheets.totalLoose
column,dist.delivery_run.total_pcs,Distribution.LoadSheets.totalPcs
column,dist.delivery_run.total_ctn_equiv,Distribution.LoadSheets.totalCtnEquiv
column,dist.delivery_run.total_kg,Distribution.LoadSheets.totalKg
column,dist.delivery_run.total_value,Distribution.LoadSheets.totalValue
column,dist.delivery_run.capacity_ctn,Distribution.LoadSheets.capacityCtn
column,dist.delivery_run.capacity_kg,Distribution.LoadSheets.capacityKg
column,dist.delivery_run.capacity_ctn_pct,Distribution.LoadSheets.capacityCtnPct
column,dist.delivery_run.capacity_kg_pct,Distribution.LoadSheets.capacityKgPct
column,dist.delivery_run.prepared_by_user_id,Distribution.LoadSheets.preparedByUserId
column,dist.delivery_run.checked_by_user_id,Distribution.LoadSheets.checkedByUserId
column,dist.delivery_run.load_sheet_printed_at,Distribution.LoadSheets.loadSheetPrintedAt
column,dist.delivery_run.gate_pass_printed_at,Distribution.LoadSheets.gatePassPrintedAt
column,dist.delivery_run.stock_transfer_id,Distribution.LoadSheets.stockTransferId
column,dist.delivery_run.dispatched_at,Distribution.LoadSheets.dispatchedAt
column,dist.delivery_run.dispatched_by_user_id,Distribution.LoadSheets.dispatchedByUserId
column,dist.delivery_run.returned_at,Distribution.LoadSheets.returnedAt
column,dist.delivery_run.cancelled_at,Distribution.LoadSheets.cancelledAt
column,dist.delivery_run.created_at,Distribution.LoadSheets.createdAt
column,dist.delivery_run.created_by,Distribution.LoadSheets.createdBy
column,dist.delivery_run.updated_at,Distribution.LoadSheets.updatedAt
column,dist.delivery_run.updated_by,Distribution.LoadSheets.updatedBy
column,dist.delivery_run.row_version,Distribution.LoadSheets.rowVersion
table,dist.held_bill,Distribution.HeldBills
column,dist.held_bill.tenant_id,Distribution.HeldBills.tenantId
column,dist.held_bill.branch_id,Distribution.HeldBills.branchId
column,dist.held_bill.provisional_no,Distribution.HeldBills.provisionalNo
column,dist.held_bill.doc_date,Distribution.HeldBills.docDate
column,dist.held_bill.customer_id,Distribution.HeldBills.customerId
column,dist.held_bill.route_id,Distribution.HeldBills.routeId
column,dist.held_bill.salesman_employee_id,Distribution.HeldBills.salesmanEmployeeId
column,dist.held_bill.warehouse_id,Distribution.HeldBills.warehouseId
column,dist.held_bill.price_tier,Distribution.HeldBills.priceTier
column,dist.held_bill.rate_entry_mode,Distribution.HeldBills.rateEntryMode
column,dist.held_bill.hold_reason,Distribution.HeldBills.holdReason
column,dist.held_bill.line_count,Distribution.HeldBills.lineCount
column,dist.held_bill.total_ctn,Distribution.HeldBills.totalCtn
column,dist.held_bill.total_loose,Distribution.HeldBills.totalLoose
column,dist.held_bill.gross_amount,Distribution.HeldBills.grossAmount
column,dist.held_bill.scheme_amount,Distribution.HeldBills.schemeAmount
column,dist.held_bill.discount_amount,Distribution.HeldBills.discountAmount
column,dist.held_bill.tax_amount,Distribution.HeldBills.taxAmount
column,dist.held_bill.net_amount,Distribution.HeldBills.netAmount
column,dist.held_bill.held_at,Distribution.HeldBills.heldAt
column,dist.held_bill.held_by_user_id,Distribution.HeldBills.heldByUserId
column,dist.held_bill.recalled_at,Distribution.HeldBills.recalledAt
column,dist.held_bill.recalled_by_user_id,Distribution.HeldBills.recalledByUserId
column,dist.held_bill.created_at,Distribution.HeldBills.createdAt
column,dist.held_bill.created_by,Distribution.HeldBills.createdBy
column,dist.held_bill.updated_at,Distribution.HeldBills.updatedAt
column,dist.held_bill.updated_by,Distribution.HeldBills.updatedBy
column,dist.held_bill.row_version,Distribution.HeldBills.rowVersion
table,dist.held_bill_line,Distribution.HeldBillLines
column,dist.held_bill_line.tenant_id,Distribution.HeldBillLines.tenantId
column,dist.held_bill_line.held_bill_id,Distribution.HeldBillLines.heldBillId
column,dist.held_bill_line.line_no,Distribution.HeldBillLines.lineNo
column,dist.held_bill_line.item_id,Distribution.HeldBillLines.itemId
column,dist.held_bill_line.units_per_ctn,Distribution.HeldBillLines.unitsPerCtn
column,dist.held_bill_line.qty_ctn,Distribution.HeldBillLines.qtyCtn
column,dist.held_bill_line.qty_loose,Distribution.HeldBillLines.qtyLoose
column,dist.held_bill_line.base_qty,Distribution.HeldBillLines.baseQty
column,dist.held_bill_line.bonus_qty,Distribution.HeldBillLines.bonusQty
column,dist.held_bill_line.scheme_id,Distribution.HeldBillLines.schemeId
column,dist.held_bill_line.is_manual_rate,Distribution.HeldBillLines.isManualRate
column,dist.held_bill_line.discount_pct,Distribution.HeldBillLines.discountPct
column,dist.held_bill_line.tax_rate,Distribution.HeldBillLines.taxRate
column,dist.held_bill_line.gross_amount,Distribution.HeldBillLines.grossAmount
column,dist.held_bill_line.discount_amount,Distribution.HeldBillLines.discountAmount
column,dist.held_bill_line.tax_amount,Distribution.HeldBillLines.taxAmount
column,dist.held_bill_line.net_amount,Distribution.HeldBillLines.netAmount
column,dist.held_bill_line.created_at,Distribution.HeldBillLines.createdAt
column,dist.held_bill_line.created_by,Distribution.HeldBillLines.createdBy
column,dist.held_bill_line.updated_at,Distribution.HeldBillLines.updatedAt
column,dist.held_bill_line.updated_by,Distribution.HeldBillLines.updatedBy
column,dist.held_bill_line.row_version,Distribution.HeldBillLines.rowVersion
table,dist.load_sheet_line,Distribution.LoadSheetLines
column,dist.load_sheet_line.tenant_id,Distribution.LoadSheetLines.tenantId
column,dist.load_sheet_line.delivery_run_id,Distribution.LoadSheetLines.deliveryRunId
column,dist.load_sheet_line.item_id,Distribution.LoadSheetLines.itemId
column,dist.load_sheet_line.batch_id,Distribution.LoadSheetLines.batchId
column,dist.load_sheet_line.shelf_code,Distribution.LoadSheetLines.shelfCode
column,dist.load_sheet_line.units_per_ctn,Distribution.LoadSheetLines.unitsPerCtn
column,dist.load_sheet_line.qty_ctn,Distribution.LoadSheetLines.qtyCtn
column,dist.load_sheet_line.qty_loose,Distribution.LoadSheetLines.qtyLoose
column,dist.load_sheet_line.base_qty,Distribution.LoadSheetLines.baseQty
column,dist.load_sheet_line.ctn_equiv,Distribution.LoadSheetLines.ctnEquiv
column,dist.load_sheet_line.weight_kg,Distribution.LoadSheetLines.weightKg
column,dist.load_sheet_line.value_amount,Distribution.LoadSheetLines.valueAmount
column,dist.load_sheet_line.is_picked,Distribution.LoadSheetLines.isPicked
column,dist.load_sheet_line.picked_at,Distribution.LoadSheetLines.pickedAt
column,dist.load_sheet_line.picked_by_user_id,Distribution.LoadSheetLines.pickedByUserId
column,dist.load_sheet_line.created_at,Distribution.LoadSheetLines.createdAt
column,dist.load_sheet_line.created_by,Distribution.LoadSheetLines.createdBy
column,dist.load_sheet_line.updated_at,Distribution.LoadSheetLines.updatedAt
column,dist.load_sheet_line.updated_by,Distribution.LoadSheetLines.updatedBy
column,dist.load_sheet_line.row_version,Distribution.LoadSheetLines.rowVersion
table,dist.order_booking,Distribution.OrderBookings
column,dist.order_booking.tenant_id,Distribution.OrderBookings.tenantId
column,dist.order_booking.branch_id,Distribution.OrderBookings.branchId
column,dist.order_booking.doc_no,Distribution.OrderBookings.docNo
column,dist.order_booking.doc_date,Distribution.OrderBookings.docDate
column,dist.order_booking.booked_at,Distribution.OrderBookings.bookedAt
column,dist.order_booking.booker_employee_id,Distribution.OrderBookings.bookerEmployeeId
column,dist.order_booking.route_id,Distribution.OrderBookings.routeId
column,dist.order_booking.customer_id,Distribution.OrderBookings.customerId
column,dist.order_booking.warehouse_id,Distribution.OrderBookings.warehouseId
column,dist.order_booking.price_tier,Distribution.OrderBookings.priceTier
column,dist.order_booking.app_order_ref,Distribution.OrderBookings.appOrderRef
column,dist.order_booking.synced_at,Distribution.OrderBookings.syncedAt
column,dist.order_booking.geo_lat,Distribution.OrderBookings.geoLat
column,dist.order_booking.geo_lng,Distribution.OrderBookings.geoLng
column,dist.order_booking.gps_verified,Distribution.OrderBookings.gpsVerified
column,dist.order_booking.gps_offset_m,Distribution.OrderBookings.gpsOffsetM
column,dist.order_booking.line_count,Distribution.OrderBookings.lineCount
column,dist.order_booking.gross_amount,Distribution.OrderBookings.grossAmount
column,dist.order_booking.tax_amount,Distribution.OrderBookings.taxAmount
column,dist.order_booking.net_amount,Distribution.OrderBookings.netAmount
column,dist.order_booking.stock_check,Distribution.OrderBookings.stockCheck
column,dist.order_booking.stock_checked_at,Distribution.OrderBookings.stockCheckedAt
column,dist.order_booking.short_line_count,Distribution.OrderBookings.shortLineCount
column,dist.order_booking.allow_partial,Distribution.OrderBookings.allowPartial
column,dist.order_booking.invoice_id,Distribution.OrderBookings.invoiceId
column,dist.order_booking.converted_at,Distribution.OrderBookings.convertedAt
column,dist.order_booking.converted_by_user_id,Distribution.OrderBookings.convertedByUserId
column,dist.order_booking.cancelled_at,Distribution.OrderBookings.cancelledAt
column,dist.order_booking.cancel_reason,Distribution.OrderBookings.cancelReason
column,dist.order_booking.created_at,Distribution.OrderBookings.createdAt
column,dist.order_booking.created_by,Distribution.OrderBookings.createdBy
column,dist.order_booking.updated_at,Distribution.OrderBookings.updatedAt
column,dist.order_booking.updated_by,Distribution.OrderBookings.updatedBy
column,dist.order_booking.row_version,Distribution.OrderBookings.rowVersion
table,dist.order_booking_line,Distribution.OrderBookingLines
column,dist.order_booking_line.tenant_id,Distribution.OrderBookingLines.tenantId
column,dist.order_booking_line.order_booking_id,Distribution.OrderBookingLines.orderBookingId
column,dist.order_booking_line.line_no,Distribution.OrderBookingLines.lineNo
column,dist.order_booking_line.item_id,Distribution.OrderBookingLines.itemId
column,dist.order_booking_line.units_per_ctn,Distribution.OrderBookingLines.unitsPerCtn
column,dist.order_booking_line.qty_ctn,Distribution.OrderBookingLines.qtyCtn
column,dist.order_booking_line.qty_loose,Distribution.OrderBookingLines.qtyLoose
column,dist.order_booking_line.base_qty,Distribution.OrderBookingLines.baseQty
column,dist.order_booking_line.tax_rate,Distribution.OrderBookingLines.taxRate
column,dist.order_booking_line.gross_amount,Distribution.OrderBookingLines.grossAmount
column,dist.order_booking_line.tax_amount,Distribution.OrderBookingLines.taxAmount
column,dist.order_booking_line.net_amount,Distribution.OrderBookingLines.netAmount
column,dist.order_booking_line.available_qty,Distribution.OrderBookingLines.availableQty
column,dist.order_booking_line.short_qty,Distribution.OrderBookingLines.shortQty
column,dist.order_booking_line.invoiced_qty,Distribution.OrderBookingLines.invoicedQty
column,dist.order_booking_line.backorder_qty,Distribution.OrderBookingLines.backorderQty
column,dist.order_booking_line.created_at,Distribution.OrderBookingLines.createdAt
column,dist.order_booking_line.created_by,Distribution.OrderBookingLines.createdBy
column,dist.order_booking_line.updated_at,Distribution.OrderBookingLines.updatedAt
column,dist.order_booking_line.updated_by,Distribution.OrderBookingLines.updatedBy
column,dist.order_booking_line.row_version,Distribution.OrderBookingLines.rowVersion
table,dist.order_template,Distribution.OrderTemplates
column,dist.order_template.tenant_id,Distribution.OrderTemplates.tenantId
column,dist.order_template.customer_id,Distribution.OrderTemplates.customerId
column,dist.order_template.owner_user_id,Distribution.OrderTemplates.ownerUserId
column,dist.order_template.is_shared,Distribution.OrderTemplates.isShared
column,dist.order_template.created_at,Distribution.OrderTemplates.createdAt
column,dist.order_template.created_by,Distribution.OrderTemplates.createdBy
column,dist.order_template.updated_at,Distribution.OrderTemplates.updatedAt
column,dist.order_template.updated_by,Distribution.OrderTemplates.updatedBy
column,dist.order_template.row_version,Distribution.OrderTemplates.rowVersion
column,dist.order_template.deleted_at,Distribution.OrderTemplates.deletedAt
table,dist.order_template_line,Distribution.OrderTemplateLines
column,dist.order_template_line.tenant_id,Distribution.OrderTemplateLines.tenantId
column,dist.order_template_line.order_template_id,Distribution.OrderTemplateLines.orderTemplateId
column,dist.order_template_line.line_no,Distribution.OrderTemplateLines.lineNo
column,dist.order_template_line.item_id,Distribution.OrderTemplateLines.itemId
column,dist.order_template_line.qty_ctn,Distribution.OrderTemplateLines.qtyCtn
column,dist.order_template_line.qty_loose,Distribution.OrderTemplateLines.qtyLoose
column,dist.order_template_line.created_at,Distribution.OrderTemplateLines.createdAt
column,dist.order_template_line.created_by,Distribution.OrderTemplateLines.createdBy
column,dist.order_template_line.updated_at,Distribution.OrderTemplateLines.updatedAt
column,dist.order_template_line.updated_by,Distribution.OrderTemplateLines.updatedBy
column,dist.order_template_line.row_version,Distribution.OrderTemplateLines.rowVersion
table,dist.price_tier,Distribution.PriceTiers
column,dist.price_tier.tenant_id,Distribution.PriceTiers.tenantId
column,dist.price_tier.rate_factor,Distribution.PriceTiers.rateFactor
column,dist.price_tier.allocation_rank,Distribution.PriceTiers.allocationRank
column,dist.price_tier.is_active,Distribution.PriceTiers.isActive
column,dist.price_tier.created_at,Distribution.PriceTiers.createdAt
column,dist.price_tier.created_by,Distribution.PriceTiers.createdBy
column,dist.price_tier.updated_at,Distribution.PriceTiers.updatedAt
column,dist.price_tier.updated_by,Distribution.PriceTiers.updatedBy
column,dist.price_tier.row_version,Distribution.PriceTiers.rowVersion
column,dist.price_tier.deleted_at,Distribution.PriceTiers.deletedAt
table,dist.recovery_entry,Distribution.RecoverySheetLines
column,dist.recovery_entry.tenant_id,Distribution.RecoverySheetLines.tenantId
column,dist.recovery_entry.recovery_sheet_id,Distribution.RecoverySheetLines.recoverySheetId
column,dist.recovery_entry.line_no,Distribution.RecoverySheetLines.lineNo
column,dist.recovery_entry.customer_id,Distribution.RecoverySheetLines.customerId
column,dist.recovery_entry.outstanding_amount,Distribution.RecoverySheetLines.outstandingAmount
column,dist.recovery_entry.age_0_30,Distribution.RecoverySheetLines.age030
column,dist.recovery_entry.age_31_60,Distribution.RecoverySheetLines.age3160
column,dist.recovery_entry.age_61_90,Distribution.RecoverySheetLines.age6190
column,dist.recovery_entry.age_90_plus,Distribution.RecoverySheetLines.age90Plus
column,dist.recovery_entry.credit_limit,Distribution.RecoverySheetLines.creditLimit
column,dist.recovery_entry.last_payment_date,Distribution.RecoverySheetLines.lastPaymentDate
column,dist.recovery_entry.last_payment_amount,Distribution.RecoverySheetLines.lastPaymentAmount
column,dist.recovery_entry.target_amount,Distribution.RecoverySheetLines.targetAmount
column,dist.recovery_entry.collected_amount,Distribution.RecoverySheetLines.collectedAmount
column,dist.recovery_entry.cheque_id,Distribution.RecoverySheetLines.chequeId
column,dist.recovery_entry.deposit_bank_account_id,Distribution.RecoverySheetLines.depositBankAccountId
column,dist.recovery_entry.promise_to_pay_date,Distribution.RecoverySheetLines.promiseToPayDate
column,dist.recovery_entry.reminded_at,Distribution.RecoverySheetLines.remindedAt
column,dist.recovery_entry.reminder_language,Distribution.RecoverySheetLines.reminderLanguage
column,dist.recovery_entry.receipt_id,Distribution.RecoverySheetLines.receiptId
column,dist.recovery_entry.posted_at,Distribution.RecoverySheetLines.postedAt
column,dist.recovery_entry.posted_by_user_id,Distribution.RecoverySheetLines.postedByUserId
column,dist.recovery_entry.created_at,Distribution.RecoverySheetLines.createdAt
column,dist.recovery_entry.created_by,Distribution.RecoverySheetLines.createdBy
column,dist.recovery_entry.updated_at,Distribution.RecoverySheetLines.updatedAt
column,dist.recovery_entry.updated_by,Distribution.RecoverySheetLines.updatedBy
column,dist.recovery_entry.row_version,Distribution.RecoverySheetLines.rowVersion
table,dist.recovery_sheet,Distribution.RecoverySheets
column,dist.recovery_sheet.tenant_id,Distribution.RecoverySheets.tenantId
column,dist.recovery_sheet.branch_id,Distribution.RecoverySheets.branchId
column,dist.recovery_sheet.doc_no,Distribution.RecoverySheets.docNo
column,dist.recovery_sheet.doc_date,Distribution.RecoverySheets.docDate
column,dist.recovery_sheet.salesman_employee_id,Distribution.RecoverySheets.salesmanEmployeeId
column,dist.recovery_sheet.route_id,Distribution.RecoverySheets.routeId
column,dist.recovery_sheet.shop_count,Distribution.RecoverySheets.shopCount
column,dist.recovery_sheet.target_amount,Distribution.RecoverySheets.targetAmount
column,dist.recovery_sheet.outstanding_total,Distribution.RecoverySheets.outstandingTotal
column,dist.recovery_sheet.collected_total,Distribution.RecoverySheets.collectedTotal
column,dist.recovery_sheet.posted_total,Distribution.RecoverySheets.postedTotal
column,dist.recovery_sheet.printed_at,Distribution.RecoverySheets.printedAt
column,dist.recovery_sheet.created_at,Distribution.RecoverySheets.createdAt
column,dist.recovery_sheet.created_by,Distribution.RecoverySheets.createdBy
column,dist.recovery_sheet.updated_at,Distribution.RecoverySheets.updatedAt
column,dist.recovery_sheet.updated_by,Distribution.RecoverySheets.updatedBy
column,dist.recovery_sheet.row_version,Distribution.RecoverySheets.rowVersion
table,dist.route,Distribution.Routes
column,dist.route.tenant_id,Distribution.Routes.tenantId
column,dist.route.branch_id,Distribution.Routes.branchId
column,dist.route.source_warehouse_id,Distribution.Routes.sourceWarehouseId
column,dist.route.booker_employee_id,Distribution.Routes.bookerEmployeeId
column,dist.route.salesman_employee_id,Distribution.Routes.salesmanEmployeeId
column,dist.route.driver_employee_id,Distribution.Routes.driverEmployeeId
column,dist.route.supervisor_employee_id,Distribution.Routes.supervisorEmployeeId
column,dist.route.vehicle_id,Distribution.Routes.vehicleId
column,dist.route.created_at,Distribution.Routes.createdAt
column,dist.route.created_by,Distribution.Routes.createdBy
column,dist.route.updated_at,Distribution.Routes.updatedAt
column,dist.route.updated_by,Distribution.Routes.updatedBy
column,dist.route.row_version,Distribution.Routes.rowVersion
column,dist.route.deleted_at,Distribution.Routes.deletedAt
table,dist.route_day,Distribution.RouteVisitDays
column,dist.route_day.tenant_id,Distribution.RouteVisitDays.tenantId
column,dist.route_day.route_id,Distribution.RouteVisitDays.routeId
column,dist.route_day.iso_dow,Distribution.RouteVisitDays.isoDow
column,dist.route_day.created_at,Distribution.RouteVisitDays.createdAt
column,dist.route_day.created_by,Distribution.RouteVisitDays.createdBy
column,dist.route_day.updated_at,Distribution.RouteVisitDays.updatedAt
column,dist.route_day.updated_by,Distribution.RouteVisitDays.updatedBy
column,dist.route_day.row_version,Distribution.RouteVisitDays.rowVersion
table,dist.route_stop,Distribution.RouteStops
column,dist.route_stop.tenant_id,Distribution.RouteStops.tenantId
column,dist.route_stop.route_id,Distribution.RouteStops.routeId
column,dist.route_stop.route_day_id,Distribution.RouteStops.routeDayId
column,dist.route_stop.customer_id,Distribution.RouteStops.customerId
column,dist.route_stop.stop_seq,Distribution.RouteStops.stopSeq
column,dist.route_stop.planned_eta,Distribution.RouteStops.plannedEta
column,dist.route_stop.created_at,Distribution.RouteStops.createdAt
column,dist.route_stop.created_by,Distribution.RouteStops.createdBy
column,dist.route_stop.updated_at,Distribution.RouteStops.updatedAt
column,dist.route_stop.updated_by,Distribution.RouteStops.updatedBy
column,dist.route_stop.row_version,Distribution.RouteStops.rowVersion
table,dist.run_invoice,Distribution.LoadSheetInvoices
column,dist.run_invoice.tenant_id,Distribution.LoadSheetInvoices.tenantId
column,dist.run_invoice.delivery_run_id,Distribution.LoadSheetInvoices.deliveryRunId
column,dist.run_invoice.invoice_id,Distribution.LoadSheetInvoices.invoiceId
column,dist.run_invoice.customer_id,Distribution.LoadSheetInvoices.customerId
column,dist.run_invoice.stop_seq,Distribution.LoadSheetInvoices.stopSeq
column,dist.run_invoice.line_count,Distribution.LoadSheetInvoices.lineCount
column,dist.run_invoice.ctn_equiv,Distribution.LoadSheetInvoices.ctnEquiv
column,dist.run_invoice.invoice_amount,Distribution.LoadSheetInvoices.invoiceAmount
column,dist.run_invoice.released_at,Distribution.LoadSheetInvoices.releasedAt
column,dist.run_invoice.created_at,Distribution.LoadSheetInvoices.createdAt
column,dist.run_invoice.created_by,Distribution.LoadSheetInvoices.createdBy
column,dist.run_invoice.updated_at,Distribution.LoadSheetInvoices.updatedAt
column,dist.run_invoice.updated_by,Distribution.LoadSheetInvoices.updatedBy
column,dist.run_invoice.row_version,Distribution.LoadSheetInvoices.rowVersion
table,dist.run_settlement,Distribution.RouteSettlements
column,dist.run_settlement.tenant_id,Distribution.RouteSettlements.tenantId
column,dist.run_settlement.branch_id,Distribution.RouteSettlements.branchId
column,dist.run_settlement.doc_no,Distribution.RouteSettlements.docNo
column,dist.run_settlement.doc_date,Distribution.RouteSettlements.docDate
column,dist.run_settlement.delivery_run_id,Distribution.RouteSettlements.deliveryRunId
column,dist.run_settlement.salesman_employee_id,Distribution.RouteSettlements.salesmanEmployeeId
column,dist.run_settlement.cash_account_id,Distribution.RouteSettlements.cashAccountId
column,dist.run_settlement.invoice_total,Distribution.RouteSettlements.invoiceTotal
column,dist.run_settlement.return_total,Distribution.RouteSettlements.returnTotal
column,dist.run_settlement.return_cost_total,Distribution.RouteSettlements.returnCostTotal
column,dist.run_settlement.cash_expected,Distribution.RouteSettlements.cashExpected
column,dist.run_settlement.cash_counted,Distribution.RouteSettlements.cashCounted
column,dist.run_settlement.cash_short_amount,Distribution.RouteSettlements.cashShortAmount
column,dist.run_settlement.cash_over_amount,Distribution.RouteSettlements.cashOverAmount
column,dist.run_settlement.cheque_total,Distribution.RouteSettlements.chequeTotal
column,dist.run_settlement.credit_total,Distribution.RouteSettlements.creditTotal
column,dist.run_settlement.unexplained_short_total,Distribution.RouteSettlements.unexplainedShortTotal
column,dist.run_settlement.unexplained_excess_total,Distribution.RouteSettlements.unexplainedExcessTotal
column,dist.run_settlement.stock_variance_lines,Distribution.RouteSettlements.stockVarianceLines
column,dist.run_settlement.stock_variance_value,Distribution.RouteSettlements.stockVarianceValue
column,dist.run_settlement.return_transfer_id,Distribution.RouteSettlements.returnTransferId
column,dist.run_settlement.journal_entry_id,Distribution.RouteSettlements.journalEntryId
column,dist.run_settlement.posted_at,Distribution.RouteSettlements.postedAt
column,dist.run_settlement.posted_by_user_id,Distribution.RouteSettlements.postedByUserId
column,dist.run_settlement.created_at,Distribution.RouteSettlements.createdAt
column,dist.run_settlement.created_by,Distribution.RouteSettlements.createdBy
column,dist.run_settlement.updated_at,Distribution.RouteSettlements.updatedAt
column,dist.run_settlement.updated_by,Distribution.RouteSettlements.updatedBy
column,dist.run_settlement.row_version,Distribution.RouteSettlements.rowVersion
table,dist.sales_target,Distribution.SalesmanTargets
column,dist.sales_target.tenant_id,Distribution.SalesmanTargets.tenantId
column,dist.sales_target.employee_id,Distribution.SalesmanTargets.employeeId
column,dist.sales_target.route_id,Distribution.SalesmanTargets.routeId
column,dist.sales_target.period_start,Distribution.SalesmanTargets.periodStart
column,dist.sales_target.period_end,Distribution.SalesmanTargets.periodEnd
column,dist.sales_target.fiscal_period_id,Distribution.SalesmanTargets.fiscalPeriodId
column,dist.sales_target.target_amount,Distribution.SalesmanTargets.targetAmount
column,dist.sales_target.achieved_amount,Distribution.SalesmanTargets.achievedAmount
column,dist.sales_target.achievement_pct,Distribution.SalesmanTargets.achievementPct
column,dist.sales_target.productive_calls,Distribution.SalesmanTargets.productiveCalls
column,dist.sales_target.created_at,Distribution.SalesmanTargets.createdAt
column,dist.sales_target.created_by,Distribution.SalesmanTargets.createdBy
column,dist.sales_target.updated_at,Distribution.SalesmanTargets.updatedAt
column,dist.sales_target.updated_by,Distribution.SalesmanTargets.updatedBy
column,dist.sales_target.row_version,Distribution.SalesmanTargets.rowVersion
table,dist.salesman_commission,Distribution.SalesmanCommissions
column,dist.salesman_commission.tenant_id,Distribution.SalesmanCommissions.tenantId
column,dist.salesman_commission.employee_id,Distribution.SalesmanCommissions.employeeId
column,dist.salesman_commission.sales_target_id,Distribution.SalesmanCommissions.salesTargetId
column,dist.salesman_commission.period_start,Distribution.SalesmanCommissions.periodStart
column,dist.salesman_commission.period_end,Distribution.SalesmanCommissions.periodEnd
column,dist.salesman_commission.target_amount,Distribution.SalesmanCommissions.targetAmount
column,dist.salesman_commission.achieved_amount,Distribution.SalesmanCommissions.achievedAmount
column,dist.salesman_commission.achievement_pct,Distribution.SalesmanCommissions.achievementPct
column,dist.salesman_commission.commission_slab_id,Distribution.SalesmanCommissions.commissionSlabId
column,dist.salesman_commission.rate_pct,Distribution.SalesmanCommissions.ratePct
column,dist.salesman_commission.commission_amount,Distribution.SalesmanCommissions.commissionAmount
column,dist.salesman_commission.approved_by_user_id,Distribution.SalesmanCommissions.approvedByUserId
column,dist.salesman_commission.approved_at,Distribution.SalesmanCommissions.approvedAt
column,dist.salesman_commission.journal_entry_id,Distribution.SalesmanCommissions.journalEntryId
column,dist.salesman_commission.paid_at,Distribution.SalesmanCommissions.paidAt
column,dist.salesman_commission.created_at,Distribution.SalesmanCommissions.createdAt
column,dist.salesman_commission.created_by,Distribution.SalesmanCommissions.createdBy
column,dist.salesman_commission.updated_at,Distribution.SalesmanCommissions.updatedAt
column,dist.salesman_commission.updated_by,Distribution.SalesmanCommissions.updatedBy
column,dist.salesman_commission.row_version,Distribution.SalesmanCommissions.rowVersion
table,dist.settlement_cheque,Distribution.RouteSettlementCheques
column,dist.settlement_cheque.tenant_id,Distribution.RouteSettlementCheques.tenantId
column,dist.settlement_cheque.run_settlement_id,Distribution.RouteSettlementCheques.runSettlementId
column,dist.settlement_cheque.settlement_line_id,Distribution.RouteSettlementCheques.settlementLineId
column,dist.settlement_cheque.cheque_no,Distribution.RouteSettlementCheques.chequeNo
column,dist.settlement_cheque.bank_id,Distribution.RouteSettlementCheques.bankId
column,dist.settlement_cheque.bank_name,Distribution.RouteSettlementCheques.bankName
column,dist.settlement_cheque.cheque_date,Distribution.RouteSettlementCheques.chequeDate
column,dist.settlement_cheque.cheque_id,Distribution.RouteSettlementCheques.chequeId
column,dist.settlement_cheque.created_at,Distribution.RouteSettlementCheques.createdAt
column,dist.settlement_cheque.created_by,Distribution.RouteSettlementCheques.createdBy
column,dist.settlement_cheque.updated_at,Distribution.RouteSettlementCheques.updatedAt
column,dist.settlement_cheque.updated_by,Distribution.RouteSettlementCheques.updatedBy
column,dist.settlement_cheque.row_version,Distribution.RouteSettlementCheques.rowVersion
table,dist.settlement_line,Distribution.RouteSettlementLines
column,dist.settlement_line.tenant_id,Distribution.RouteSettlementLines.tenantId
column,dist.settlement_line.run_settlement_id,Distribution.RouteSettlementLines.runSettlementId
column,dist.settlement_line.line_no,Distribution.RouteSettlementLines.lineNo
column,dist.settlement_line.invoice_id,Distribution.RouteSettlementLines.invoiceId
column,dist.settlement_line.customer_id,Distribution.RouteSettlementLines.customerId
column,dist.settlement_line.invoice_amount,Distribution.RouteSettlementLines.invoiceAmount
column,dist.settlement_line.return_amount,Distribution.RouteSettlementLines.returnAmount
column,dist.settlement_line.net_amount,Distribution.RouteSettlementLines.netAmount
column,dist.settlement_line.delivery_state,Distribution.RouteSettlementLines.deliveryState
column,dist.settlement_line.non_delivery_reason,Distribution.RouteSettlementLines.nonDeliveryReason
column,dist.settlement_line.cash_amount,Distribution.RouteSettlementLines.cashAmount
column,dist.settlement_line.cheque_amount,Distribution.RouteSettlementLines.chequeAmount
column,dist.settlement_line.credit_amount,Distribution.RouteSettlementLines.creditAmount
column,dist.settlement_line.difference_amount,Distribution.RouteSettlementLines.differenceAmount
column,dist.settlement_line.receipt_id,Distribution.RouteSettlementLines.receiptId
column,dist.settlement_line.sales_return_id,Distribution.RouteSettlementLines.salesReturnId
column,dist.settlement_line.created_at,Distribution.RouteSettlementLines.createdAt
column,dist.settlement_line.created_by,Distribution.RouteSettlementLines.createdBy
column,dist.settlement_line.updated_at,Distribution.RouteSettlementLines.updatedAt
column,dist.settlement_line.updated_by,Distribution.RouteSettlementLines.updatedBy
column,dist.settlement_line.row_version,Distribution.RouteSettlementLines.rowVersion
table,dist.settlement_return,Distribution.RouteSettlementReturns
column,dist.settlement_return.tenant_id,Distribution.RouteSettlementReturns.tenantId
column,dist.settlement_return.run_settlement_id,Distribution.RouteSettlementReturns.runSettlementId
column,dist.settlement_return.settlement_line_id,Distribution.RouteSettlementReturns.settlementLineId
column,dist.settlement_return.invoice_line_id,Distribution.RouteSettlementReturns.invoiceLineId
column,dist.settlement_return.item_id,Distribution.RouteSettlementReturns.itemId
column,dist.settlement_return.batch_id,Distribution.RouteSettlementReturns.batchId
column,dist.settlement_return.supplied_qty,Distribution.RouteSettlementReturns.suppliedQty
column,dist.settlement_return.return_qty,Distribution.RouteSettlementReturns.returnQty
column,dist.settlement_return.unit_price,Distribution.RouteSettlementReturns.unitPrice
column,dist.settlement_return.return_value,Distribution.RouteSettlementReturns.returnValue
column,dist.settlement_return.unit_cost,Distribution.RouteSettlementReturns.unitCost
column,dist.settlement_return.cost_value,Distribution.RouteSettlementReturns.costValue
column,dist.settlement_return.created_at,Distribution.RouteSettlementReturns.createdAt
column,dist.settlement_return.created_by,Distribution.RouteSettlementReturns.createdBy
column,dist.settlement_return.updated_at,Distribution.RouteSettlementReturns.updatedAt
column,dist.settlement_return.updated_by,Distribution.RouteSettlementReturns.updatedBy
column,dist.settlement_return.row_version,Distribution.RouteSettlementReturns.rowVersion
table,dist.van_stock_count,Distribution.VanStockCounts
column,dist.van_stock_count.tenant_id,Distribution.VanStockCounts.tenantId
column,dist.van_stock_count.run_settlement_id,Distribution.VanStockCounts.runSettlementId
column,dist.van_stock_count.item_id,Distribution.VanStockCounts.itemId
column,dist.van_stock_count.units_per_ctn,Distribution.VanStockCounts.unitsPerCtn
column,dist.van_stock_count.loaded_qty,Distribution.VanStockCounts.loadedQty
column,dist.van_stock_count.delivered_qty,Distribution.VanStockCounts.deliveredQty
column,dist.van_stock_count.returned_qty,Distribution.VanStockCounts.returnedQty
column,dist.van_stock_count.counted_qty,Distribution.VanStockCounts.countedQty
column,dist.van_stock_count.variance_qty,Distribution.VanStockCounts.varianceQty
column,dist.van_stock_count.unit_cost,Distribution.VanStockCounts.unitCost
column,dist.van_stock_count.variance_value,Distribution.VanStockCounts.varianceValue
column,dist.van_stock_count.created_at,Distribution.VanStockCounts.createdAt
column,dist.van_stock_count.created_by,Distribution.VanStockCounts.createdBy
column,dist.van_stock_count.updated_at,Distribution.VanStockCounts.updatedAt
column,dist.van_stock_count.updated_by,Distribution.VanStockCounts.updatedBy
column,dist.van_stock_count.row_version,Distribution.VanStockCounts.rowVersion
table,dist.vehicle,Distribution.Vans
column,dist.vehicle.tenant_id,Distribution.Vans.tenantId
column,dist.vehicle.branch_id,Distribution.Vans.branchId
column,dist.vehicle.reg_no,Distribution.Vans.regNo
column,dist.vehicle.capacity_ctn,Distribution.Vans.capacityCtn
column,dist.vehicle.capacity_kg,Distribution.Vans.capacityKg
column,dist.vehicle.warehouse_id,Distribution.Vans.warehouseId
column,dist.vehicle.default_driver_employee_id,Distribution.Vans.defaultDriverEmployeeId
column,dist.vehicle.created_at,Distribution.Vans.createdAt
column,dist.vehicle.created_by,Distribution.Vans.createdBy
column,dist.vehicle.updated_at,Distribution.Vans.updatedAt
column,dist.vehicle.updated_by,Distribution.Vans.updatedBy
column,dist.vehicle.row_version,Distribution.Vans.rowVersion
column,dist.vehicle.deleted_at,Distribution.Vans.deletedAt
table,ess.announcement_read,EmployeeSelfService.CompanyAnnouncementReads
column,ess.announcement_read.tenant_id,EmployeeSelfService.CompanyAnnouncementReads.tenantId
column,ess.announcement_read.announcement_id,EmployeeSelfService.CompanyAnnouncementReads.announcementId
column,ess.announcement_read.employee_id,EmployeeSelfService.CompanyAnnouncementReads.employeeId
column,ess.announcement_read.read_at,EmployeeSelfService.CompanyAnnouncementReads.readAt
column,ess.announcement_read.created_at,EmployeeSelfService.CompanyAnnouncementReads.createdAt
column,ess.announcement_read.created_by,EmployeeSelfService.CompanyAnnouncementReads.createdBy
column,ess.announcement_read.updated_at,EmployeeSelfService.CompanyAnnouncementReads.updatedAt
column,ess.announcement_read.updated_by,EmployeeSelfService.CompanyAnnouncementReads.updatedBy
column,ess.announcement_read.row_version,EmployeeSelfService.CompanyAnnouncementReads.rowVersion
table,ess.company_announcement,EmployeeSelfService.CompanyAnnouncements
column,ess.company_announcement.tenant_id,EmployeeSelfService.CompanyAnnouncements.tenantId
column,ess.company_announcement.author_employee_id,EmployeeSelfService.CompanyAnnouncements.authorEmployeeId
column,ess.company_announcement.author_label,EmployeeSelfService.CompanyAnnouncements.authorLabel
column,ess.company_announcement.event_at,EmployeeSelfService.CompanyAnnouncements.eventAt
column,ess.company_announcement.requires_rsvp,EmployeeSelfService.CompanyAnnouncements.requiresRsvp
column,ess.company_announcement.branch_id,EmployeeSelfService.CompanyAnnouncements.branchId
column,ess.company_announcement.department_id,EmployeeSelfService.CompanyAnnouncements.departmentId
column,ess.company_announcement.policy_document_id,EmployeeSelfService.CompanyAnnouncements.policyDocumentId
column,ess.company_announcement.is_pinned,EmployeeSelfService.CompanyAnnouncements.isPinned
column,ess.company_announcement.published_at,EmployeeSelfService.CompanyAnnouncements.publishedAt
column,ess.company_announcement.expires_at,EmployeeSelfService.CompanyAnnouncements.expiresAt
column,ess.company_announcement.created_at,EmployeeSelfService.CompanyAnnouncements.createdAt
column,ess.company_announcement.created_by,EmployeeSelfService.CompanyAnnouncements.createdBy
column,ess.company_announcement.updated_at,EmployeeSelfService.CompanyAnnouncements.updatedAt
column,ess.company_announcement.updated_by,EmployeeSelfService.CompanyAnnouncements.updatedBy
column,ess.company_announcement.row_version,EmployeeSelfService.CompanyAnnouncements.rowVersion
table,ess.faq,EmployeeSelfService.HelpdeskFaqs
column,ess.faq.tenant_id,EmployeeSelfService.HelpdeskFaqs.tenantId
column,ess.faq.category_id,EmployeeSelfService.HelpdeskFaqs.categoryId
column,ess.faq.sort_order,EmployeeSelfService.HelpdeskFaqs.sortOrder
column,ess.faq.is_published,EmployeeSelfService.HelpdeskFaqs.isPublished
column,ess.faq.created_at,EmployeeSelfService.HelpdeskFaqs.createdAt
column,ess.faq.created_by,EmployeeSelfService.HelpdeskFaqs.createdBy
column,ess.faq.updated_at,EmployeeSelfService.HelpdeskFaqs.updatedAt
column,ess.faq.updated_by,EmployeeSelfService.HelpdeskFaqs.updatedBy
column,ess.faq.row_version,EmployeeSelfService.HelpdeskFaqs.rowVersion
column,ess.faq.deleted_at,EmployeeSelfService.HelpdeskFaqs.deletedAt
table,ess.helpdesk_category,EmployeeSelfService.HelpdeskCategories
column,ess.helpdesk_category.tenant_id,EmployeeSelfService.HelpdeskCategories.tenantId
column,ess.helpdesk_category.owner_employee_id,EmployeeSelfService.HelpdeskCategories.ownerEmployeeId
column,ess.helpdesk_category.sla_hours,EmployeeSelfService.HelpdeskCategories.slaHours
column,ess.helpdesk_category.high_priority_sla_factor,EmployeeSelfService.HelpdeskCategories.highPrioritySlaFactor
column,ess.helpdesk_category.routing_keywords,EmployeeSelfService.HelpdeskCategories.routingKeywords
column,ess.helpdesk_category.sort_order,EmployeeSelfService.HelpdeskCategories.sortOrder
column,ess.helpdesk_category.created_at,EmployeeSelfService.HelpdeskCategories.createdAt
column,ess.helpdesk_category.created_by,EmployeeSelfService.HelpdeskCategories.createdBy
column,ess.helpdesk_category.updated_at,EmployeeSelfService.HelpdeskCategories.updatedAt
column,ess.helpdesk_category.updated_by,EmployeeSelfService.HelpdeskCategories.updatedBy
column,ess.helpdesk_category.row_version,EmployeeSelfService.HelpdeskCategories.rowVersion
column,ess.helpdesk_category.deleted_at,EmployeeSelfService.HelpdeskCategories.deletedAt
table,ess.helpdesk_message,EmployeeSelfService.HelpdeskTicketMessages
column,ess.helpdesk_message.tenant_id,EmployeeSelfService.HelpdeskTicketMessages.tenantId
column,ess.helpdesk_message.ticket_id,EmployeeSelfService.HelpdeskTicketMessages.ticketId
column,ess.helpdesk_message.author_role,EmployeeSelfService.HelpdeskTicketMessages.authorRole
column,ess.helpdesk_message.author_employee_id,EmployeeSelfService.HelpdeskTicketMessages.authorEmployeeId
column,ess.helpdesk_message.attachment_id,EmployeeSelfService.HelpdeskTicketMessages.attachmentId
column,ess.helpdesk_message.sent_at,EmployeeSelfService.HelpdeskTicketMessages.sentAt
column,ess.helpdesk_message.created_at,EmployeeSelfService.HelpdeskTicketMessages.createdAt
column,ess.helpdesk_message.created_by,EmployeeSelfService.HelpdeskTicketMessages.createdBy
column,ess.helpdesk_message.updated_at,EmployeeSelfService.HelpdeskTicketMessages.updatedAt
column,ess.helpdesk_message.updated_by,EmployeeSelfService.HelpdeskTicketMessages.updatedBy
column,ess.helpdesk_message.row_version,EmployeeSelfService.HelpdeskTicketMessages.rowVersion
table,ess.helpdesk_ticket,EmployeeSelfService.HelpdeskTickets
column,ess.helpdesk_ticket.tenant_id,EmployeeSelfService.HelpdeskTickets.tenantId
column,ess.helpdesk_ticket.doc_no,EmployeeSelfService.HelpdeskTickets.docNo
column,ess.helpdesk_ticket.employee_id,EmployeeSelfService.HelpdeskTickets.employeeId
column,ess.helpdesk_ticket.category_id,EmployeeSelfService.HelpdeskTickets.categoryId
column,ess.helpdesk_ticket.agent_employee_id,EmployeeSelfService.HelpdeskTickets.agentEmployeeId
column,ess.helpdesk_ticket.contact_channel,EmployeeSelfService.HelpdeskTickets.contactChannel
column,ess.helpdesk_ticket.contact_value,EmployeeSelfService.HelpdeskTickets.contactValue
column,ess.helpdesk_ticket.opened_at,EmployeeSelfService.HelpdeskTickets.openedAt
column,ess.helpdesk_ticket.sla_hours,EmployeeSelfService.HelpdeskTickets.slaHours
column,ess.helpdesk_ticket.due_at,EmployeeSelfService.HelpdeskTickets.dueAt
column,ess.helpdesk_ticket.first_response_at,EmployeeSelfService.HelpdeskTickets.firstResponseAt
column,ess.helpdesk_ticket.resolved_at,EmployeeSelfService.HelpdeskTickets.resolvedAt
column,ess.helpdesk_ticket.closed_at,EmployeeSelfService.HelpdeskTickets.closedAt
column,ess.helpdesk_ticket.sla_met,EmployeeSelfService.HelpdeskTickets.slaMet
column,ess.helpdesk_ticket.reopened_count,EmployeeSelfService.HelpdeskTickets.reopenedCount
column,ess.helpdesk_ticket.csat_rating,EmployeeSelfService.HelpdeskTickets.csatRating
column,ess.helpdesk_ticket.csat_at,EmployeeSelfService.HelpdeskTickets.csatAt
column,ess.helpdesk_ticket.source_doc_type,EmployeeSelfService.HelpdeskTickets.sourceDocType
column,ess.helpdesk_ticket.source_doc_id,EmployeeSelfService.HelpdeskTickets.sourceDocId
column,ess.helpdesk_ticket.created_at,EmployeeSelfService.HelpdeskTickets.createdAt
column,ess.helpdesk_ticket.created_by,EmployeeSelfService.HelpdeskTickets.createdBy
column,ess.helpdesk_ticket.updated_at,EmployeeSelfService.HelpdeskTickets.updatedAt
column,ess.helpdesk_ticket.updated_by,EmployeeSelfService.HelpdeskTickets.updatedBy
column,ess.helpdesk_ticket.row_version,EmployeeSelfService.HelpdeskTickets.rowVersion
table,ess.kudos,EmployeeSelfService.Kudos
column,ess.kudos.tenant_id,EmployeeSelfService.Kudos.tenantId
column,ess.kudos.from_employee_id,EmployeeSelfService.Kudos.fromEmployeeId
column,ess.kudos.to_employee_id,EmployeeSelfService.Kudos.toEmployeeId
column,ess.kudos.share_on_wall,EmployeeSelfService.Kudos.shareOnWall
column,ess.kudos.points_to_recipient,EmployeeSelfService.Kudos.pointsToRecipient
column,ess.kudos.points_to_giver,EmployeeSelfService.Kudos.pointsToGiver
column,ess.kudos.given_at,EmployeeSelfService.Kudos.givenAt
column,ess.kudos.is_hidden,EmployeeSelfService.Kudos.isHidden
column,ess.kudos.created_at,EmployeeSelfService.Kudos.createdAt
column,ess.kudos.created_by,EmployeeSelfService.Kudos.createdBy
column,ess.kudos.updated_at,EmployeeSelfService.Kudos.updatedAt
column,ess.kudos.updated_by,EmployeeSelfService.Kudos.updatedBy
column,ess.kudos.row_version,EmployeeSelfService.Kudos.rowVersion
table,ess.kudos_reaction,EmployeeSelfService.KudosReactions
column,ess.kudos_reaction.tenant_id,EmployeeSelfService.KudosReactions.tenantId
column,ess.kudos_reaction.kudos_id,EmployeeSelfService.KudosReactions.kudosId
column,ess.kudos_reaction.employee_id,EmployeeSelfService.KudosReactions.employeeId
column,ess.kudos_reaction.is_active,EmployeeSelfService.KudosReactions.isActive
column,ess.kudos_reaction.reacted_at,EmployeeSelfService.KudosReactions.reactedAt
column,ess.kudos_reaction.created_at,EmployeeSelfService.KudosReactions.createdAt
column,ess.kudos_reaction.created_by,EmployeeSelfService.KudosReactions.createdBy
column,ess.kudos_reaction.updated_at,EmployeeSelfService.KudosReactions.updatedAt
column,ess.kudos_reaction.updated_by,EmployeeSelfService.KudosReactions.updatedBy
column,ess.kudos_reaction.row_version,EmployeeSelfService.KudosReactions.rowVersion
table,ess.letter_request,EmployeeSelfService.LetterRequests
column,ess.letter_request.tenant_id,EmployeeSelfService.LetterRequests.tenantId
column,ess.letter_request.doc_no,EmployeeSelfService.LetterRequests.docNo
column,ess.letter_request.doc_date,EmployeeSelfService.LetterRequests.docDate
column,ess.letter_request.employee_id,EmployeeSelfService.LetterRequests.employeeId
column,ess.letter_request.letter_type,EmployeeSelfService.LetterRequests.letterType
column,ess.letter_request.addressed_to,EmployeeSelfService.LetterRequests.addressedTo
column,ess.letter_request.travel_country,EmployeeSelfService.LetterRequests.travelCountry
column,ess.letter_request.travel_from,EmployeeSelfService.LetterRequests.travelFrom
column,ess.letter_request.travel_till,EmployeeSelfService.LetterRequests.travelTill
column,ess.letter_request.leave_request_id,EmployeeSelfService.LetterRequests.leaveRequestId
column,ess.letter_request.include_salary,EmployeeSelfService.LetterRequests.includeSalary
column,ess.letter_request.output_format,EmployeeSelfService.LetterRequests.outputFormat
column,ess.letter_request.rejected_reason,EmployeeSelfService.LetterRequests.rejectedReason
column,ess.letter_request.due_at,EmployeeSelfService.LetterRequests.dueAt
column,ess.letter_request.signed_by_user_id,EmployeeSelfService.LetterRequests.signedByUserId
column,ess.letter_request.signed_at,EmployeeSelfService.LetterRequests.signedAt
column,ess.letter_request.reference_no,EmployeeSelfService.LetterRequests.referenceNo
column,ess.letter_request.verification_code,EmployeeSelfService.LetterRequests.verificationCode
column,ess.letter_request.salary_gross_snapshot,EmployeeSelfService.LetterRequests.salaryGrossSnapshot
column,ess.letter_request.salary_net_snapshot,EmployeeSelfService.LetterRequests.salaryNetSnapshot
column,ess.letter_request.doc_template_id,EmployeeSelfService.LetterRequests.docTemplateId
column,ess.letter_request.pdf_attachment_id,EmployeeSelfService.LetterRequests.pdfAttachmentId
column,ess.letter_request.hr_letter_id,EmployeeSelfService.LetterRequests.hrLetterId
column,ess.letter_request.withdrawn_at,EmployeeSelfService.LetterRequests.withdrawnAt
column,ess.letter_request.created_at,EmployeeSelfService.LetterRequests.createdAt
column,ess.letter_request.created_by,EmployeeSelfService.LetterRequests.createdBy
column,ess.letter_request.updated_at,EmployeeSelfService.LetterRequests.updatedAt
column,ess.letter_request.updated_by,EmployeeSelfService.LetterRequests.updatedBy
column,ess.letter_request.row_version,EmployeeSelfService.LetterRequests.rowVersion
table,ess.open_shift,EmployeeSelfService.OpenShifts
column,ess.open_shift.tenant_id,EmployeeSelfService.OpenShifts.tenantId
column,ess.open_shift.shift_date,EmployeeSelfService.OpenShifts.shiftDate
column,ess.open_shift.shift_id,EmployeeSelfService.OpenShifts.shiftId
column,ess.open_shift.branch_id,EmployeeSelfService.OpenShifts.branchId
column,ess.open_shift.department_id,EmployeeSelfService.OpenShifts.departmentId
column,ess.open_shift.perk_text,EmployeeSelfService.OpenShifts.perkText
column,ess.open_shift.allowance_amount,EmployeeSelfService.OpenShifts.allowanceAmount
column,ess.open_shift.overtime_multiplier,EmployeeSelfService.OpenShifts.overtimeMultiplier
column,ess.open_shift.slots_total,EmployeeSelfService.OpenShifts.slotsTotal
column,ess.open_shift.posted_by_user_id,EmployeeSelfService.OpenShifts.postedByUserId
column,ess.open_shift.created_at,EmployeeSelfService.OpenShifts.createdAt
column,ess.open_shift.created_by,EmployeeSelfService.OpenShifts.createdBy
column,ess.open_shift.updated_at,EmployeeSelfService.OpenShifts.updatedAt
column,ess.open_shift.updated_by,EmployeeSelfService.OpenShifts.updatedBy
column,ess.open_shift.row_version,EmployeeSelfService.OpenShifts.rowVersion
table,ess.open_shift_claim,EmployeeSelfService.OpenShiftClaims
column,ess.open_shift_claim.tenant_id,EmployeeSelfService.OpenShiftClaims.tenantId
column,ess.open_shift_claim.open_shift_id,EmployeeSelfService.OpenShiftClaims.openShiftId
column,ess.open_shift_claim.employee_id,EmployeeSelfService.OpenShiftClaims.employeeId
column,ess.open_shift_claim.claimed_at,EmployeeSelfService.OpenShiftClaims.claimedAt
column,ess.open_shift_claim.decided_by_user_id,EmployeeSelfService.OpenShiftClaims.decidedByUserId
column,ess.open_shift_claim.decided_at,EmployeeSelfService.OpenShiftClaims.decidedAt
column,ess.open_shift_claim.created_at,EmployeeSelfService.OpenShiftClaims.createdAt
column,ess.open_shift_claim.created_by,EmployeeSelfService.OpenShiftClaims.createdBy
column,ess.open_shift_claim.updated_at,EmployeeSelfService.OpenShiftClaims.updatedAt
column,ess.open_shift_claim.updated_by,EmployeeSelfService.OpenShiftClaims.updatedBy
column,ess.open_shift_claim.row_version,EmployeeSelfService.OpenShiftClaims.rowVersion
table,ess.policy_acknowledgement,EmployeeSelfService.PolicyAcknowledgements
column,ess.policy_acknowledgement.tenant_id,EmployeeSelfService.PolicyAcknowledgements.tenantId
column,ess.policy_acknowledgement.policy_document_id,EmployeeSelfService.PolicyAcknowledgements.policyDocumentId
column,ess.policy_acknowledgement.employee_id,EmployeeSelfService.PolicyAcknowledgements.employeeId
column,ess.policy_acknowledgement.acknowledged_at,EmployeeSelfService.PolicyAcknowledgements.acknowledgedAt
column,ess.policy_acknowledgement.read_to_end,EmployeeSelfService.PolicyAcknowledgements.readToEnd
column,ess.policy_acknowledgement.signature_text,EmployeeSelfService.PolicyAcknowledgements.signatureText
column,ess.policy_acknowledgement.ip_address,EmployeeSelfService.PolicyAcknowledgements.ipAddress
column,ess.policy_acknowledgement.user_agent,EmployeeSelfService.PolicyAcknowledgements.userAgent
column,ess.policy_acknowledgement.onboarding_task_id,EmployeeSelfService.PolicyAcknowledgements.onboardingTaskId
column,ess.policy_acknowledgement.created_at,EmployeeSelfService.PolicyAcknowledgements.createdAt
column,ess.policy_acknowledgement.created_by,EmployeeSelfService.PolicyAcknowledgements.createdBy
column,ess.policy_acknowledgement.updated_at,EmployeeSelfService.PolicyAcknowledgements.updatedAt
column,ess.policy_acknowledgement.updated_by,EmployeeSelfService.PolicyAcknowledgements.updatedBy
column,ess.policy_acknowledgement.row_version,EmployeeSelfService.PolicyAcknowledgements.rowVersion
table,ess.policy_document,EmployeeSelfService.CompanyPolicies
column,ess.policy_document.tenant_id,EmployeeSelfService.CompanyPolicies.tenantId
column,ess.policy_document.effective_date,EmployeeSelfService.CompanyPolicies.effectiveDate
column,ess.policy_document.owner_employee_id,EmployeeSelfService.CompanyPolicies.ownerEmployeeId
column,ess.policy_document.read_minutes,EmployeeSelfService.CompanyPolicies.readMinutes
column,ess.policy_document.attachment_id,EmployeeSelfService.CompanyPolicies.attachmentId
column,ess.policy_document.requires_acknowledgement,EmployeeSelfService.CompanyPolicies.requiresAcknowledgement
column,ess.policy_document.supersedes_policy_id,EmployeeSelfService.CompanyPolicies.supersedesPolicyId
column,ess.policy_document.published_at,EmployeeSelfService.CompanyPolicies.publishedAt
column,ess.policy_document.created_at,EmployeeSelfService.CompanyPolicies.createdAt
column,ess.policy_document.created_by,EmployeeSelfService.CompanyPolicies.createdBy
column,ess.policy_document.updated_at,EmployeeSelfService.CompanyPolicies.updatedAt
column,ess.policy_document.updated_by,EmployeeSelfService.CompanyPolicies.updatedBy
column,ess.policy_document.row_version,EmployeeSelfService.CompanyPolicies.rowVersion
column,ess.policy_document.deleted_at,EmployeeSelfService.CompanyPolicies.deletedAt
table,ess.poll,EmployeeSelfService.Polls
column,ess.poll.tenant_id,EmployeeSelfService.Polls.tenantId
column,ess.poll.created_by_employee_id,EmployeeSelfService.Polls.createdByEmployeeId
column,ess.poll.department_id,EmployeeSelfService.Polls.departmentId
column,ess.poll.opens_at,EmployeeSelfService.Polls.opensAt
column,ess.poll.closes_at,EmployeeSelfService.Polls.closesAt
column,ess.poll.show_results_after_vote,EmployeeSelfService.Polls.showResultsAfterVote
column,ess.poll.created_at,EmployeeSelfService.Polls.createdAt
column,ess.poll.created_by,EmployeeSelfService.Polls.createdBy
column,ess.poll.updated_at,EmployeeSelfService.Polls.updatedAt
column,ess.poll.updated_by,EmployeeSelfService.Polls.updatedBy
column,ess.poll.row_version,EmployeeSelfService.Polls.rowVersion
table,ess.poll_option,EmployeeSelfService.PollOptions
column,ess.poll_option.tenant_id,EmployeeSelfService.PollOptions.tenantId
column,ess.poll_option.poll_id,EmployeeSelfService.PollOptions.pollId
column,ess.poll_option.created_at,EmployeeSelfService.PollOptions.createdAt
column,ess.poll_option.created_by,EmployeeSelfService.PollOptions.createdBy
column,ess.poll_option.updated_at,EmployeeSelfService.PollOptions.updatedAt
column,ess.poll_option.updated_by,EmployeeSelfService.PollOptions.updatedBy
column,ess.poll_option.row_version,EmployeeSelfService.PollOptions.rowVersion
table,ess.poll_vote,EmployeeSelfService.PollVotes
column,ess.poll_vote.tenant_id,EmployeeSelfService.PollVotes.tenantId
column,ess.poll_vote.poll_id,EmployeeSelfService.PollVotes.pollId
column,ess.poll_vote.option_id,EmployeeSelfService.PollVotes.optionId
column,ess.poll_vote.employee_id,EmployeeSelfService.PollVotes.employeeId
column,ess.poll_vote.voted_at,EmployeeSelfService.PollVotes.votedAt
column,ess.poll_vote.created_at,EmployeeSelfService.PollVotes.createdAt
column,ess.poll_vote.created_by,EmployeeSelfService.PollVotes.createdBy
column,ess.poll_vote.updated_at,EmployeeSelfService.PollVotes.updatedAt
column,ess.poll_vote.updated_by,EmployeeSelfService.PollVotes.updatedBy
column,ess.poll_vote.row_version,EmployeeSelfService.PollVotes.rowVersion
table,ess.presence_status,EmployeeSelfService.PresenceStatuses
column,ess.presence_status.tenant_id,EmployeeSelfService.PresenceStatuses.tenantId
column,ess.presence_status.employee_id,EmployeeSelfService.PresenceStatuses.employeeId
column,ess.presence_status.location_label,EmployeeSelfService.PresenceStatuses.locationLabel
column,ess.presence_status.until_at,EmployeeSelfService.PresenceStatuses.untilAt
column,ess.presence_status.created_at,EmployeeSelfService.PresenceStatuses.createdAt
column,ess.presence_status.created_by,EmployeeSelfService.PresenceStatuses.createdBy
column,ess.presence_status.updated_at,EmployeeSelfService.PresenceStatuses.updatedAt
column,ess.presence_status.updated_by,EmployeeSelfService.PresenceStatuses.updatedBy
column,ess.presence_status.row_version,EmployeeSelfService.PresenceStatuses.rowVersion
table,ess.profile_change_request,EmployeeSelfService.ProfileChangeRequests
column,ess.profile_change_request.tenant_id,EmployeeSelfService.ProfileChangeRequests.tenantId
column,ess.profile_change_request.employee_id,EmployeeSelfService.ProfileChangeRequests.employeeId
column,ess.profile_change_request.field_key,EmployeeSelfService.ProfileChangeRequests.fieldKey
column,ess.profile_change_request.field_label,EmployeeSelfService.ProfileChangeRequests.fieldLabel
column,ess.profile_change_request.current_value,EmployeeSelfService.ProfileChangeRequests.currentValue
column,ess.profile_change_request.requested_value,EmployeeSelfService.ProfileChangeRequests.requestedValue
column,ess.profile_change_request.proof_attachment_id,EmployeeSelfService.ProfileChangeRequests.proofAttachmentId
column,ess.profile_change_request.otp_verified_at,EmployeeSelfService.ProfileChangeRequests.otpVerifiedAt
column,ess.profile_change_request.reviewed_by_user_id,EmployeeSelfService.ProfileChangeRequests.reviewedByUserId
column,ess.profile_change_request.reviewed_at,EmployeeSelfService.ProfileChangeRequests.reviewedAt
column,ess.profile_change_request.review_comment,EmployeeSelfService.ProfileChangeRequests.reviewComment
column,ess.profile_change_request.applied_at,EmployeeSelfService.ProfileChangeRequests.appliedAt
column,ess.profile_change_request.created_at,EmployeeSelfService.ProfileChangeRequests.createdAt
column,ess.profile_change_request.created_by,EmployeeSelfService.ProfileChangeRequests.createdBy
column,ess.profile_change_request.updated_at,EmployeeSelfService.ProfileChangeRequests.updatedAt
column,ess.profile_change_request.updated_by,EmployeeSelfService.ProfileChangeRequests.updatedBy
column,ess.profile_change_request.row_version,EmployeeSelfService.ProfileChangeRequests.rowVersion
table,ess.pulse_question,EmployeeSelfService.PulseSurveyQuestions
column,ess.pulse_question.tenant_id,EmployeeSelfService.PulseSurveyQuestions.tenantId
column,ess.pulse_question.survey_id,EmployeeSelfService.PulseSurveyQuestions.surveyId
column,ess.pulse_question.question_text,EmployeeSelfService.PulseSurveyQuestions.questionText
column,ess.pulse_question.low_label,EmployeeSelfService.PulseSurveyQuestions.lowLabel
column,ess.pulse_question.high_label,EmployeeSelfService.PulseSurveyQuestions.highLabel
column,ess.pulse_question.metric_key,EmployeeSelfService.PulseSurveyQuestions.metricKey
column,ess.pulse_question.created_at,EmployeeSelfService.PulseSurveyQuestions.createdAt
column,ess.pulse_question.created_by,EmployeeSelfService.PulseSurveyQuestions.createdBy
column,ess.pulse_question.updated_at,EmployeeSelfService.PulseSurveyQuestions.updatedAt
column,ess.pulse_question.updated_by,EmployeeSelfService.PulseSurveyQuestions.updatedBy
column,ess.pulse_question.row_version,EmployeeSelfService.PulseSurveyQuestions.rowVersion
table,ess.pulse_response,EmployeeSelfService.PulseSurveyResponses
column,ess.pulse_response.tenant_id,EmployeeSelfService.PulseSurveyResponses.tenantId
column,ess.pulse_response.survey_id,EmployeeSelfService.PulseSurveyResponses.surveyId
column,ess.pulse_response.question_id,EmployeeSelfService.PulseSurveyResponses.questionId
column,ess.pulse_response.respondent_hash,EmployeeSelfService.PulseSurveyResponses.respondentHash
column,ess.pulse_response.department_id,EmployeeSelfService.PulseSurveyResponses.departmentId
column,ess.pulse_response.responded_at,EmployeeSelfService.PulseSurveyResponses.respondedAt
column,ess.pulse_response.created_at,EmployeeSelfService.PulseSurveyResponses.createdAt
column,ess.pulse_response.created_by,EmployeeSelfService.PulseSurveyResponses.createdBy
column,ess.pulse_response.updated_at,EmployeeSelfService.PulseSurveyResponses.updatedAt
column,ess.pulse_response.updated_by,EmployeeSelfService.PulseSurveyResponses.updatedBy
column,ess.pulse_response.row_version,EmployeeSelfService.PulseSurveyResponses.rowVersion
table,ess.pulse_survey,EmployeeSelfService.PulseSurveys
column,ess.pulse_survey.tenant_id,EmployeeSelfService.PulseSurveys.tenantId
column,ess.pulse_survey.period_from,EmployeeSelfService.PulseSurveys.periodFrom
column,ess.pulse_survey.period_to,EmployeeSelfService.PulseSurveys.periodTo
column,ess.pulse_survey.department_id,EmployeeSelfService.PulseSurveys.departmentId
column,ess.pulse_survey.is_anonymous,EmployeeSelfService.PulseSurveys.isAnonymous
column,ess.pulse_survey.created_at,EmployeeSelfService.PulseSurveys.createdAt
column,ess.pulse_survey.created_by,EmployeeSelfService.PulseSurveys.createdBy
column,ess.pulse_survey.updated_at,EmployeeSelfService.PulseSurveys.updatedAt
column,ess.pulse_survey.updated_by,EmployeeSelfService.PulseSurveys.updatedBy
column,ess.pulse_survey.row_version,EmployeeSelfService.PulseSurveys.rowVersion
table,ess.shift_swap,EmployeeSelfService.ShiftSwapRequests
column,ess.shift_swap.tenant_id,EmployeeSelfService.ShiftSwapRequests.tenantId
column,ess.shift_swap.doc_no,EmployeeSelfService.ShiftSwapRequests.docNo
column,ess.shift_swap.doc_date,EmployeeSelfService.ShiftSwapRequests.docDate
column,ess.shift_swap.requester_employee_id,EmployeeSelfService.ShiftSwapRequests.requesterEmployeeId
column,ess.shift_swap.counterpart_employee_id,EmployeeSelfService.ShiftSwapRequests.counterpartEmployeeId
column,ess.shift_swap.swap_date,EmployeeSelfService.ShiftSwapRequests.swapDate
column,ess.shift_swap.swap_mode,EmployeeSelfService.ShiftSwapRequests.swapMode
column,ess.shift_swap.requester_shift_id,EmployeeSelfService.ShiftSwapRequests.requesterShiftId
column,ess.shift_swap.counterpart_shift_id,EmployeeSelfService.ShiftSwapRequests.counterpartShiftId
column,ess.shift_swap.reason_category,EmployeeSelfService.ShiftSwapRequests.reasonCategory
column,ess.shift_swap.note_to_counterpart,EmployeeSelfService.ShiftSwapRequests.noteToCounterpart
column,ess.shift_swap.accepted_at,EmployeeSelfService.ShiftSwapRequests.acceptedAt
column,ess.shift_swap.approver_employee_id,EmployeeSelfService.ShiftSwapRequests.approverEmployeeId
column,ess.shift_swap.decided_by_user_id,EmployeeSelfService.ShiftSwapRequests.decidedByUserId
column,ess.shift_swap.decided_at,EmployeeSelfService.ShiftSwapRequests.decidedAt
column,ess.shift_swap.decision_reason,EmployeeSelfService.ShiftSwapRequests.decisionReason
column,ess.shift_swap.created_at,EmployeeSelfService.ShiftSwapRequests.createdAt
column,ess.shift_swap.created_by,EmployeeSelfService.ShiftSwapRequests.createdBy
column,ess.shift_swap.updated_at,EmployeeSelfService.ShiftSwapRequests.updatedAt
column,ess.shift_swap.updated_by,EmployeeSelfService.ShiftSwapRequests.updatedBy
column,ess.shift_swap.row_version,EmployeeSelfService.ShiftSwapRequests.rowVersion
table,fa.asset,FixedAssets.FixedAssets
column,fa.asset.tenant_id,FixedAssets.FixedAssets.tenantId
column,fa.asset.category_id,FixedAssets.FixedAssets.categoryId
column,fa.asset.branch_id,FixedAssets.FixedAssets.branchId
column,fa.asset.custodian_employee_id,FixedAssets.FixedAssets.custodianEmployeeId
column,fa.asset.cost_centre_id,FixedAssets.FixedAssets.costCentreId
column,fa.asset.tag_no,FixedAssets.FixedAssets.tagNo
column,fa.asset.serial_no,FixedAssets.FixedAssets.serialNo
column,fa.asset.acquisition_date,FixedAssets.FixedAssets.acquisitionDate
column,fa.asset.source_doc_type,FixedAssets.FixedAssets.sourceDocType
column,fa.asset.source_doc_id,FixedAssets.FixedAssets.sourceDocId
column,fa.asset.source_doc_no,FixedAssets.FixedAssets.sourceDocNo
column,fa.asset.vendor_id,FixedAssets.FixedAssets.vendorId
column,fa.asset.rate_pct,FixedAssets.FixedAssets.ratePct
column,fa.asset.residual_value,FixedAssets.FixedAssets.residualValue
column,fa.asset.charge_full_month_on_purchase,FixedAssets.FixedAssets.chargeFullMonthOnPurchase
column,fa.asset.cost_account_id,FixedAssets.FixedAssets.costAccountId
column,fa.asset.accum_dep_account_id,FixedAssets.FixedAssets.accumDepAccountId
column,fa.asset.dep_expense_account_id,FixedAssets.FixedAssets.depExpenseAccountId
column,fa.asset.accumulated_depreciation,FixedAssets.FixedAssets.accumulatedDepreciation
column,fa.asset.depreciated_through,FixedAssets.FixedAssets.depreciatedThrough
column,fa.asset.tax_wdv,FixedAssets.FixedAssets.taxWdv
column,fa.asset.registration_no,FixedAssets.FixedAssets.registrationNo
column,fa.asset.engine_no,FixedAssets.FixedAssets.engineNo
column,fa.asset.chassis_no,FixedAssets.FixedAssets.chassisNo
column,fa.asset.insurance_policy_no,FixedAssets.FixedAssets.insurancePolicyNo
column,fa.asset.insurance_premium,FixedAssets.FixedAssets.insurancePremium
column,fa.asset.insurance_expiry,FixedAssets.FixedAssets.insuranceExpiry
column,fa.asset.last_verified_on,FixedAssets.FixedAssets.lastVerifiedOn
column,fa.asset.disposed_on,FixedAssets.FixedAssets.disposedOn
column,fa.asset.capitalised_by_user_id,FixedAssets.FixedAssets.capitalisedByUserId
column,fa.asset.deleted_at,FixedAssets.FixedAssets.deletedAt
column,fa.asset.created_at,FixedAssets.FixedAssets.createdAt
column,fa.asset.created_by,FixedAssets.FixedAssets.createdBy
column,fa.asset.updated_at,FixedAssets.FixedAssets.updatedAt
column,fa.asset.updated_by,FixedAssets.FixedAssets.updatedBy
column,fa.asset.row_version,FixedAssets.FixedAssets.rowVersion
table,fa.asset_category,FixedAssets.FixedAssetCategories
column,fa.asset_category.tenant_id,FixedAssets.FixedAssetCategories.tenantId
column,fa.asset_category.default_method,FixedAssets.FixedAssetCategories.defaultMethod
column,fa.asset_category.default_rate_pct,FixedAssets.FixedAssetCategories.defaultRatePct
column,fa.asset_category.cost_account_id,FixedAssets.FixedAssetCategories.costAccountId
column,fa.asset_category.accum_dep_account_id,FixedAssets.FixedAssetCategories.accumDepAccountId
column,fa.asset_category.dep_expense_account_id,FixedAssets.FixedAssetCategories.depExpenseAccountId
column,fa.asset_category.tag_prefix,FixedAssets.FixedAssetCategories.tagPrefix
column,fa.asset_category.deleted_at,FixedAssets.FixedAssetCategories.deletedAt
column,fa.asset_category.created_at,FixedAssets.FixedAssetCategories.createdAt
column,fa.asset_category.created_by,FixedAssets.FixedAssetCategories.createdBy
column,fa.asset_category.updated_at,FixedAssets.FixedAssetCategories.updatedAt
column,fa.asset_category.updated_by,FixedAssets.FixedAssetCategories.updatedBy
column,fa.asset_category.row_version,FixedAssets.FixedAssetCategories.rowVersion
table,fa.asset_disposal,FixedAssets.AssetDisposals
column,fa.asset_disposal.tenant_id,FixedAssets.AssetDisposals.tenantId
column,fa.asset_disposal.doc_no,FixedAssets.AssetDisposals.docNo
column,fa.asset_disposal.asset_id,FixedAssets.AssetDisposals.assetId
column,fa.asset_disposal.disposal_date,FixedAssets.AssetDisposals.disposalDate
column,fa.asset_disposal.disposal_type,FixedAssets.AssetDisposals.disposalType
column,fa.asset_disposal.buyer_name,FixedAssets.AssetDisposals.buyerName
column,fa.asset_disposal.customer_id,FixedAssets.AssetDisposals.customerId
column,fa.asset_disposal.accumulated_depreciation,FixedAssets.AssetDisposals.accumulatedDepreciation
column,fa.asset_disposal.tax_code_id,FixedAssets.AssetDisposals.taxCodeId
column,fa.asset_disposal.gst_rate,FixedAssets.AssetDisposals.gstRate
column,fa.asset_disposal.gst_amount,FixedAssets.AssetDisposals.gstAmount
column,fa.asset_disposal.gain_loss,FixedAssets.AssetDisposals.gainLoss
column,fa.asset_disposal.receive_into_account_id,FixedAssets.AssetDisposals.receiveIntoAccountId
column,fa.asset_disposal.gain_account_id,FixedAssets.AssetDisposals.gainAccountId
column,fa.asset_disposal.loss_account_id,FixedAssets.AssetDisposals.lossAccountId
column,fa.asset_disposal.output_tax_account_id,FixedAssets.AssetDisposals.outputTaxAccountId
column,fa.asset_disposal.submitted_at,FixedAssets.AssetDisposals.submittedAt
column,fa.asset_disposal.approved_by_user_id,FixedAssets.AssetDisposals.approvedByUserId
column,fa.asset_disposal.approved_at,FixedAssets.AssetDisposals.approvedAt
column,fa.asset_disposal.journal_entry_id,FixedAssets.AssetDisposals.journalEntryId
column,fa.asset_disposal.posted_at,FixedAssets.AssetDisposals.postedAt
column,fa.asset_disposal.created_at,FixedAssets.AssetDisposals.createdAt
column,fa.asset_disposal.created_by,FixedAssets.AssetDisposals.createdBy
column,fa.asset_disposal.updated_at,FixedAssets.AssetDisposals.updatedAt
column,fa.asset_disposal.updated_by,FixedAssets.AssetDisposals.updatedBy
column,fa.asset_disposal.row_version,FixedAssets.AssetDisposals.rowVersion
table,fa.asset_transfer,FixedAssets.AssetTransfers
column,fa.asset_transfer.tenant_id,FixedAssets.AssetTransfers.tenantId
column,fa.asset_transfer.asset_id,FixedAssets.AssetTransfers.assetId
column,fa.asset_transfer.from_branch_id,FixedAssets.AssetTransfers.fromBranchId
column,fa.asset_transfer.to_branch_id,FixedAssets.AssetTransfers.toBranchId
column,fa.asset_transfer.from_custodian_employee_id,FixedAssets.AssetTransfers.fromCustodianEmployeeId
column,fa.asset_transfer.to_custodian_employee_id,FixedAssets.AssetTransfers.toCustodianEmployeeId
column,fa.asset_transfer.effective_date,FixedAssets.AssetTransfers.effectiveDate
column,fa.asset_transfer.requested_by_user_id,FixedAssets.AssetTransfers.requestedByUserId
column,fa.asset_transfer.approved_by_user_id,FixedAssets.AssetTransfers.approvedByUserId
column,fa.asset_transfer.approved_at,FixedAssets.AssetTransfers.approvedAt
column,fa.asset_transfer.completed_at,FixedAssets.AssetTransfers.completedAt
column,fa.asset_transfer.created_at,FixedAssets.AssetTransfers.createdAt
column,fa.asset_transfer.created_by,FixedAssets.AssetTransfers.createdBy
column,fa.asset_transfer.updated_at,FixedAssets.AssetTransfers.updatedAt
column,fa.asset_transfer.updated_by,FixedAssets.AssetTransfers.updatedBy
column,fa.asset_transfer.row_version,FixedAssets.AssetTransfers.rowVersion
table,fa.depreciation_run,FixedAssets.DepreciationRuns
column,fa.depreciation_run.tenant_id,FixedAssets.DepreciationRuns.tenantId
column,fa.depreciation_run.doc_no,FixedAssets.DepreciationRuns.docNo
column,fa.depreciation_run.fiscal_period_id,FixedAssets.DepreciationRuns.fiscalPeriodId
column,fa.depreciation_run.posting_date,FixedAssets.DepreciationRuns.postingDate
column,fa.depreciation_run.branch_id,FixedAssets.DepreciationRuns.branchId
column,fa.depreciation_run.category_id,FixedAssets.DepreciationRuns.categoryId
column,fa.depreciation_run.assets_count,FixedAssets.DepreciationRuns.assetsCount
column,fa.depreciation_run.skipped_count,FixedAssets.DepreciationRuns.skippedCount
column,fa.depreciation_run.total_depreciation,FixedAssets.DepreciationRuns.totalDepreciation
column,fa.depreciation_run.nbv_before,FixedAssets.DepreciationRuns.nbvBefore
column,fa.depreciation_run.nbv_after,FixedAssets.DepreciationRuns.nbvAfter
column,fa.depreciation_run.computed_at,FixedAssets.DepreciationRuns.computedAt
column,fa.depreciation_run.computed_by_user_id,FixedAssets.DepreciationRuns.computedByUserId
column,fa.depreciation_run.email_summary,FixedAssets.DepreciationRuns.emailSummary
column,fa.depreciation_run.notify_user_id,FixedAssets.DepreciationRuns.notifyUserId
column,fa.depreciation_run.journal_entry_id,FixedAssets.DepreciationRuns.journalEntryId
column,fa.depreciation_run.posted_at,FixedAssets.DepreciationRuns.postedAt
column,fa.depreciation_run.posted_by_user_id,FixedAssets.DepreciationRuns.postedByUserId
column,fa.depreciation_run.created_at,FixedAssets.DepreciationRuns.createdAt
column,fa.depreciation_run.created_by,FixedAssets.DepreciationRuns.createdBy
column,fa.depreciation_run.updated_at,FixedAssets.DepreciationRuns.updatedAt
column,fa.depreciation_run.updated_by,FixedAssets.DepreciationRuns.updatedBy
column,fa.depreciation_run.row_version,FixedAssets.DepreciationRuns.rowVersion
table,fa.depreciation_run_line,FixedAssets.DepreciationRunLines
column,fa.depreciation_run_line.tenant_id,FixedAssets.DepreciationRunLines.tenantId
column,fa.depreciation_run_line.depreciation_run_id,FixedAssets.DepreciationRunLines.depreciationRunId
column,fa.depreciation_run_line.fiscal_period_id,FixedAssets.DepreciationRunLines.fiscalPeriodId
column,fa.depreciation_run_line.asset_id,FixedAssets.DepreciationRunLines.assetId
column,fa.depreciation_run_line.category_id,FixedAssets.DepreciationRunLines.categoryId
column,fa.depreciation_run_line.branch_id,FixedAssets.DepreciationRunLines.branchId
column,fa.depreciation_run_line.cost_centre_id,FixedAssets.DepreciationRunLines.costCentreId
column,fa.depreciation_run_line.rate_pct,FixedAssets.DepreciationRunLines.ratePct
column,fa.depreciation_run_line.opening_nbv,FixedAssets.DepreciationRunLines.openingNbv
column,fa.depreciation_run_line.closing_nbv,FixedAssets.DepreciationRunLines.closingNbv
column,fa.depreciation_run_line.expense_account_id,FixedAssets.DepreciationRunLines.expenseAccountId
column,fa.depreciation_run_line.accum_dep_account_id,FixedAssets.DepreciationRunLines.accumDepAccountId
column,fa.depreciation_run_line.created_at,FixedAssets.DepreciationRunLines.createdAt
column,fa.depreciation_run_line.created_by,FixedAssets.DepreciationRunLines.createdBy
column,fa.depreciation_run_line.updated_at,FixedAssets.DepreciationRunLines.updatedAt
column,fa.depreciation_run_line.updated_by,FixedAssets.DepreciationRunLines.updatedBy
column,fa.depreciation_run_line.row_version,FixedAssets.DepreciationRunLines.rowVersion
table,fa.depreciation_schedule,FixedAssets.DepreciationSchedules
column,fa.depreciation_schedule.tenant_id,FixedAssets.DepreciationSchedules.tenantId
column,fa.depreciation_schedule.asset_id,FixedAssets.DepreciationSchedules.assetId
column,fa.depreciation_schedule.fiscal_year_id,FixedAssets.DepreciationSchedules.fiscalYearId
column,fa.depreciation_schedule.opening_nbv,FixedAssets.DepreciationSchedules.openingNbv
column,fa.depreciation_schedule.months_posted,FixedAssets.DepreciationSchedules.monthsPosted
column,fa.depreciation_schedule.closing_nbv,FixedAssets.DepreciationSchedules.closingNbv
column,fa.depreciation_schedule.created_at,FixedAssets.DepreciationSchedules.createdAt
column,fa.depreciation_schedule.created_by,FixedAssets.DepreciationSchedules.createdBy
column,fa.depreciation_schedule.updated_at,FixedAssets.DepreciationSchedules.updatedAt
column,fa.depreciation_schedule.updated_by,FixedAssets.DepreciationSchedules.updatedBy
column,fa.depreciation_schedule.row_version,FixedAssets.DepreciationSchedules.rowVersion
table,hr.attendance_day,HumanResources.AttendanceRegister
column,hr.attendance_day.tenant_id,HumanResources.AttendanceRegister.tenantId
column,hr.attendance_day.employee_id,HumanResources.AttendanceRegister.employeeId
column,hr.attendance_day.att_date,HumanResources.AttendanceRegister.attDate
column,hr.attendance_day.shift_id,HumanResources.AttendanceRegister.shiftId
column,hr.attendance_day.register_code,HumanResources.AttendanceRegister.registerCode
column,hr.attendance_day.first_in,HumanResources.AttendanceRegister.firstIn
column,hr.attendance_day.last_out,HumanResources.AttendanceRegister.lastOut
column,hr.attendance_day.late_minutes,HumanResources.AttendanceRegister.lateMinutes
column,hr.attendance_day.early_leave_minutes,HumanResources.AttendanceRegister.earlyLeaveMinutes
column,hr.attendance_day.worked_minutes,HumanResources.AttendanceRegister.workedMinutes
column,hr.attendance_day.overtime_minutes,HumanResources.AttendanceRegister.overtimeMinutes
column,hr.attendance_day.payable_fraction,HumanResources.AttendanceRegister.payableFraction
column,hr.attendance_day.late_mark_waived,HumanResources.AttendanceRegister.lateMarkWaived
column,hr.attendance_day.late_waived_by_user_id,HumanResources.AttendanceRegister.lateWaivedByUserId
column,hr.attendance_day.leave_request_id,HumanResources.AttendanceRegister.leaveRequestId
column,hr.attendance_day.leave_type_id,HumanResources.AttendanceRegister.leaveTypeId
column,hr.attendance_day.holiday_id,HumanResources.AttendanceRegister.holidayId
column,hr.attendance_day.attendance_request_id,HumanResources.AttendanceRegister.attendanceRequestId
column,hr.attendance_day.is_manual,HumanResources.AttendanceRegister.isManual
column,hr.attendance_day.manual_reason,HumanResources.AttendanceRegister.manualReason
column,hr.attendance_day.location_label,HumanResources.AttendanceRegister.locationLabel
column,hr.attendance_day.locked_at,HumanResources.AttendanceRegister.lockedAt
column,hr.attendance_day.payroll_run_id,HumanResources.AttendanceRegister.payrollRunId
column,hr.attendance_day.created_at,HumanResources.AttendanceRegister.createdAt
column,hr.attendance_day.created_by,HumanResources.AttendanceRegister.createdBy
column,hr.attendance_day.updated_at,HumanResources.AttendanceRegister.updatedAt
column,hr.attendance_day.updated_by,HumanResources.AttendanceRegister.updatedBy
column,hr.attendance_day.row_version,HumanResources.AttendanceRegister.rowVersion
table,hr.attendance_punch,HumanResources.AttendancePunches
column,hr.attendance_punch.tenant_id,HumanResources.AttendancePunches.tenantId
column,hr.attendance_punch.employee_id,HumanResources.AttendancePunches.employeeId
column,hr.attendance_punch.punch_at,HumanResources.AttendancePunches.punchAt
column,hr.attendance_punch.device_id,HumanResources.AttendancePunches.deviceId
column,hr.attendance_punch.device_user_id,HumanResources.AttendancePunches.deviceUserId
column,hr.attendance_punch.verify_mode,HumanResources.AttendancePunches.verifyMode
column,hr.attendance_punch.work_mode,HumanResources.AttendancePunches.workMode
column,hr.attendance_punch.geofence_distance_m,HumanResources.AttendancePunches.geofenceDistanceM
column,hr.attendance_punch.inside_geofence,HumanResources.AttendancePunches.insideGeofence
column,hr.attendance_punch.face_match_pct,HumanResources.AttendancePunches.faceMatchPct
column,hr.attendance_punch.selfie_attachment_id,HumanResources.AttendancePunches.selfieAttachmentId
column,hr.attendance_punch.location_label,HumanResources.AttendancePunches.locationLabel
column,hr.attendance_punch.attendance_request_id,HumanResources.AttendancePunches.attendanceRequestId
column,hr.attendance_punch.manual_reason,HumanResources.AttendancePunches.manualReason
column,hr.attendance_punch.is_void,HumanResources.AttendancePunches.isVoid
column,hr.attendance_punch.created_at,HumanResources.AttendancePunches.createdAt
column,hr.attendance_punch.created_by,HumanResources.AttendancePunches.createdBy
column,hr.attendance_punch.updated_at,HumanResources.AttendancePunches.updatedAt
column,hr.attendance_punch.updated_by,HumanResources.AttendancePunches.updatedBy
column,hr.attendance_punch.row_version,HumanResources.AttendancePunches.rowVersion
table,hr.attendance_punch_default,HumanResources.AttendancePunchesDefault
table,hr.attendance_request,HumanResources.RegularisationRequests
column,hr.attendance_request.tenant_id,HumanResources.RegularisationRequests.tenantId
column,hr.attendance_request.doc_no,HumanResources.RegularisationRequests.docNo
column,hr.attendance_request.employee_id,HumanResources.RegularisationRequests.employeeId
column,hr.attendance_request.request_type,HumanResources.RegularisationRequests.requestType
column,hr.attendance_request.punch_direction,HumanResources.RegularisationRequests.punchDirection
column,hr.attendance_request.att_date,HumanResources.RegularisationRequests.attDate
column,hr.attendance_request.requested_in,HumanResources.RegularisationRequests.requestedIn
column,hr.attendance_request.requested_out,HumanResources.RegularisationRequests.requestedOut
column,hr.attendance_request.attachment_id,HumanResources.RegularisationRequests.attachmentId
column,hr.attendance_request.linked_device_id,HumanResources.RegularisationRequests.linkedDeviceId
column,hr.attendance_request.submitted_at,HumanResources.RegularisationRequests.submittedAt
column,hr.attendance_request.current_approver_employee_id,HumanResources.RegularisationRequests.currentApproverEmployeeId
column,hr.attendance_request.approval_request_id,HumanResources.RegularisationRequests.approvalRequestId
column,hr.attendance_request.decided_by_user_id,HumanResources.RegularisationRequests.decidedByUserId
column,hr.attendance_request.decided_at,HumanResources.RegularisationRequests.decidedAt
column,hr.attendance_request.rejection_reason,HumanResources.RegularisationRequests.rejectionReason
column,hr.attendance_request.decision_comment,HumanResources.RegularisationRequests.decisionComment
column,hr.attendance_request.mark_absent_if_unresolved,HumanResources.RegularisationRequests.markAbsentIfUnresolved
column,hr.attendance_request.created_at,HumanResources.RegularisationRequests.createdAt
column,hr.attendance_request.created_by,HumanResources.RegularisationRequests.createdBy
column,hr.attendance_request.updated_at,HumanResources.RegularisationRequests.updatedAt
column,hr.attendance_request.updated_by,HumanResources.RegularisationRequests.updatedBy
column,hr.attendance_request.row_version,HumanResources.RegularisationRequests.rowVersion
table,hr.branch_hr_setting,HumanResources.BranchHrSettings
column,hr.branch_hr_setting.tenant_id,HumanResources.BranchHrSettings.tenantId
column,hr.branch_hr_setting.branch_id,HumanResources.BranchHrSettings.branchId
column,hr.branch_hr_setting.social_security_scheme,HumanResources.BranchHrSettings.socialSecurityScheme
column,hr.branch_hr_setting.manager_employee_id,HumanResources.BranchHrSettings.managerEmployeeId
column,hr.branch_hr_setting.default_shift_id,HumanResources.BranchHrSettings.defaultShiftId
column,hr.branch_hr_setting.geofence_lat,HumanResources.BranchHrSettings.geofenceLat
column,hr.branch_hr_setting.geofence_lng,HumanResources.BranchHrSettings.geofenceLng
column,hr.branch_hr_setting.geofence_radius_m,HumanResources.BranchHrSettings.geofenceRadiusM
column,hr.branch_hr_setting.created_at,HumanResources.BranchHrSettings.createdAt
column,hr.branch_hr_setting.created_by,HumanResources.BranchHrSettings.createdBy
column,hr.branch_hr_setting.updated_at,HumanResources.BranchHrSettings.updatedAt
column,hr.branch_hr_setting.updated_by,HumanResources.BranchHrSettings.updatedBy
column,hr.branch_hr_setting.row_version,HumanResources.BranchHrSettings.rowVersion
table,hr.candidate,HumanResources.Candidates
column,hr.candidate.tenant_id,HumanResources.Candidates.tenantId
column,hr.candidate.job_requisition_id,HumanResources.Candidates.jobRequisitionId
column,hr.candidate.full_name,HumanResources.Candidates.fullName
column,hr.candidate.current_employer,HumanResources.Candidates.currentEmployer
column,hr.candidate.current_title,HumanResources.Candidates.currentTitle
column,hr.candidate.experience_years,HumanResources.Candidates.experienceYears
column,hr.candidate.referred_by_employee_id,HumanResources.Candidates.referredByEmployeeId
column,hr.candidate.applied_on,HumanResources.Candidates.appliedOn
column,hr.candidate.current_salary,HumanResources.Candidates.currentSalary
column,hr.candidate.expected_salary,HumanResources.Candidates.expectedSalary
column,hr.candidate.notice_days,HumanResources.Candidates.noticeDays
column,hr.candidate.next_interview_at,HumanResources.Candidates.nextInterviewAt
column,hr.candidate.offered_salary,HumanResources.Candidates.offeredSalary
column,hr.candidate.offer_status,HumanResources.Candidates.offerStatus
column,hr.candidate.offer_sent_on,HumanResources.Candidates.offerSentOn
column,hr.candidate.hired_employee_id,HumanResources.Candidates.hiredEmployeeId
column,hr.candidate.rejection_reason,HumanResources.Candidates.rejectionReason
column,hr.candidate.cv_attachment_id,HumanResources.Candidates.cvAttachmentId
column,hr.candidate.created_at,HumanResources.Candidates.createdAt
column,hr.candidate.created_by,HumanResources.Candidates.createdBy
column,hr.candidate.updated_at,HumanResources.Candidates.updatedAt
column,hr.candidate.updated_by,HumanResources.Candidates.updatedBy
column,hr.candidate.row_version,HumanResources.Candidates.rowVersion
table,hr.candidate_activity,HumanResources.CandidateActivities
column,hr.candidate_activity.tenant_id,HumanResources.CandidateActivities.tenantId
column,hr.candidate_activity.candidate_id,HumanResources.CandidateActivities.candidateId
column,hr.candidate_activity.activity_type,HumanResources.CandidateActivities.activityType
column,hr.candidate_activity.occurred_at,HumanResources.CandidateActivities.occurredAt
column,hr.candidate_activity.scheduled_at,HumanResources.CandidateActivities.scheduledAt
column,hr.candidate_activity.by_employee_id,HumanResources.CandidateActivities.byEmployeeId
column,hr.candidate_activity.panel_note,HumanResources.CandidateActivities.panelNote
column,hr.candidate_activity.from_stage,HumanResources.CandidateActivities.fromStage
column,hr.candidate_activity.to_stage,HumanResources.CandidateActivities.toStage
column,hr.candidate_activity.score_pct,HumanResources.CandidateActivities.scorePct
column,hr.candidate_activity.created_at,HumanResources.CandidateActivities.createdAt
column,hr.candidate_activity.created_by,HumanResources.CandidateActivities.createdBy
column,hr.candidate_activity.updated_at,HumanResources.CandidateActivities.updatedAt
column,hr.candidate_activity.updated_by,HumanResources.CandidateActivities.updatedBy
column,hr.candidate_activity.row_version,HumanResources.CandidateActivities.rowVersion
table,hr.certification,HumanResources.Certifications
column,hr.certification.tenant_id,HumanResources.Certifications.tenantId
column,hr.certification.employee_id,HumanResources.Certifications.employeeId
column,hr.certification.certificate_no,HumanResources.Certifications.certificateNo
column,hr.certification.issued_on,HumanResources.Certifications.issuedOn
column,hr.certification.expires_on,HumanResources.Certifications.expiresOn
column,hr.certification.training_enrolment_id,HumanResources.Certifications.trainingEnrolmentId
column,hr.certification.attachment_id,HumanResources.Certifications.attachmentId
column,hr.certification.reminder_sent_at,HumanResources.Certifications.reminderSentAt
column,hr.certification.created_at,HumanResources.Certifications.createdAt
column,hr.certification.created_by,HumanResources.Certifications.createdBy
column,hr.certification.updated_at,HumanResources.Certifications.updatedAt
column,hr.certification.updated_by,HumanResources.Certifications.updatedBy
column,hr.certification.row_version,HumanResources.Certifications.rowVersion
table,hr.clearance_item,HumanResources.ClearanceItems
column,hr.clearance_item.tenant_id,HumanResources.ClearanceItems.tenantId
column,hr.clearance_item.offboarding_id,HumanResources.ClearanceItems.offboardingId
column,hr.clearance_item.clearance_area,HumanResources.ClearanceItems.clearanceArea
column,hr.clearance_item.department_id,HumanResources.ClearanceItems.departmentId
column,hr.clearance_item.owner_employee_id,HumanResources.ClearanceItems.ownerEmployeeId
column,hr.clearance_item.employee_asset_id,HumanResources.ClearanceItems.employeeAssetId
column,hr.clearance_item.recoverable_amount,HumanResources.ClearanceItems.recoverableAmount
column,hr.clearance_item.cleared_at,HumanResources.ClearanceItems.clearedAt
column,hr.clearance_item.cleared_by_user_id,HumanResources.ClearanceItems.clearedByUserId
column,hr.clearance_item.created_at,HumanResources.ClearanceItems.createdAt
column,hr.clearance_item.created_by,HumanResources.ClearanceItems.createdBy
column,hr.clearance_item.updated_at,HumanResources.ClearanceItems.updatedAt
column,hr.clearance_item.updated_by,HumanResources.ClearanceItems.updatedBy
column,hr.clearance_item.row_version,HumanResources.ClearanceItems.rowVersion
table,hr.competency_rating,HumanResources.CompetencyRatings
column,hr.competency_rating.tenant_id,HumanResources.CompetencyRatings.tenantId
column,hr.competency_rating.performance_review_id,HumanResources.CompetencyRatings.performanceReviewId
column,hr.competency_rating.competency_description,HumanResources.CompetencyRatings.competencyDescription
column,hr.competency_rating.rater_role,HumanResources.CompetencyRatings.raterRole
column,hr.competency_rating.created_at,HumanResources.CompetencyRatings.createdAt
column,hr.competency_rating.created_by,HumanResources.CompetencyRatings.createdBy
column,hr.competency_rating.updated_at,HumanResources.CompetencyRatings.updatedAt
column,hr.competency_rating.updated_by,HumanResources.CompetencyRatings.updatedBy
column,hr.competency_rating.row_version,HumanResources.CompetencyRatings.rowVersion
table,hr.department,HumanResources.Departments
column,hr.department.tenant_id,HumanResources.Departments.tenantId
column,hr.department.parent_id,HumanResources.Departments.parentId
column,hr.department.head_employee_id,HumanResources.Departments.headEmployeeId
column,hr.department.cost_centre_id,HumanResources.Departments.costCentreId
column,hr.department.annual_budget,HumanResources.Departments.annualBudget
column,hr.department.is_active,HumanResources.Departments.isActive
column,hr.department.deleted_at,HumanResources.Departments.deletedAt
column,hr.department.created_at,HumanResources.Departments.createdAt
column,hr.department.created_by,HumanResources.Departments.createdBy
column,hr.department.updated_at,HumanResources.Departments.updatedAt
column,hr.department.updated_by,HumanResources.Departments.updatedBy
column,hr.department.row_version,HumanResources.Departments.rowVersion
table,hr.designation,HumanResources.Designations
column,hr.designation.tenant_id,HumanResources.Designations.tenantId
column,hr.designation.department_id,HumanResources.Designations.departmentId
column,hr.designation.grade_id,HumanResources.Designations.gradeId
column,hr.designation.approved_positions,HumanResources.Designations.approvedPositions
column,hr.designation.reports_to_designation_id,HumanResources.Designations.reportsToDesignationId
column,hr.designation.is_active,HumanResources.Designations.isActive
column,hr.designation.deleted_at,HumanResources.Designations.deletedAt
column,hr.designation.created_at,HumanResources.Designations.createdAt
column,hr.designation.created_by,HumanResources.Designations.createdBy
column,hr.designation.updated_at,HumanResources.Designations.updatedAt
column,hr.designation.updated_by,HumanResources.Designations.updatedBy
column,hr.designation.row_version,HumanResources.Designations.rowVersion
table,hr.device,HumanResources.BiometricDevices
column,hr.device.tenant_id,HumanResources.BiometricDevices.tenantId
column,hr.device.location_label,HumanResources.BiometricDevices.locationLabel
column,hr.device.serial_no,HumanResources.BiometricDevices.serialNo
column,hr.device.branch_id,HumanResources.BiometricDevices.branchId
column,hr.device.connection_type,HumanResources.BiometricDevices.connectionType
column,hr.device.ip_address,HumanResources.BiometricDevices.ipAddress
column,hr.device.comm_key_secret,HumanResources.BiometricDevices.commKeySecret
column,hr.device.punch_direction,HumanResources.BiometricDevices.punchDirection
column,hr.device.sync_interval_min,HumanResources.BiometricDevices.syncIntervalMin
column,hr.device.firmware_version,HumanResources.BiometricDevices.firmwareVersion
column,hr.device.last_heartbeat_at,HumanResources.BiometricDevices.lastHeartbeatAt
column,hr.device.last_sync_at,HumanResources.BiometricDevices.lastSyncAt
column,hr.device.users_enrolled,HumanResources.BiometricDevices.usersEnrolled
column,hr.device.faces_enrolled,HumanResources.BiometricDevices.facesEnrolled
column,hr.device.fingers_enrolled,HumanResources.BiometricDevices.fingersEnrolled
column,hr.device.is_active,HumanResources.BiometricDevices.isActive
column,hr.device.deleted_at,HumanResources.BiometricDevices.deletedAt
column,hr.device.created_at,HumanResources.BiometricDevices.createdAt
column,hr.device.created_by,HumanResources.BiometricDevices.createdBy
column,hr.device.updated_at,HumanResources.BiometricDevices.updatedAt
column,hr.device.updated_by,HumanResources.BiometricDevices.updatedBy
column,hr.device.row_version,HumanResources.BiometricDevices.rowVersion
table,hr.device_sync_log,HumanResources.DeviceSyncLogs
column,hr.device_sync_log.tenant_id,HumanResources.DeviceSyncLogs.tenantId
column,hr.device_sync_log.device_id,HumanResources.DeviceSyncLogs.deviceId
column,hr.device_sync_log.occurred_at,HumanResources.DeviceSyncLogs.occurredAt
column,hr.device_sync_log.duration_ms,HumanResources.DeviceSyncLogs.durationMs
column,hr.device_sync_log.created_at,HumanResources.DeviceSyncLogs.createdAt
column,hr.device_sync_log.created_by,HumanResources.DeviceSyncLogs.createdBy
column,hr.device_sync_log.updated_at,HumanResources.DeviceSyncLogs.updatedAt
column,hr.device_sync_log.updated_by,HumanResources.DeviceSyncLogs.updatedBy
column,hr.device_sync_log.row_version,HumanResources.DeviceSyncLogs.rowVersion
table,hr.employee,HumanResources.Employees
column,hr.employee.tenant_id,HumanResources.Employees.tenantId
column,hr.employee.first_name,HumanResources.Employees.firstName
column,hr.employee.last_name,HumanResources.Employees.lastName
column,hr.employee.display_name,HumanResources.Employees.displayName
column,hr.employee.legal_name,HumanResources.Employees.legalName
column,hr.employee.guardian_name,HumanResources.Employees.guardianName
column,hr.employee.guardian_relation,HumanResources.Employees.guardianRelation
column,hr.employee.cnic_issue_date,HumanResources.Employees.cnicIssueDate
column,hr.employee.cnic_expiry_date,HumanResources.Employees.cnicExpiryDate
column,hr.employee.date_of_birth,HumanResources.Employees.dateOfBirth
column,hr.employee.marital_status,HumanResources.Employees.maritalStatus
column,hr.employee.children_count,HumanResources.Employees.childrenCount
column,hr.employee.blood_group,HumanResources.Employees.bloodGroup
column,hr.employee.photo_attachment_id,HumanResources.Employees.photoAttachmentId
column,hr.employee.personal_email,HumanResources.Employees.personalEmail
column,hr.employee.work_email,HumanResources.Employees.workEmail
column,hr.employee.current_address,HumanResources.Employees.currentAddress
column,hr.employee.permanent_address,HumanResources.Employees.permanentAddress
column,hr.employee.emergency_contact_name,HumanResources.Employees.emergencyContactName
column,hr.employee.emergency_relation,HumanResources.Employees.emergencyRelation
column,hr.employee.emergency_phone,HumanResources.Employees.emergencyPhone
column,hr.employee.emergency_alt_name,HumanResources.Employees.emergencyAltName
column,hr.employee.emergency_alt_relation,HumanResources.Employees.emergencyAltRelation
column,hr.employee.emergency_alt_phone,HumanResources.Employees.emergencyAltPhone
column,hr.employee.department_id,HumanResources.Employees.departmentId
column,hr.employee.designation_id,HumanResources.Employees.designationId
column,hr.employee.grade_id,HumanResources.Employees.gradeId
column,hr.employee.reporting_manager_id,HumanResources.Employees.reportingManagerId
column,hr.employee.cost_centre_id,HumanResources.Employees.costCentreId
column,hr.employee.branch_id,HumanResources.Employees.branchId
column,hr.employee.shift_id,HumanResources.Employees.shiftId
column,hr.employee.weekly_off,HumanResources.Employees.weeklyOff
column,hr.employee.pay_group,HumanResources.Employees.payGroup
column,hr.employee.employment_type,HumanResources.Employees.employmentType
column,hr.employee.work_pattern,HumanResources.Employees.workPattern
column,hr.employee.joining_date,HumanResources.Employees.joiningDate
column,hr.employee.probation_months,HumanResources.Employees.probationMonths
column,hr.employee.confirmation_due_on,HumanResources.Employees.confirmationDueOn
column,hr.employee.confirmed_on,HumanResources.Employees.confirmedOn
column,hr.employee.contract_end_date,HumanResources.Employees.contractEndDate
column,hr.employee.notice_days,HumanResources.Employees.noticeDays
column,hr.employee.biometric_id,HumanResources.Employees.biometricId
column,hr.employee.is_booker,HumanResources.Employees.isBooker
column,hr.employee.is_salesman,HumanResources.Employees.isSalesman
column,hr.employee.is_deliveryman,HumanResources.Employees.isDeliveryman
column,hr.employee.is_supervisor,HumanResources.Employees.isSupervisor
column,hr.employee.exit_date,HumanResources.Employees.exitDate
column,hr.employee.exit_type,HumanResources.Employees.exitType
column,hr.employee.app_user_id,HumanResources.Employees.appUserId
column,hr.employee.deleted_at,HumanResources.Employees.deletedAt
column,hr.employee.created_at,HumanResources.Employees.createdAt
column,hr.employee.created_by,HumanResources.Employees.createdBy
column,hr.employee.updated_at,HumanResources.Employees.updatedAt
column,hr.employee.updated_by,HumanResources.Employees.updatedBy
column,hr.employee.row_version,HumanResources.Employees.rowVersion
table,hr.employee_asset,HumanResources.EmployeeAssets
column,hr.employee_asset.tenant_id,HumanResources.EmployeeAssets.tenantId
column,hr.employee_asset.employee_id,HumanResources.EmployeeAssets.employeeId
column,hr.employee_asset.asset_id,HumanResources.EmployeeAssets.assetId
column,hr.employee_asset.asset_name,HumanResources.EmployeeAssets.assetName
column,hr.employee_asset.serial_no,HumanResources.EmployeeAssets.serialNo
column,hr.employee_asset.issued_on,HumanResources.EmployeeAssets.issuedOn
column,hr.employee_asset.returned_on,HumanResources.EmployeeAssets.returnedOn
column,hr.employee_asset.value_amount,HumanResources.EmployeeAssets.valueAmount
column,hr.employee_asset.created_at,HumanResources.EmployeeAssets.createdAt
column,hr.employee_asset.created_by,HumanResources.EmployeeAssets.createdBy
column,hr.employee_asset.updated_at,HumanResources.EmployeeAssets.updatedAt
column,hr.employee_asset.updated_by,HumanResources.EmployeeAssets.updatedBy
column,hr.employee_asset.row_version,HumanResources.EmployeeAssets.rowVersion
table,hr.employee_bank,HumanResources.EmployeeBankAccounts
column,hr.employee_bank.tenant_id,HumanResources.EmployeeBankAccounts.tenantId
column,hr.employee_bank.employee_id,HumanResources.EmployeeBankAccounts.employeeId
column,hr.employee_bank.payment_mode,HumanResources.EmployeeBankAccounts.paymentMode
column,hr.employee_bank.bank_id,HumanResources.EmployeeBankAccounts.bankId
column,hr.employee_bank.bank_name,HumanResources.EmployeeBankAccounts.bankName
column,hr.employee_bank.branch_name,HumanResources.EmployeeBankAccounts.branchName
column,hr.employee_bank.account_title,HumanResources.EmployeeBankAccounts.accountTitle
column,hr.employee_bank.is_primary,HumanResources.EmployeeBankAccounts.isPrimary
column,hr.employee_bank.effective_from,HumanResources.EmployeeBankAccounts.effectiveFrom
column,hr.employee_bank.is_active,HumanResources.EmployeeBankAccounts.isActive
column,hr.employee_bank.created_at,HumanResources.EmployeeBankAccounts.createdAt
column,hr.employee_bank.created_by,HumanResources.EmployeeBankAccounts.createdBy
column,hr.employee_bank.updated_at,HumanResources.EmployeeBankAccounts.updatedAt
column,hr.employee_bank.updated_by,HumanResources.EmployeeBankAccounts.updatedBy
column,hr.employee_bank.row_version,HumanResources.EmployeeBankAccounts.rowVersion
table,hr.employee_document,HumanResources.EmployeeDocuments
column,hr.employee_document.tenant_id,HumanResources.EmployeeDocuments.tenantId
column,hr.employee_document.employee_id,HumanResources.EmployeeDocuments.employeeId
column,hr.employee_document.attachment_id,HumanResources.EmployeeDocuments.attachmentId
column,hr.employee_document.hr_letter_id,HumanResources.EmployeeDocuments.hrLetterId
column,hr.employee_document.issued_on,HumanResources.EmployeeDocuments.issuedOn
column,hr.employee_document.expires_on,HumanResources.EmployeeDocuments.expiresOn
column,hr.employee_document.is_required,HumanResources.EmployeeDocuments.isRequired
column,hr.employee_document.renewal_frequency,HumanResources.EmployeeDocuments.renewalFrequency
column,hr.employee_document.due_on,HumanResources.EmployeeDocuments.dueOn
column,hr.employee_document.verified_by_user_id,HumanResources.EmployeeDocuments.verifiedByUserId
column,hr.employee_document.verified_at,HumanResources.EmployeeDocuments.verifiedAt
column,hr.employee_document.created_at,HumanResources.EmployeeDocuments.createdAt
column,hr.employee_document.created_by,HumanResources.EmployeeDocuments.createdBy
column,hr.employee_document.updated_at,HumanResources.EmployeeDocuments.updatedAt
column,hr.employee_document.updated_by,HumanResources.EmployeeDocuments.updatedBy
column,hr.employee_document.row_version,HumanResources.EmployeeDocuments.rowVersion
table,hr.employee_history,HumanResources.EmployeePositionHistory
column,hr.employee_history.tenant_id,HumanResources.EmployeePositionHistory.tenantId
column,hr.employee_history.employee_id,HumanResources.EmployeePositionHistory.employeeId
column,hr.employee_history.effective_date,HumanResources.EmployeePositionHistory.effectiveDate
column,hr.employee_history.event_type,HumanResources.EmployeePositionHistory.eventType
column,hr.employee_history.from_department_id,HumanResources.EmployeePositionHistory.fromDepartmentId
column,hr.employee_history.to_department_id,HumanResources.EmployeePositionHistory.toDepartmentId
column,hr.employee_history.from_designation_id,HumanResources.EmployeePositionHistory.fromDesignationId
column,hr.employee_history.to_designation_id,HumanResources.EmployeePositionHistory.toDesignationId
column,hr.employee_history.from_grade_id,HumanResources.EmployeePositionHistory.fromGradeId
column,hr.employee_history.to_grade_id,HumanResources.EmployeePositionHistory.toGradeId
column,hr.employee_history.from_branch_id,HumanResources.EmployeePositionHistory.fromBranchId
column,hr.employee_history.to_branch_id,HumanResources.EmployeePositionHistory.toBranchId
column,hr.employee_history.from_manager_id,HumanResources.EmployeePositionHistory.fromManagerId
column,hr.employee_history.to_manager_id,HumanResources.EmployeePositionHistory.toManagerId
column,hr.employee_history.from_employment_type,HumanResources.EmployeePositionHistory.fromEmploymentType
column,hr.employee_history.to_employment_type,HumanResources.EmployeePositionHistory.toEmploymentType
column,hr.employee_history.from_status,HumanResources.EmployeePositionHistory.fromStatus
column,hr.employee_history.to_status,HumanResources.EmployeePositionHistory.toStatus
column,hr.employee_history.increment_pct,HumanResources.EmployeePositionHistory.incrementPct
column,hr.employee_history.appraisal_reference,HumanResources.EmployeePositionHistory.appraisalReference
column,hr.employee_history.performance_review_id,HumanResources.EmployeePositionHistory.performanceReviewId
column,hr.employee_history.hr_letter_id,HumanResources.EmployeePositionHistory.hrLetterId
column,hr.employee_history.created_at,HumanResources.EmployeePositionHistory.createdAt
column,hr.employee_history.created_by,HumanResources.EmployeePositionHistory.createdBy
column,hr.employee_history.updated_at,HumanResources.EmployeePositionHistory.updatedAt
column,hr.employee_history.updated_by,HumanResources.EmployeePositionHistory.updatedBy
column,hr.employee_history.row_version,HumanResources.EmployeePositionHistory.rowVersion
table,hr.employee_statutory,HumanResources.EmployeeStatutoryDetails
column,hr.employee_statutory.tenant_id,HumanResources.EmployeeStatutoryDetails.tenantId
column,hr.employee_statutory.employee_id,HumanResources.EmployeeStatutoryDetails.employeeId
column,hr.employee_statutory.eobi_applicable,HumanResources.EmployeeStatutoryDetails.eobiApplicable
column,hr.employee_statutory.eobi_no,HumanResources.EmployeeStatutoryDetails.eobiNo
column,hr.employee_statutory.eobi_registered_on,HumanResources.EmployeeStatutoryDetails.eobiRegisteredOn
column,hr.employee_statutory.social_security_applicable,HumanResources.EmployeeStatutoryDetails.socialSecurityApplicable
column,hr.employee_statutory.social_security_scheme,HumanResources.EmployeeStatutoryDetails.socialSecurityScheme
column,hr.employee_statutory.social_security_no,HumanResources.EmployeeStatutoryDetails.socialSecurityNo
column,hr.employee_statutory.atl_status,HumanResources.EmployeeStatutoryDetails.atlStatus
column,hr.employee_statutory.pf_applicable,HumanResources.EmployeeStatutoryDetails.pfApplicable
column,hr.employee_statutory.pf_from_date,HumanResources.EmployeeStatutoryDetails.pfFromDate
column,hr.employee_statutory.group_insurance,HumanResources.EmployeeStatutoryDetails.groupInsurance
column,hr.employee_statutory.overtime_eligible,HumanResources.EmployeeStatutoryDetails.overtimeEligible
column,hr.employee_statutory.created_at,HumanResources.EmployeeStatutoryDetails.createdAt
column,hr.employee_statutory.created_by,HumanResources.EmployeeStatutoryDetails.createdBy
column,hr.employee_statutory.updated_at,HumanResources.EmployeeStatutoryDetails.updatedAt
column,hr.employee_statutory.updated_by,HumanResources.EmployeeStatutoryDetails.updatedBy
column,hr.employee_statutory.row_version,HumanResources.EmployeeStatutoryDetails.rowVersion
table,hr.exit_interview,HumanResources.ExitInterviews
column,hr.exit_interview.tenant_id,HumanResources.ExitInterviews.tenantId
column,hr.exit_interview.offboarding_id,HumanResources.ExitInterviews.offboardingId
column,hr.exit_interview.interview_date,HumanResources.ExitInterviews.interviewDate
column,hr.exit_interview.conducted_by_employee_id,HumanResources.ExitInterviews.conductedByEmployeeId
column,hr.exit_interview.primary_reason,HumanResources.ExitInterviews.primaryReason
column,hr.exit_interview.would_rejoin,HumanResources.ExitInterviews.wouldRejoin
column,hr.exit_interview.role_satisfaction,HumanResources.ExitInterviews.roleSatisfaction
column,hr.exit_interview.manager_satisfaction,HumanResources.ExitInterviews.managerSatisfaction
column,hr.exit_interview.compensation_fairness,HumanResources.ExitInterviews.compensationFairness
column,hr.exit_interview.would_recommend,HumanResources.ExitInterviews.wouldRecommend
column,hr.exit_interview.valued_most,HumanResources.ExitInterviews.valuedMost
column,hr.exit_interview.should_improve,HumanResources.ExitInterviews.shouldImprove
column,hr.exit_interview.eligible_for_rehire,HumanResources.ExitInterviews.eligibleForRehire
column,hr.exit_interview.is_confidential,HumanResources.ExitInterviews.isConfidential
column,hr.exit_interview.created_at,HumanResources.ExitInterviews.createdAt
column,hr.exit_interview.created_by,HumanResources.ExitInterviews.createdBy
column,hr.exit_interview.updated_at,HumanResources.ExitInterviews.updatedAt
column,hr.exit_interview.updated_by,HumanResources.ExitInterviews.updatedBy
column,hr.exit_interview.row_version,HumanResources.ExitInterviews.rowVersion
table,hr.feedback,HumanResources.PerformanceFeedback
column,hr.feedback.tenant_id,HumanResources.PerformanceFeedback.tenantId
column,hr.feedback.to_employee_id,HumanResources.PerformanceFeedback.toEmployeeId
column,hr.feedback.from_employee_id,HumanResources.PerformanceFeedback.fromEmployeeId
column,hr.feedback.requested_by_employee_id,HumanResources.PerformanceFeedback.requestedByEmployeeId
column,hr.feedback.cycle_id,HumanResources.PerformanceFeedback.cycleId
column,hr.feedback.requested_at,HumanResources.PerformanceFeedback.requestedAt
column,hr.feedback.given_at,HumanResources.PerformanceFeedback.givenAt
column,hr.feedback.created_at,HumanResources.PerformanceFeedback.createdAt
column,hr.feedback.created_by,HumanResources.PerformanceFeedback.createdBy
column,hr.feedback.updated_at,HumanResources.PerformanceFeedback.updatedAt
column,hr.feedback.updated_by,HumanResources.PerformanceFeedback.updatedBy
column,hr.feedback.row_version,HumanResources.PerformanceFeedback.rowVersion
table,hr.goal,HumanResources.Goals
column,hr.goal.tenant_id,HumanResources.Goals.tenantId
column,hr.goal.employee_id,HumanResources.Goals.employeeId
column,hr.goal.cycle_id,HumanResources.Goals.cycleId
column,hr.goal.performance_review_id,HumanResources.Goals.performanceReviewId
column,hr.goal.goal_kind,HumanResources.Goals.goalKind
column,hr.goal.weight_pct,HumanResources.Goals.weightPct
column,hr.goal.target_value,HumanResources.Goals.targetValue
column,hr.goal.actual_value,HumanResources.Goals.actualValue
column,hr.goal.progress_pct,HumanResources.Goals.progressPct
column,hr.goal.from_library,HumanResources.Goals.fromLibrary
column,hr.goal.sort_order,HumanResources.Goals.sortOrder
column,hr.goal.created_at,HumanResources.Goals.createdAt
column,hr.goal.created_by,HumanResources.Goals.createdBy
column,hr.goal.updated_at,HumanResources.Goals.updatedAt
column,hr.goal.updated_by,HumanResources.Goals.updatedBy
column,hr.goal.row_version,HumanResources.Goals.rowVersion
table,hr.grade,HumanResources.Grades
column,hr.grade.tenant_id,HumanResources.Grades.tenantId
column,hr.grade.level_rank,HumanResources.Grades.levelRank
column,hr.grade.level_name,HumanResources.Grades.levelName
column,hr.grade.min_salary,HumanResources.Grades.minSalary
column,hr.grade.mid_salary,HumanResources.Grades.midSalary
column,hr.grade.max_salary,HumanResources.Grades.maxSalary
column,hr.grade.is_active,HumanResources.Grades.isActive
column,hr.grade.deleted_at,HumanResources.Grades.deletedAt
column,hr.grade.created_at,HumanResources.Grades.createdAt
column,hr.grade.created_by,HumanResources.Grades.createdBy
column,hr.grade.updated_at,HumanResources.Grades.updatedAt
column,hr.grade.updated_by,HumanResources.Grades.updatedBy
column,hr.grade.row_version,HumanResources.Grades.rowVersion
table,hr.holiday,HumanResources.Holidays
column,hr.holiday.tenant_id,HumanResources.Holidays.tenantId
column,hr.holiday.from_date,HumanResources.Holidays.fromDate
column,hr.holiday.to_date,HumanResources.Holidays.toDate
column,hr.holiday.holiday_type,HumanResources.Holidays.holidayType
column,hr.holiday.is_moon_dependent,HumanResources.Holidays.isMoonDependent
column,hr.holiday.hijri_note,HumanResources.Holidays.hijriNote
column,hr.holiday.eligibility_note,HumanResources.Holidays.eligibilityNote
column,hr.holiday.applies_to_all_branches,HumanResources.Holidays.appliesToAllBranches
column,hr.holiday.notify_ess,HumanResources.Holidays.notifyEss
column,hr.holiday.deleted_at,HumanResources.Holidays.deletedAt
column,hr.holiday.created_at,HumanResources.Holidays.createdAt
column,hr.holiday.created_by,HumanResources.Holidays.createdBy
column,hr.holiday.updated_at,HumanResources.Holidays.updatedAt
column,hr.holiday.updated_by,HumanResources.Holidays.updatedBy
column,hr.holiday.row_version,HumanResources.Holidays.rowVersion
table,hr.holiday_branch,HumanResources.HolidayBranches
column,hr.holiday_branch.tenant_id,HumanResources.HolidayBranches.tenantId
column,hr.holiday_branch.holiday_id,HumanResources.HolidayBranches.holidayId
column,hr.holiday_branch.branch_id,HumanResources.HolidayBranches.branchId
column,hr.holiday_branch.created_at,HumanResources.HolidayBranches.createdAt
column,hr.holiday_branch.created_by,HumanResources.HolidayBranches.createdBy
column,hr.holiday_branch.updated_at,HumanResources.HolidayBranches.updatedAt
column,hr.holiday_branch.updated_by,HumanResources.HolidayBranches.updatedBy
column,hr.holiday_branch.row_version,HumanResources.HolidayBranches.rowVersion
table,hr.hr_letter,HumanResources.EmployeeLetters
column,hr.hr_letter.tenant_id,HumanResources.EmployeeLetters.tenantId
column,hr.hr_letter.letter_no,HumanResources.EmployeeLetters.letterNo
column,hr.hr_letter.employee_id,HumanResources.EmployeeLetters.employeeId
column,hr.hr_letter.letter_type,HumanResources.EmployeeLetters.letterType
column,hr.hr_letter.doc_template_id,HumanResources.EmployeeLetters.docTemplateId
column,hr.hr_letter.addressed_to,HumanResources.EmployeeLetters.addressedTo
column,hr.hr_letter.letter_date,HumanResources.EmployeeLetters.letterDate
column,hr.hr_letter.signatory_employee_id,HumanResources.EmployeeLetters.signatoryEmployeeId
column,hr.hr_letter.include_salary,HumanResources.EmployeeLetters.includeSalary
column,hr.hr_letter.email_to_employee,HumanResources.EmployeeLetters.emailToEmployee
column,hr.hr_letter.emailed_at,HumanResources.EmployeeLetters.emailedAt
column,hr.hr_letter.pdf_attachment_id,HumanResources.EmployeeLetters.pdfAttachmentId
column,hr.hr_letter.verification_code,HumanResources.EmployeeLetters.verificationCode
column,hr.hr_letter.created_at,HumanResources.EmployeeLetters.createdAt
column,hr.hr_letter.created_by,HumanResources.EmployeeLetters.createdBy
column,hr.hr_letter.updated_at,HumanResources.EmployeeLetters.updatedAt
column,hr.hr_letter.updated_by,HumanResources.EmployeeLetters.updatedBy
column,hr.hr_letter.row_version,HumanResources.EmployeeLetters.rowVersion
table,hr.job_requisition,HumanResources.JobOpenings
column,hr.job_requisition.tenant_id,HumanResources.JobOpenings.tenantId
column,hr.job_requisition.doc_no,HumanResources.JobOpenings.docNo
column,hr.job_requisition.designation_id,HumanResources.JobOpenings.designationId
column,hr.job_requisition.department_id,HumanResources.JobOpenings.departmentId
column,hr.job_requisition.branch_id,HumanResources.JobOpenings.branchId
column,hr.job_requisition.requisition_type,HumanResources.JobOpenings.requisitionType
column,hr.job_requisition.replaces_employee_id,HumanResources.JobOpenings.replacesEmployeeId
column,hr.job_requisition.hiring_mode,HumanResources.JobOpenings.hiringMode
column,hr.job_requisition.hiring_manager_employee_id,HumanResources.JobOpenings.hiringManagerEmployeeId
column,hr.job_requisition.salary_min,HumanResources.JobOpenings.salaryMin
column,hr.job_requisition.salary_max,HumanResources.JobOpenings.salaryMax
column,hr.job_requisition.job_description,HumanResources.JobOpenings.jobDescription
column,hr.job_requisition.posted_channels,HumanResources.JobOpenings.postedChannels
column,hr.job_requisition.posted_on,HumanResources.JobOpenings.postedOn
column,hr.job_requisition.target_hire_date,HumanResources.JobOpenings.targetHireDate
column,hr.job_requisition.approval_request_id,HumanResources.JobOpenings.approvalRequestId
column,hr.job_requisition.closed_on,HumanResources.JobOpenings.closedOn
column,hr.job_requisition.created_at,HumanResources.JobOpenings.createdAt
column,hr.job_requisition.created_by,HumanResources.JobOpenings.createdBy
column,hr.job_requisition.updated_at,HumanResources.JobOpenings.updatedAt
column,hr.job_requisition.updated_by,HumanResources.JobOpenings.updatedBy
column,hr.job_requisition.row_version,HumanResources.JobOpenings.rowVersion
table,hr.key_result,HumanResources.KeyResults
column,hr.key_result.tenant_id,HumanResources.KeyResults.tenantId
column,hr.key_result.goal_id,HumanResources.KeyResults.goalId
column,hr.key_result.weight_pct,HumanResources.KeyResults.weightPct
column,hr.key_result.start_value,HumanResources.KeyResults.startValue
column,hr.key_result.target_value,HumanResources.KeyResults.targetValue
column,hr.key_result.current_value,HumanResources.KeyResults.currentValue
column,hr.key_result.progress_pct,HumanResources.KeyResults.progressPct
column,hr.key_result.sort_order,HumanResources.KeyResults.sortOrder
column,hr.key_result.created_at,HumanResources.KeyResults.createdAt
column,hr.key_result.created_by,HumanResources.KeyResults.createdBy
column,hr.key_result.updated_at,HumanResources.KeyResults.updatedAt
column,hr.key_result.updated_by,HumanResources.KeyResults.updatedBy
column,hr.key_result.row_version,HumanResources.KeyResults.rowVersion
table,hr.leave_adjustment,HumanResources.LeaveAdjustments
column,hr.leave_adjustment.tenant_id,HumanResources.LeaveAdjustments.tenantId
column,hr.leave_adjustment.employee_id,HumanResources.LeaveAdjustments.employeeId
column,hr.leave_adjustment.leave_type_id,HumanResources.LeaveAdjustments.leaveTypeId
column,hr.leave_adjustment.leave_year_start,HumanResources.LeaveAdjustments.leaveYearStart
column,hr.leave_adjustment.effective_date,HumanResources.LeaveAdjustments.effectiveDate
column,hr.leave_adjustment.overtime_entry_id,HumanResources.LeaveAdjustments.overtimeEntryId
column,hr.leave_adjustment.leave_year_close_id,HumanResources.LeaveAdjustments.leaveYearCloseId
column,hr.leave_adjustment.encash_amount,HumanResources.LeaveAdjustments.encashAmount
column,hr.leave_adjustment.payroll_run_id,HumanResources.LeaveAdjustments.payrollRunId
column,hr.leave_adjustment.created_at,HumanResources.LeaveAdjustments.createdAt
column,hr.leave_adjustment.created_by,HumanResources.LeaveAdjustments.createdBy
column,hr.leave_adjustment.updated_at,HumanResources.LeaveAdjustments.updatedAt
column,hr.leave_adjustment.updated_by,HumanResources.LeaveAdjustments.updatedBy
column,hr.leave_adjustment.row_version,HumanResources.LeaveAdjustments.rowVersion
table,hr.leave_balance,HumanResources.LeaveBalances
column,hr.leave_balance.tenant_id,HumanResources.LeaveBalances.tenantId
column,hr.leave_balance.employee_id,HumanResources.LeaveBalances.employeeId
column,hr.leave_balance.leave_type_id,HumanResources.LeaveBalances.leaveTypeId
column,hr.leave_balance.leave_year_start,HumanResources.LeaveBalances.leaveYearStart
column,hr.leave_balance.carried_in,HumanResources.LeaveBalances.carriedIn
column,hr.leave_balance.carried_expires_on,HumanResources.LeaveBalances.carriedExpiresOn
column,hr.leave_balance.created_at,HumanResources.LeaveBalances.createdAt
column,hr.leave_balance.created_by,HumanResources.LeaveBalances.createdBy
column,hr.leave_balance.updated_at,HumanResources.LeaveBalances.updatedAt
column,hr.leave_balance.updated_by,HumanResources.LeaveBalances.updatedBy
column,hr.leave_balance.row_version,HumanResources.LeaveBalances.rowVersion
table,hr.leave_policy_rule,HumanResources.LeaveEligibilityRules
column,hr.leave_policy_rule.tenant_id,HumanResources.LeaveEligibilityRules.tenantId
column,hr.leave_policy_rule.leave_type_id,HumanResources.LeaveEligibilityRules.leaveTypeId
column,hr.leave_policy_rule.branch_id,HumanResources.LeaveEligibilityRules.branchId
column,hr.leave_policy_rule.grade_id,HumanResources.LeaveEligibilityRules.gradeId
column,hr.leave_policy_rule.is_included,HumanResources.LeaveEligibilityRules.isIncluded
column,hr.leave_policy_rule.days_override,HumanResources.LeaveEligibilityRules.daysOverride
column,hr.leave_policy_rule.created_at,HumanResources.LeaveEligibilityRules.createdAt
column,hr.leave_policy_rule.created_by,HumanResources.LeaveEligibilityRules.createdBy
column,hr.leave_policy_rule.updated_at,HumanResources.LeaveEligibilityRules.updatedAt
column,hr.leave_policy_rule.updated_by,HumanResources.LeaveEligibilityRules.updatedBy
column,hr.leave_policy_rule.row_version,HumanResources.LeaveEligibilityRules.rowVersion
table,hr.leave_request,HumanResources.LeaveRequests
column,hr.leave_request.tenant_id,HumanResources.LeaveRequests.tenantId
column,hr.leave_request.doc_no,HumanResources.LeaveRequests.docNo
column,hr.leave_request.employee_id,HumanResources.LeaveRequests.employeeId
column,hr.leave_request.leave_type_id,HumanResources.LeaveRequests.leaveTypeId
column,hr.leave_request.from_date,HumanResources.LeaveRequests.fromDate
column,hr.leave_request.to_date,HumanResources.LeaveRequests.toDate
column,hr.leave_request.calendar_days,HumanResources.LeaveRequests.calendarDays
column,hr.leave_request.attachment_id,HumanResources.LeaveRequests.attachmentId
column,hr.leave_request.handover_employee_id,HumanResources.LeaveRequests.handoverEmployeeId
column,hr.leave_request.contact_during_leave,HumanResources.LeaveRequests.contactDuringLeave
column,hr.leave_request.balance_before,HumanResources.LeaveRequests.balanceBefore
column,hr.leave_request.balance_after,HumanResources.LeaveRequests.balanceAfter
column,hr.leave_request.applied_on_behalf,HumanResources.LeaveRequests.appliedOnBehalf
column,hr.leave_request.submitted_at,HumanResources.LeaveRequests.submittedAt
column,hr.leave_request.current_approver_employee_id,HumanResources.LeaveRequests.currentApproverEmployeeId
column,hr.leave_request.approval_request_id,HumanResources.LeaveRequests.approvalRequestId
column,hr.leave_request.decided_by_user_id,HumanResources.LeaveRequests.decidedByUserId
column,hr.leave_request.decided_at,HumanResources.LeaveRequests.decidedAt
column,hr.leave_request.rejection_reason,HumanResources.LeaveRequests.rejectionReason
column,hr.leave_request.decision_comment,HumanResources.LeaveRequests.decisionComment
column,hr.leave_request.suggest_alternative,HumanResources.LeaveRequests.suggestAlternative
column,hr.leave_request.cancelled_at,HumanResources.LeaveRequests.cancelledAt
column,hr.leave_request.cancel_reason,HumanResources.LeaveRequests.cancelReason
column,hr.leave_request.created_at,HumanResources.LeaveRequests.createdAt
column,hr.leave_request.created_by,HumanResources.LeaveRequests.createdBy
column,hr.leave_request.updated_at,HumanResources.LeaveRequests.updatedAt
column,hr.leave_request.updated_by,HumanResources.LeaveRequests.updatedBy
column,hr.leave_request.row_version,HumanResources.LeaveRequests.rowVersion
table,hr.leave_type,HumanResources.LeaveTypes
column,hr.leave_type.tenant_id,HumanResources.LeaveTypes.tenantId
column,hr.leave_type.seed_leave_type_id,HumanResources.LeaveTypes.seedLeaveTypeId
column,hr.leave_type.is_paid,HumanResources.LeaveTypes.isPaid
column,hr.leave_type.days_per_year,HumanResources.LeaveTypes.daysPerYear
column,hr.leave_type.statute_note,HumanResources.LeaveTypes.statuteNote
column,hr.leave_type.accrual_method,HumanResources.LeaveTypes.accrualMethod
column,hr.leave_type.accrual_amount,HumanResources.LeaveTypes.accrualAmount
column,hr.leave_type.prorate_new_joiners,HumanResources.LeaveTypes.prorateNewJoiners
column,hr.leave_type.carry_forward_mode,HumanResources.LeaveTypes.carryForwardMode
column,hr.leave_type.carry_forward_max,HumanResources.LeaveTypes.carryForwardMax
column,hr.leave_type.accumulation_cap,HumanResources.LeaveTypes.accumulationCap
column,hr.leave_type.carry_expiry_months,HumanResources.LeaveTypes.carryExpiryMonths
column,hr.leave_type.encashment_mode,HumanResources.LeaveTypes.encashmentMode
column,hr.leave_type.encash_max_days,HumanResources.LeaveTypes.encashMaxDays
column,hr.leave_type.encash_basis,HumanResources.LeaveTypes.encashBasis
column,hr.leave_type.deduction_basis,HumanResources.LeaveTypes.deductionBasis
column,hr.leave_type.sandwich_rule,HumanResources.LeaveTypes.sandwichRule
column,hr.leave_type.allow_half_day,HumanResources.LeaveTypes.allowHalfDay
column,hr.leave_type.allow_negative,HumanResources.LeaveTypes.allowNegative
column,hr.leave_type.block_in_payroll_lock,HumanResources.LeaveTypes.blockInPayrollLock
column,hr.leave_type.attachment_required,HumanResources.LeaveTypes.attachmentRequired
column,hr.leave_type.attachment_after_days,HumanResources.LeaveTypes.attachmentAfterDays
column,hr.leave_type.backdate_days,HumanResources.LeaveTypes.backdateDays
column,hr.leave_type.min_notice_days,HumanResources.LeaveTypes.minNoticeDays
column,hr.leave_type.max_consecutive_days,HumanResources.LeaveTypes.maxConsecutiveDays
column,hr.leave_type.max_per_month,HumanResources.LeaveTypes.maxPerMonth
column,hr.leave_type.max_times_in_service,HumanResources.LeaveTypes.maxTimesInService
column,hr.leave_type.apply_window_days,HumanResources.LeaveTypes.applyWindowDays
column,hr.leave_type.comp_off_expiry_days,HumanResources.LeaveTypes.compOffExpiryDays
column,hr.leave_type.employment_types,HumanResources.LeaveTypes.employmentTypes
column,hr.leave_type.available_after,HumanResources.LeaveTypes.availableAfter
column,hr.leave_type.probation_rule,HumanResources.LeaveTypes.probationRule
column,hr.leave_type.approval_workflow,HumanResources.LeaveTypes.approvalWorkflow
column,hr.leave_type.hr_approval_above_days,HumanResources.LeaveTypes.hrApprovalAboveDays
column,hr.leave_type.sort_order,HumanResources.LeaveTypes.sortOrder
column,hr.leave_type.deleted_at,HumanResources.LeaveTypes.deletedAt
column,hr.leave_type.created_at,HumanResources.LeaveTypes.createdAt
column,hr.leave_type.created_by,HumanResources.LeaveTypes.createdBy
column,hr.leave_type.updated_at,HumanResources.LeaveTypes.updatedAt
column,hr.leave_type.updated_by,HumanResources.LeaveTypes.updatedBy
column,hr.leave_type.row_version,HumanResources.LeaveTypes.rowVersion
table,hr.leave_year_close,HumanResources.LeaveYearEndClosings
column,hr.leave_year_close.tenant_id,HumanResources.LeaveYearEndClosings.tenantId
column,hr.leave_year_close.closing_year_start,HumanResources.LeaveYearEndClosings.closingYearStart
column,hr.leave_year_close.opening_year_start,HumanResources.LeaveYearEndClosings.openingYearStart
column,hr.leave_year_close.encashment_target,HumanResources.LeaveYearEndClosings.encashmentTarget
column,hr.leave_year_close.payroll_run_id,HumanResources.LeaveYearEndClosings.payrollRunId
column,hr.leave_year_close.employees_count,HumanResources.LeaveYearEndClosings.employeesCount
column,hr.leave_year_close.days_carried,HumanResources.LeaveYearEndClosings.daysCarried
column,hr.leave_year_close.days_encashed,HumanResources.LeaveYearEndClosings.daysEncashed
column,hr.leave_year_close.days_lapsed,HumanResources.LeaveYearEndClosings.daysLapsed
column,hr.leave_year_close.encash_amount,HumanResources.LeaveYearEndClosings.encashAmount
column,hr.leave_year_close.email_statements,HumanResources.LeaveYearEndClosings.emailStatements
column,hr.leave_year_close.completed_at,HumanResources.LeaveYearEndClosings.completedAt
column,hr.leave_year_close.completed_by_user_id,HumanResources.LeaveYearEndClosings.completedByUserId
column,hr.leave_year_close.created_at,HumanResources.LeaveYearEndClosings.createdAt
column,hr.leave_year_close.created_by,HumanResources.LeaveYearEndClosings.createdBy
column,hr.leave_year_close.updated_at,HumanResources.LeaveYearEndClosings.updatedAt
column,hr.leave_year_close.updated_by,HumanResources.LeaveYearEndClosings.updatedBy
column,hr.leave_year_close.row_version,HumanResources.LeaveYearEndClosings.rowVersion
table,hr.offboarding,HumanResources.Offboardings
column,hr.offboarding.tenant_id,HumanResources.Offboardings.tenantId
column,hr.offboarding.doc_no,HumanResources.Offboardings.docNo
column,hr.offboarding.employee_id,HumanResources.Offboardings.employeeId
column,hr.offboarding.exit_type,HumanResources.Offboardings.exitType
column,hr.offboarding.resignation_date,HumanResources.Offboardings.resignationDate
column,hr.offboarding.last_working_day,HumanResources.Offboardings.lastWorkingDay
column,hr.offboarding.notice_days_required,HumanResources.Offboardings.noticeDaysRequired
column,hr.offboarding.notice_days_served,HumanResources.Offboardings.noticeDaysServed
column,hr.offboarding.notice_waived,HumanResources.Offboardings.noticeWaived
column,hr.offboarding.reason_category,HumanResources.Offboardings.reasonCategory
column,hr.offboarding.reason_detail,HumanResources.Offboardings.reasonDetail
column,hr.offboarding.is_voluntary,HumanResources.Offboardings.isVoluntary
column,hr.offboarding.resignation_attachment_id,HumanResources.Offboardings.resignationAttachmentId
column,hr.offboarding.closed_at,HumanResources.Offboardings.closedAt
column,hr.offboarding.created_at,HumanResources.Offboardings.createdAt
column,hr.offboarding.created_by,HumanResources.Offboardings.createdBy
column,hr.offboarding.updated_at,HumanResources.Offboardings.updatedAt
column,hr.offboarding.updated_by,HumanResources.Offboardings.updatedBy
column,hr.offboarding.row_version,HumanResources.Offboardings.rowVersion
table,hr.onboarding,HumanResources.Onboardings
column,hr.onboarding.tenant_id,HumanResources.Onboardings.tenantId
column,hr.onboarding.doc_no,HumanResources.Onboardings.docNo
column,hr.onboarding.employee_id,HumanResources.Onboardings.employeeId
column,hr.onboarding.template_id,HumanResources.Onboardings.templateId
column,hr.onboarding.designation_id,HumanResources.Onboardings.designationId
column,hr.onboarding.joining_date,HumanResources.Onboardings.joiningDate
column,hr.onboarding.start_date,HumanResources.Onboardings.startDate
column,hr.onboarding.target_date,HumanResources.Onboardings.targetDate
column,hr.onboarding.buddy_employee_id,HumanResources.Onboardings.buddyEmployeeId
column,hr.onboarding.candidate_id,HumanResources.Onboardings.candidateId
column,hr.onboarding.completed_at,HumanResources.Onboardings.completedAt
column,hr.onboarding.created_at,HumanResources.Onboardings.createdAt
column,hr.onboarding.created_by,HumanResources.Onboardings.createdBy
column,hr.onboarding.updated_at,HumanResources.Onboardings.updatedAt
column,hr.onboarding.updated_by,HumanResources.Onboardings.updatedBy
column,hr.onboarding.row_version,HumanResources.Onboardings.rowVersion
table,hr.onboarding_task,HumanResources.OnboardingTasks
column,hr.onboarding_task.tenant_id,HumanResources.OnboardingTasks.tenantId
column,hr.onboarding_task.onboarding_id,HumanResources.OnboardingTasks.onboardingId
column,hr.onboarding_task.template_task_id,HumanResources.OnboardingTasks.templateTaskId
column,hr.onboarding_task.task_group,HumanResources.OnboardingTasks.taskGroup
column,hr.onboarding_task.owner_function,HumanResources.OnboardingTasks.ownerFunction
column,hr.onboarding_task.owner_employee_id,HumanResources.OnboardingTasks.ownerEmployeeId
column,hr.onboarding_task.due_on,HumanResources.OnboardingTasks.dueOn
column,hr.onboarding_task.action_kind,HumanResources.OnboardingTasks.actionKind
column,hr.onboarding_task.progress_pct,HumanResources.OnboardingTasks.progressPct
column,hr.onboarding_task.scheduled_at,HumanResources.OnboardingTasks.scheduledAt
column,hr.onboarding_task.attachment_id,HumanResources.OnboardingTasks.attachmentId
column,hr.onboarding_task.completion_note,HumanResources.OnboardingTasks.completionNote
column,hr.onboarding_task.completed_at,HumanResources.OnboardingTasks.completedAt
column,hr.onboarding_task.completed_by_user_id,HumanResources.OnboardingTasks.completedByUserId
column,hr.onboarding_task.sort_order,HumanResources.OnboardingTasks.sortOrder
column,hr.onboarding_task.created_at,HumanResources.OnboardingTasks.createdAt
column,hr.onboarding_task.created_by,HumanResources.OnboardingTasks.createdBy
column,hr.onboarding_task.updated_at,HumanResources.OnboardingTasks.updatedAt
column,hr.onboarding_task.updated_by,HumanResources.OnboardingTasks.updatedBy
column,hr.onboarding_task.row_version,HumanResources.OnboardingTasks.rowVersion
table,hr.onboarding_template,HumanResources.OnboardingTemplates
column,hr.onboarding_template.tenant_id,HumanResources.OnboardingTemplates.tenantId
column,hr.onboarding_template.is_default,HumanResources.OnboardingTemplates.isDefault
column,hr.onboarding_template.is_active,HumanResources.OnboardingTemplates.isActive
column,hr.onboarding_template.deleted_at,HumanResources.OnboardingTemplates.deletedAt
column,hr.onboarding_template.created_at,HumanResources.OnboardingTemplates.createdAt
column,hr.onboarding_template.created_by,HumanResources.OnboardingTemplates.createdBy
column,hr.onboarding_template.updated_at,HumanResources.OnboardingTemplates.updatedAt
column,hr.onboarding_template.updated_by,HumanResources.OnboardingTemplates.updatedBy
column,hr.onboarding_template.row_version,HumanResources.OnboardingTemplates.rowVersion
table,hr.onboarding_template_task,HumanResources.OnboardingTemplateTasks
column,hr.onboarding_template_task.tenant_id,HumanResources.OnboardingTemplateTasks.tenantId
column,hr.onboarding_template_task.template_id,HumanResources.OnboardingTemplateTasks.templateId
column,hr.onboarding_template_task.task_group,HumanResources.OnboardingTemplateTasks.taskGroup
column,hr.onboarding_template_task.owner_function,HumanResources.OnboardingTemplateTasks.ownerFunction
column,hr.onboarding_template_task.due_offset_days,HumanResources.OnboardingTemplateTasks.dueOffsetDays
column,hr.onboarding_template_task.action_kind,HumanResources.OnboardingTemplateTasks.actionKind
column,hr.onboarding_template_task.sort_order,HumanResources.OnboardingTemplateTasks.sortOrder
column,hr.onboarding_template_task.created_at,HumanResources.OnboardingTemplateTasks.createdAt
column,hr.onboarding_template_task.created_by,HumanResources.OnboardingTemplateTasks.createdBy
column,hr.onboarding_template_task.updated_at,HumanResources.OnboardingTemplateTasks.updatedAt
column,hr.onboarding_template_task.updated_by,HumanResources.OnboardingTemplateTasks.updatedBy
column,hr.onboarding_template_task.row_version,HumanResources.OnboardingTemplateTasks.rowVersion
table,hr.one_on_one,HumanResources.OneOnOneMeetings
column,hr.one_on_one.tenant_id,HumanResources.OneOnOneMeetings.tenantId
column,hr.one_on_one.employee_id,HumanResources.OneOnOneMeetings.employeeId
column,hr.one_on_one.manager_employee_id,HumanResources.OneOnOneMeetings.managerEmployeeId
column,hr.one_on_one.meeting_date,HumanResources.OneOnOneMeetings.meetingDate
column,hr.one_on_one.action_items,HumanResources.OneOnOneMeetings.actionItems
column,hr.one_on_one.cycle_id,HumanResources.OneOnOneMeetings.cycleId
column,hr.one_on_one.created_at,HumanResources.OneOnOneMeetings.createdAt
column,hr.one_on_one.created_by,HumanResources.OneOnOneMeetings.createdBy
column,hr.one_on_one.updated_at,HumanResources.OneOnOneMeetings.updatedAt
column,hr.one_on_one.updated_by,HumanResources.OneOnOneMeetings.updatedBy
column,hr.one_on_one.row_version,HumanResources.OneOnOneMeetings.rowVersion
table,hr.overtime_entry,HumanResources.OvertimeClaims
column,hr.overtime_entry.tenant_id,HumanResources.OvertimeClaims.tenantId
column,hr.overtime_entry.doc_no,HumanResources.OvertimeClaims.docNo
column,hr.overtime_entry.employee_id,HumanResources.OvertimeClaims.employeeId
column,hr.overtime_entry.date_from,HumanResources.OvertimeClaims.dateFrom
column,hr.overtime_entry.date_to,HumanResources.OvertimeClaims.dateTo
column,hr.overtime_entry.day_type,HumanResources.OvertimeClaims.dayType
column,hr.overtime_entry.time_from,HumanResources.OvertimeClaims.timeFrom
column,hr.overtime_entry.time_to,HumanResources.OvertimeClaims.timeTo
column,hr.overtime_entry.hourly_rate,HumanResources.OvertimeClaims.hourlyRate
column,hr.overtime_entry.is_comp_off,HumanResources.OvertimeClaims.isCompOff
column,hr.overtime_entry.overtime_policy_id,HumanResources.OvertimeClaims.overtimePolicyId
column,hr.overtime_entry.pre_approved,HumanResources.OvertimeClaims.preApproved
column,hr.overtime_entry.payroll_month,HumanResources.OvertimeClaims.payrollMonth
column,hr.overtime_entry.approver_employee_id,HumanResources.OvertimeClaims.approverEmployeeId
column,hr.overtime_entry.approval_request_id,HumanResources.OvertimeClaims.approvalRequestId
column,hr.overtime_entry.decided_by_user_id,HumanResources.OvertimeClaims.decidedByUserId
column,hr.overtime_entry.decided_at,HumanResources.OvertimeClaims.decidedAt
column,hr.overtime_entry.rejection_reason,HumanResources.OvertimeClaims.rejectionReason
column,hr.overtime_entry.payroll_run_id,HumanResources.OvertimeClaims.payrollRunId
column,hr.overtime_entry.pushed_at,HumanResources.OvertimeClaims.pushedAt
column,hr.overtime_entry.created_at,HumanResources.OvertimeClaims.createdAt
column,hr.overtime_entry.created_by,HumanResources.OvertimeClaims.createdBy
column,hr.overtime_entry.updated_at,HumanResources.OvertimeClaims.updatedAt
column,hr.overtime_entry.updated_by,HumanResources.OvertimeClaims.updatedBy
column,hr.overtime_entry.row_version,HumanResources.OvertimeClaims.rowVersion
table,hr.overtime_policy,HumanResources.OvertimePolicies
column,hr.overtime_policy.tenant_id,HumanResources.OvertimePolicies.tenantId
column,hr.overtime_policy.statute_note,HumanResources.OvertimePolicies.statuteNote
column,hr.overtime_policy.weekday_multiplier,HumanResources.OvertimePolicies.weekdayMultiplier
column,hr.overtime_policy.weekly_off_multiplier,HumanResources.OvertimePolicies.weeklyOffMultiplier
column,hr.overtime_policy.holiday_multiplier,HumanResources.OvertimePolicies.holidayMultiplier
column,hr.overtime_policy.hourly_rate_basis,HumanResources.OvertimePolicies.hourlyRateBasis
column,hr.overtime_policy.min_minutes,HumanResources.OvertimePolicies.minMinutes
column,hr.overtime_policy.daily_cap_hours,HumanResources.OvertimePolicies.dailyCapHours
column,hr.overtime_policy.monthly_cap_hours,HumanResources.OvertimePolicies.monthlyCapHours
column,hr.overtime_policy.eligible_up_to_grade_id,HumanResources.OvertimePolicies.eligibleUpToGradeId
column,hr.overtime_policy.requires_pre_approval,HumanResources.OvertimePolicies.requiresPreApproval
column,hr.overtime_policy.allow_comp_off,HumanResources.OvertimePolicies.allowCompOff
column,hr.overtime_policy.effective_from,HumanResources.OvertimePolicies.effectiveFrom
column,hr.overtime_policy.is_active,HumanResources.OvertimePolicies.isActive
column,hr.overtime_policy.deleted_at,HumanResources.OvertimePolicies.deletedAt
column,hr.overtime_policy.created_at,HumanResources.OvertimePolicies.createdAt
column,hr.overtime_policy.created_by,HumanResources.OvertimePolicies.createdBy
column,hr.overtime_policy.updated_at,HumanResources.OvertimePolicies.updatedAt
column,hr.overtime_policy.updated_by,HumanResources.OvertimePolicies.updatedBy
column,hr.overtime_policy.row_version,HumanResources.OvertimePolicies.rowVersion
table,hr.performance_cycle,HumanResources.PerformanceCycles
column,hr.performance_cycle.tenant_id,HumanResources.PerformanceCycles.tenantId
column,hr.performance_cycle.cycle_type,HumanResources.PerformanceCycles.cycleType
column,hr.performance_cycle.period_start,HumanResources.PerformanceCycles.periodStart
column,hr.performance_cycle.period_end,HumanResources.PerformanceCycles.periodEnd
column,hr.performance_cycle.goal_setting_due,HumanResources.PerformanceCycles.goalSettingDue
column,hr.performance_cycle.self_review_due,HumanResources.PerformanceCycles.selfReviewDue
column,hr.performance_cycle.manager_review_due,HumanResources.PerformanceCycles.managerReviewDue
column,hr.performance_cycle.calibration_start,HumanResources.PerformanceCycles.calibrationStart
column,hr.performance_cycle.calibration_end,HumanResources.PerformanceCycles.calibrationEnd
column,hr.performance_cycle.sign_off_due,HumanResources.PerformanceCycles.signOffDue
column,hr.performance_cycle.increments_effective_month,HumanResources.PerformanceCycles.incrementsEffectiveMonth
column,hr.performance_cycle.exclude_probation,HumanResources.PerformanceCycles.excludeProbation
column,hr.performance_cycle.rating_scale_max,HumanResources.PerformanceCycles.ratingScaleMax
column,hr.performance_cycle.created_at,HumanResources.PerformanceCycles.createdAt
column,hr.performance_cycle.created_by,HumanResources.PerformanceCycles.createdBy
column,hr.performance_cycle.updated_at,HumanResources.PerformanceCycles.updatedAt
column,hr.performance_cycle.updated_by,HumanResources.PerformanceCycles.updatedBy
column,hr.performance_cycle.row_version,HumanResources.PerformanceCycles.rowVersion
table,hr.performance_review,HumanResources.PerformanceReviews
column,hr.performance_review.tenant_id,HumanResources.PerformanceReviews.tenantId
column,hr.performance_review.cycle_id,HumanResources.PerformanceReviews.cycleId
column,hr.performance_review.employee_id,HumanResources.PerformanceReviews.employeeId
column,hr.performance_review.manager_employee_id,HumanResources.PerformanceReviews.managerEmployeeId
column,hr.performance_review.goal_achievement_pct,HumanResources.PerformanceReviews.goalAchievementPct
column,hr.performance_review.self_rating,HumanResources.PerformanceReviews.selfRating
column,hr.performance_review.manager_rating,HumanResources.PerformanceReviews.managerRating
column,hr.performance_review.final_rating,HumanResources.PerformanceReviews.finalRating
column,hr.performance_review.rating_label,HumanResources.PerformanceReviews.ratingLabel
column,hr.performance_review.performance_band,HumanResources.PerformanceReviews.performanceBand
column,hr.performance_review.potential_band,HumanResources.PerformanceReviews.potentialBand
column,hr.performance_review.nine_box,HumanResources.PerformanceReviews.nineBox
column,hr.performance_review.pip_suggested,HumanResources.PerformanceReviews.pipSuggested
column,hr.performance_review.self_comment,HumanResources.PerformanceReviews.selfComment
column,hr.performance_review.manager_comment,HumanResources.PerformanceReviews.managerComment
column,hr.performance_review.self_submitted_at,HumanResources.PerformanceReviews.selfSubmittedAt
column,hr.performance_review.manager_submitted_at,HumanResources.PerformanceReviews.managerSubmittedAt
column,hr.performance_review.calibrated_at,HumanResources.PerformanceReviews.calibratedAt
column,hr.performance_review.signed_off_at,HumanResources.PerformanceReviews.signedOffAt
column,hr.performance_review.increment_pct_recommended,HumanResources.PerformanceReviews.incrementPctRecommended
column,hr.performance_review.created_at,HumanResources.PerformanceReviews.createdAt
column,hr.performance_review.created_by,HumanResources.PerformanceReviews.createdBy
column,hr.performance_review.updated_at,HumanResources.PerformanceReviews.updatedAt
column,hr.performance_review.updated_by,HumanResources.PerformanceReviews.updatedBy
column,hr.performance_review.row_version,HumanResources.PerformanceReviews.rowVersion
table,hr.roster,HumanResources.ShiftRosters
column,hr.roster.tenant_id,HumanResources.ShiftRosters.tenantId
column,hr.roster.employee_id,HumanResources.ShiftRosters.employeeId
column,hr.roster.roster_date,HumanResources.ShiftRosters.rosterDate
column,hr.roster.entry_type,HumanResources.ShiftRosters.entryType
column,hr.roster.shift_id,HumanResources.ShiftRosters.shiftId
column,hr.roster.is_published,HumanResources.ShiftRosters.isPublished
column,hr.roster.published_at,HumanResources.ShiftRosters.publishedAt
column,hr.roster.created_at,HumanResources.ShiftRosters.createdAt
column,hr.roster.created_by,HumanResources.ShiftRosters.createdBy
column,hr.roster.updated_at,HumanResources.ShiftRosters.updatedAt
column,hr.roster.updated_by,HumanResources.ShiftRosters.updatedBy
column,hr.roster.row_version,HumanResources.ShiftRosters.rowVersion
table,hr.shift,HumanResources.WorkShifts
column,hr.shift.tenant_id,HumanResources.WorkShifts.tenantId
column,hr.shift.start_time,HumanResources.WorkShifts.startTime
column,hr.shift.end_time,HumanResources.WorkShifts.endTime
column,hr.shift.crosses_midnight,HumanResources.WorkShifts.crossesMidnight
column,hr.shift.scheduled_hours,HumanResources.WorkShifts.scheduledHours
column,hr.shift.grace_minutes,HumanResources.WorkShifts.graceMinutes
column,hr.shift.break_start,HumanResources.WorkShifts.breakStart
column,hr.shift.break_end,HumanResources.WorkShifts.breakEnd
column,hr.shift.friday_extended_break,HumanResources.WorkShifts.fridayExtendedBreak
column,hr.shift.friday_break_end,HumanResources.WorkShifts.fridayBreakEnd
column,hr.shift.prayer_break_note,HumanResources.WorkShifts.prayerBreakNote
column,hr.shift.half_day_below_hours,HumanResources.WorkShifts.halfDayBelowHours
column,hr.shift.late_marks_per_half_day,HumanResources.WorkShifts.lateMarksPerHalfDay
column,hr.shift.overtime_after_minutes,HumanResources.WorkShifts.overtimeAfterMinutes
column,hr.shift.weekly_off,HumanResources.WorkShifts.weeklyOff
column,hr.shift.is_default,HumanResources.WorkShifts.isDefault
column,hr.shift.is_seasonal,HumanResources.WorkShifts.isSeasonal
column,hr.shift.valid_from,HumanResources.WorkShifts.validFrom
column,hr.shift.valid_to,HumanResources.WorkShifts.validTo
column,hr.shift.deleted_at,HumanResources.WorkShifts.deletedAt
column,hr.shift.created_at,HumanResources.WorkShifts.createdAt
column,hr.shift.created_by,HumanResources.WorkShifts.createdBy
column,hr.shift.updated_at,HumanResources.WorkShifts.updatedAt
column,hr.shift.updated_by,HumanResources.WorkShifts.updatedBy
column,hr.shift.row_version,HumanResources.WorkShifts.rowVersion
table,hr.training_enrolment,HumanResources.TrainingEnrolments
column,hr.training_enrolment.tenant_id,HumanResources.TrainingEnrolments.tenantId
column,hr.training_enrolment.program_id,HumanResources.TrainingEnrolments.programId
column,hr.training_enrolment.employee_id,HumanResources.TrainingEnrolments.employeeId
column,hr.training_enrolment.enrolled_on,HumanResources.TrainingEnrolments.enrolledOn
column,hr.training_enrolment.progress_pct,HumanResources.TrainingEnrolments.progressPct
column,hr.training_enrolment.score_pct,HumanResources.TrainingEnrolments.scorePct
column,hr.training_enrolment.hours_completed,HumanResources.TrainingEnrolments.hoursCompleted
column,hr.training_enrolment.completed_on,HumanResources.TrainingEnrolments.completedOn
column,hr.training_enrolment.created_at,HumanResources.TrainingEnrolments.createdAt
column,hr.training_enrolment.created_by,HumanResources.TrainingEnrolments.createdBy
column,hr.training_enrolment.updated_at,HumanResources.TrainingEnrolments.updatedAt
column,hr.training_enrolment.updated_by,HumanResources.TrainingEnrolments.updatedBy
column,hr.training_enrolment.row_version,HumanResources.TrainingEnrolments.rowVersion
table,hr.training_program,HumanResources.TrainingPrograms
column,hr.training_program.tenant_id,HumanResources.TrainingPrograms.tenantId
column,hr.training_program.department_id,HumanResources.TrainingPrograms.departmentId
column,hr.training_program.duration_label,HumanResources.TrainingPrograms.durationLabel
column,hr.training_program.duration_hours,HumanResources.TrainingPrograms.durationHours
column,hr.training_program.is_mandatory,HumanResources.TrainingPrograms.isMandatory
column,hr.training_program.is_cpd_certified,HumanResources.TrainingPrograms.isCpdCertified
column,hr.training_program.target_participants,HumanResources.TrainingPrograms.targetParticipants
column,hr.training_program.cost_per_head,HumanResources.TrainingPrograms.costPerHead
column,hr.training_program.grants_certification,HumanResources.TrainingPrograms.grantsCertification
column,hr.training_program.certification_validity_months,HumanResources.TrainingPrograms.certificationValidityMonths
column,hr.training_program.start_date,HumanResources.TrainingPrograms.startDate
column,hr.training_program.end_date,HumanResources.TrainingPrograms.endDate
column,hr.training_program.deleted_at,HumanResources.TrainingPrograms.deletedAt
column,hr.training_program.created_at,HumanResources.TrainingPrograms.createdAt
column,hr.training_program.created_by,HumanResources.TrainingPrograms.createdBy
column,hr.training_program.updated_at,HumanResources.TrainingPrograms.updatedAt
column,hr.training_program.updated_by,HumanResources.TrainingPrograms.updatedBy
column,hr.training_program.row_version,HumanResources.TrainingPrograms.rowVersion
table,hr.training_session,HumanResources.TrainingSessions
column,hr.training_session.tenant_id,HumanResources.TrainingSessions.tenantId
column,hr.training_session.program_id,HumanResources.TrainingSessions.programId
column,hr.training_session.starts_at,HumanResources.TrainingSessions.startsAt
column,hr.training_session.ends_at,HumanResources.TrainingSessions.endsAt
column,hr.training_session.delivery_mode,HumanResources.TrainingSessions.deliveryMode
column,hr.training_session.branch_id,HumanResources.TrainingSessions.branchId
column,hr.training_session.is_mandatory,HumanResources.TrainingSessions.isMandatory
column,hr.training_session.created_at,HumanResources.TrainingSessions.createdAt
column,hr.training_session.created_by,HumanResources.TrainingSessions.createdBy
column,hr.training_session.updated_at,HumanResources.TrainingSessions.updatedAt
column,hr.training_session.updated_by,HumanResources.TrainingSessions.updatedBy
column,hr.training_session.row_version,HumanResources.TrainingSessions.rowVersion
table,inv.assembly_voucher,Inventory.AssemblyVouchers
column,inv.assembly_voucher.tenant_id,Inventory.AssemblyVouchers.tenantId
column,inv.assembly_voucher.doc_no,Inventory.AssemblyVouchers.docNo
column,inv.assembly_voucher.doc_date,Inventory.AssemblyVouchers.docDate
column,inv.assembly_voucher.kit_id,Inventory.AssemblyVouchers.kitId
column,inv.assembly_voucher.kit_qty,Inventory.AssemblyVouchers.kitQty
column,inv.assembly_voucher.warehouse_id,Inventory.AssemblyVouchers.warehouseId
column,inv.assembly_voucher.kit_unit_cost,Inventory.AssemblyVouchers.kitUnitCost
column,inv.assembly_voucher.total_cost,Inventory.AssemblyVouchers.totalCost
column,inv.assembly_voucher.posted_at,Inventory.AssemblyVouchers.postedAt
column,inv.assembly_voucher.posted_by_user_id,Inventory.AssemblyVouchers.postedByUserId
column,inv.assembly_voucher.journal_entry_id,Inventory.AssemblyVouchers.journalEntryId
column,inv.assembly_voucher.created_at,Inventory.AssemblyVouchers.createdAt
column,inv.assembly_voucher.created_by,Inventory.AssemblyVouchers.createdBy
column,inv.assembly_voucher.updated_at,Inventory.AssemblyVouchers.updatedAt
column,inv.assembly_voucher.updated_by,Inventory.AssemblyVouchers.updatedBy
column,inv.assembly_voucher.row_version,Inventory.AssemblyVouchers.rowVersion
table,inv.assembly_voucher_line,Inventory.AssemblyVoucherLines
column,inv.assembly_voucher_line.tenant_id,Inventory.AssemblyVoucherLines.tenantId
column,inv.assembly_voucher_line.voucher_id,Inventory.AssemblyVoucherLines.voucherId
column,inv.assembly_voucher_line.line_no,Inventory.AssemblyVoucherLines.lineNo
column,inv.assembly_voucher_line.item_id,Inventory.AssemblyVoucherLines.itemId
column,inv.assembly_voucher_line.batch_id,Inventory.AssemblyVoucherLines.batchId
column,inv.assembly_voucher_line.qty_per_kit,Inventory.AssemblyVoucherLines.qtyPerKit
column,inv.assembly_voucher_line.unit_cost,Inventory.AssemblyVoucherLines.unitCost
column,inv.assembly_voucher_line.created_at,Inventory.AssemblyVoucherLines.createdAt
column,inv.assembly_voucher_line.created_by,Inventory.AssemblyVoucherLines.createdBy
column,inv.assembly_voucher_line.updated_at,Inventory.AssemblyVoucherLines.updatedAt
column,inv.assembly_voucher_line.updated_by,Inventory.AssemblyVoucherLines.updatedBy
column,inv.assembly_voucher_line.row_version,Inventory.AssemblyVoucherLines.rowVersion
table,inv.batch,Inventory.ProductBatches
column,inv.batch.tenant_id,Inventory.ProductBatches.tenantId
column,inv.batch.item_id,Inventory.ProductBatches.itemId
column,inv.batch.batch_no,Inventory.ProductBatches.batchNo
column,inv.batch.expiry_date,Inventory.ProductBatches.expiryDate
column,inv.batch.mfg_date,Inventory.ProductBatches.mfgDate
column,inv.batch.unit_cost,Inventory.ProductBatches.unitCost
column,inv.batch.disposition_at,Inventory.ProductBatches.dispositionAt
column,inv.batch.disposition_by_user_id,Inventory.ProductBatches.dispositionByUserId
column,inv.batch.source_doc_type,Inventory.ProductBatches.sourceDocType
column,inv.batch.source_doc_id,Inventory.ProductBatches.sourceDocId
column,inv.batch.created_at,Inventory.ProductBatches.createdAt
column,inv.batch.created_by,Inventory.ProductBatches.createdBy
column,inv.batch.updated_at,Inventory.ProductBatches.updatedAt
column,inv.batch.updated_by,Inventory.ProductBatches.updatedBy
column,inv.batch.row_version,Inventory.ProductBatches.rowVersion
table,inv.bin,Inventory.WarehouseBins
column,inv.bin.tenant_id,Inventory.WarehouseBins.tenantId
column,inv.bin.warehouse_id,Inventory.WarehouseBins.warehouseId
column,inv.bin.shelf_row,Inventory.WarehouseBins.shelfRow
column,inv.bin.is_active,Inventory.WarehouseBins.isActive
column,inv.bin.deleted_at,Inventory.WarehouseBins.deletedAt
column,inv.bin.created_at,Inventory.WarehouseBins.createdAt
column,inv.bin.created_by,Inventory.WarehouseBins.createdBy
column,inv.bin.updated_at,Inventory.WarehouseBins.updatedAt
column,inv.bin.updated_by,Inventory.WarehouseBins.updatedBy
column,inv.bin.row_version,Inventory.WarehouseBins.rowVersion
table,inv.demand,Inventory.GoodsDemands
column,inv.demand.tenant_id,Inventory.GoodsDemands.tenantId
column,inv.demand.doc_no,Inventory.GoodsDemands.docNo
column,inv.demand.doc_date,Inventory.GoodsDemands.docDate
column,inv.demand.manufacturer_id,Inventory.GoodsDemands.manufacturerId
column,inv.demand.vendor_id,Inventory.GoodsDemands.vendorId
column,inv.demand.prepared_by_user_id,Inventory.GoodsDemands.preparedByUserId
column,inv.demand.total_items,Inventory.GoodsDemands.totalItems
column,inv.demand.total_qty,Inventory.GoodsDemands.totalQty
column,inv.demand.total_bonus,Inventory.GoodsDemands.totalBonus
column,inv.demand.gross_amount,Inventory.GoodsDemands.grossAmount
column,inv.demand.discount_amount,Inventory.GoodsDemands.discountAmount
column,inv.demand.net_amount,Inventory.GoodsDemands.netAmount
column,inv.demand.purchase_order_id,Inventory.GoodsDemands.purchaseOrderId
column,inv.demand.ordered_at,Inventory.GoodsDemands.orderedAt
column,inv.demand.created_at,Inventory.GoodsDemands.createdAt
column,inv.demand.created_by,Inventory.GoodsDemands.createdBy
column,inv.demand.updated_at,Inventory.GoodsDemands.updatedAt
column,inv.demand.updated_by,Inventory.GoodsDemands.updatedBy
column,inv.demand.row_version,Inventory.GoodsDemands.rowVersion
table,inv.demand_line,Inventory.GoodsDemandLines
column,inv.demand_line.tenant_id,Inventory.GoodsDemandLines.tenantId
column,inv.demand_line.demand_id,Inventory.GoodsDemandLines.demandId
column,inv.demand_line.line_no,Inventory.GoodsDemandLines.lineNo
column,inv.demand_line.item_id,Inventory.GoodsDemandLines.itemId
column,inv.demand_line.manufacturer_id,Inventory.GoodsDemandLines.manufacturerId
column,inv.demand_line.ctn_size,Inventory.GoodsDemandLines.ctnSize
column,inv.demand_line.qty_ctn,Inventory.GoodsDemandLines.qtyCtn
column,inv.demand_line.base_qty,Inventory.GoodsDemandLines.baseQty
column,inv.demand_line.bonus_qty,Inventory.GoodsDemandLines.bonusQty
column,inv.demand_line.discount_pct,Inventory.GoodsDemandLines.discountPct
column,inv.demand_line.gross_amount,Inventory.GoodsDemandLines.grossAmount
column,inv.demand_line.discount_amount,Inventory.GoodsDemandLines.discountAmount
column,inv.demand_line.net_amount,Inventory.GoodsDemandLines.netAmount
column,inv.demand_line.created_at,Inventory.GoodsDemandLines.createdAt
column,inv.demand_line.created_by,Inventory.GoodsDemandLines.createdBy
column,inv.demand_line.updated_at,Inventory.GoodsDemandLines.updatedAt
column,inv.demand_line.updated_by,Inventory.GoodsDemandLines.updatedBy
column,inv.demand_line.row_version,Inventory.GoodsDemandLines.rowVersion
table,inv.item,Inventory.Products
column,inv.item.tenant_id,Inventory.Products.tenantId
column,inv.item.name_urdu,Inventory.Products.nameUrdu
column,inv.item.image_url,Inventory.Products.imageUrl
column,inv.item.manufacturer_id,Inventory.Products.manufacturerId
column,inv.item.distributor_vendor_id,Inventory.Products.distributorVendorId
column,inv.item.product_class_id,Inventory.Products.productClassId
column,inv.item.product_subclass_id,Inventory.Products.productSubclassId
column,inv.item.uom_id,Inventory.Products.uomId
column,inv.item.default_shelf,Inventory.Products.defaultShelf
column,inv.item.avg_cost,Inventory.Products.avgCost
column,inv.item.cost_per_unit,Inventory.Products.costPerUnit
column,inv.item.gst_rate,Inventory.Products.gstRate
column,inv.item.tax_code_id,Inventory.Products.taxCodeId
column,inv.item.fin_disc_pct,Inventory.Products.finDiscPct
column,inv.item.low_level,Inventory.Products.lowLevel
column,inv.item.high_level,Inventory.Products.highLevel
column,inv.item.is_short,Inventory.Products.isShort
column,inv.item.track_expiry,Inventory.Products.trackExpiry
column,inv.item.is_controlled,Inventory.Products.isControlled
column,inv.item.is_precious,Inventory.Products.isPrecious
column,inv.item.hs_code,Inventory.Products.hsCode
column,inv.item.weight_kg,Inventory.Products.weightKg
column,inv.item.abc_class,Inventory.Products.abcClass
column,inv.item.avg_daily_sales,Inventory.Products.avgDailySales
column,inv.item.last_sale_date,Inventory.Products.lastSaleDate
column,inv.item.lead_days,Inventory.Products.leadDays
column,inv.item.deleted_at,Inventory.Products.deletedAt
column,inv.item.created_at,Inventory.Products.createdAt
column,inv.item.created_by,Inventory.Products.createdBy
column,inv.item.updated_at,Inventory.Products.updatedAt
column,inv.item.updated_by,Inventory.Products.updatedBy
column,inv.item.row_version,Inventory.Products.rowVersion
table,inv.item_barcode,Inventory.ProductBarcodes
column,inv.item_barcode.tenant_id,Inventory.ProductBarcodes.tenantId
column,inv.item_barcode.item_id,Inventory.ProductBarcodes.itemId
column,inv.item_barcode.qty_per_scan,Inventory.ProductBarcodes.qtyPerScan
column,inv.item_barcode.is_primary,Inventory.ProductBarcodes.isPrimary
column,inv.item_barcode.created_at,Inventory.ProductBarcodes.createdAt
column,inv.item_barcode.created_by,Inventory.ProductBarcodes.createdBy
column,inv.item_barcode.updated_at,Inventory.ProductBarcodes.updatedAt
column,inv.item_barcode.updated_by,Inventory.ProductBarcodes.updatedBy
column,inv.item_barcode.row_version,Inventory.ProductBarcodes.rowVersion
table,inv.item_price_history,Inventory.ProductPriceLogs
column,inv.item_price_history.tenant_id,Inventory.ProductPriceLogs.tenantId
column,inv.item_price_history.item_id,Inventory.ProductPriceLogs.itemId
column,inv.item_price_history.price_field,Inventory.ProductPriceLogs.priceField
column,inv.item_price_history.old_value,Inventory.ProductPriceLogs.oldValue
column,inv.item_price_history.new_value,Inventory.ProductPriceLogs.newValue
column,inv.item_price_history.changed_at,Inventory.ProductPriceLogs.changedAt
column,inv.item_price_history.changed_by_user_id,Inventory.ProductPriceLogs.changedByUserId
column,inv.item_price_history.price_change_batch_id,Inventory.ProductPriceLogs.priceChangeBatchId
column,inv.item_price_history.created_at,Inventory.ProductPriceLogs.createdAt
column,inv.item_price_history.created_by,Inventory.ProductPriceLogs.createdBy
column,inv.item_price_history.updated_at,Inventory.ProductPriceLogs.updatedAt
column,inv.item_price_history.updated_by,Inventory.ProductPriceLogs.updatedBy
column,inv.item_price_history.row_version,Inventory.ProductPriceLogs.rowVersion
table,inv.item_supplier,Inventory.ProductSuppliers
column,inv.item_supplier.tenant_id,Inventory.ProductSuppliers.tenantId
column,inv.item_supplier.item_id,Inventory.ProductSuppliers.itemId
column,inv.item_supplier.vendor_id,Inventory.ProductSuppliers.vendorId
column,inv.item_supplier.vendor_item_code,Inventory.ProductSuppliers.vendorItemCode
column,inv.item_supplier.last_price,Inventory.ProductSuppliers.lastPrice
column,inv.item_supplier.last_purchase_date,Inventory.ProductSuppliers.lastPurchaseDate
column,inv.item_supplier.lead_days,Inventory.ProductSuppliers.leadDays
column,inv.item_supplier.share_pct,Inventory.ProductSuppliers.sharePct
column,inv.item_supplier.is_preferred,Inventory.ProductSuppliers.isPreferred
column,inv.item_supplier.created_at,Inventory.ProductSuppliers.createdAt
column,inv.item_supplier.created_by,Inventory.ProductSuppliers.createdBy
column,inv.item_supplier.updated_at,Inventory.ProductSuppliers.updatedAt
column,inv.item_supplier.updated_by,Inventory.ProductSuppliers.updatedBy
column,inv.item_supplier.row_version,Inventory.ProductSuppliers.rowVersion
table,inv.item_uom,Inventory.ProductUnits
column,inv.item_uom.tenant_id,Inventory.ProductUnits.tenantId
column,inv.item_uom.item_id,Inventory.ProductUnits.itemId
column,inv.item_uom.uom_id,Inventory.ProductUnits.uomId
column,inv.item_uom.is_base,Inventory.ProductUnits.isBase
column,inv.item_uom.is_purchase_default,Inventory.ProductUnits.isPurchaseDefault
column,inv.item_uom.is_sales_default,Inventory.ProductUnits.isSalesDefault
column,inv.item_uom.created_at,Inventory.ProductUnits.createdAt
column,inv.item_uom.created_by,Inventory.ProductUnits.createdBy
column,inv.item_uom.updated_at,Inventory.ProductUnits.updatedAt
column,inv.item_uom.updated_by,Inventory.ProductUnits.updatedBy
column,inv.item_uom.row_version,Inventory.ProductUnits.rowVersion
table,inv.kit,Inventory.KitsAndBundles
column,inv.kit.tenant_id,Inventory.KitsAndBundles.tenantId
column,inv.kit.kit_item_id,Inventory.KitsAndBundles.kitItemId
column,inv.kit.selling_price,Inventory.KitsAndBundles.sellingPrice
column,inv.kit.target_margin_pct,Inventory.KitsAndBundles.targetMarginPct
column,inv.kit.deleted_at,Inventory.KitsAndBundles.deletedAt
column,inv.kit.created_at,Inventory.KitsAndBundles.createdAt
column,inv.kit.created_by,Inventory.KitsAndBundles.createdBy
column,inv.kit.updated_at,Inventory.KitsAndBundles.updatedAt
column,inv.kit.updated_by,Inventory.KitsAndBundles.updatedBy
column,inv.kit.row_version,Inventory.KitsAndBundles.rowVersion
table,inv.kit_component,Inventory.KitComponents
column,inv.kit_component.tenant_id,Inventory.KitComponents.tenantId
column,inv.kit_component.kit_id,Inventory.KitComponents.kitId
column,inv.kit_component.item_id,Inventory.KitComponents.itemId
column,inv.kit_component.qty_per_kit,Inventory.KitComponents.qtyPerKit
column,inv.kit_component.sort_order,Inventory.KitComponents.sortOrder
column,inv.kit_component.created_at,Inventory.KitComponents.createdAt
column,inv.kit_component.created_by,Inventory.KitComponents.createdBy
column,inv.kit_component.updated_at,Inventory.KitComponents.updatedAt
column,inv.kit_component.updated_by,Inventory.KitComponents.updatedBy
column,inv.kit_component.row_version,Inventory.KitComponents.rowVersion
table,inv.label_job,Inventory.BarcodeLabelJobs
column,inv.label_job.tenant_id,Inventory.BarcodeLabelJobs.tenantId
column,inv.label_job.template_id,Inventory.BarcodeLabelJobs.templateId
column,inv.label_job.show_price,Inventory.BarcodeLabelJobs.showPrice
column,inv.label_job.show_urdu_name,Inventory.BarcodeLabelJobs.showUrduName
column,inv.label_job.show_batch_expiry,Inventory.BarcodeLabelJobs.showBatchExpiry
column,inv.label_job.show_company,Inventory.BarcodeLabelJobs.showCompany
column,inv.label_job.use_carton_barcode,Inventory.BarcodeLabelJobs.useCartonBarcode
column,inv.label_job.product_count,Inventory.BarcodeLabelJobs.productCount
column,inv.label_job.total_labels,Inventory.BarcodeLabelJobs.totalLabels
column,inv.label_job.page_count,Inventory.BarcodeLabelJobs.pageCount
column,inv.label_job.printed_at,Inventory.BarcodeLabelJobs.printedAt
column,inv.label_job.printed_by_user_id,Inventory.BarcodeLabelJobs.printedByUserId
column,inv.label_job.created_at,Inventory.BarcodeLabelJobs.createdAt
column,inv.label_job.created_by,Inventory.BarcodeLabelJobs.createdBy
column,inv.label_job.updated_at,Inventory.BarcodeLabelJobs.updatedAt
column,inv.label_job.updated_by,Inventory.BarcodeLabelJobs.updatedBy
column,inv.label_job.row_version,Inventory.BarcodeLabelJobs.rowVersion
table,inv.label_job_line,Inventory.BarcodeLabelJobLines
column,inv.label_job_line.tenant_id,Inventory.BarcodeLabelJobLines.tenantId
column,inv.label_job_line.job_id,Inventory.BarcodeLabelJobLines.jobId
column,inv.label_job_line.item_id,Inventory.BarcodeLabelJobLines.itemId
column,inv.label_job_line.batch_id,Inventory.BarcodeLabelJobLines.batchId
column,inv.label_job_line.printed_price,Inventory.BarcodeLabelJobLines.printedPrice
column,inv.label_job_line.created_at,Inventory.BarcodeLabelJobLines.createdAt
column,inv.label_job_line.created_by,Inventory.BarcodeLabelJobLines.createdBy
column,inv.label_job_line.updated_at,Inventory.BarcodeLabelJobLines.updatedAt
column,inv.label_job_line.updated_by,Inventory.BarcodeLabelJobLines.updatedBy
column,inv.label_job_line.row_version,Inventory.BarcodeLabelJobLines.rowVersion
table,inv.label_template,Inventory.BarcodeLabelTemplates
column,inv.label_template.tenant_id,Inventory.BarcodeLabelTemplates.tenantId
column,inv.label_template.width_mm,Inventory.BarcodeLabelTemplates.widthMm
column,inv.label_template.height_mm,Inventory.BarcodeLabelTemplates.heightMm
column,inv.label_template.labels_per_sheet,Inventory.BarcodeLabelTemplates.labelsPerSheet
column,inv.label_template.sheet_columns,Inventory.BarcodeLabelTemplates.sheetColumns
column,inv.label_template.sheet_rows,Inventory.BarcodeLabelTemplates.sheetRows
column,inv.label_template.is_system,Inventory.BarcodeLabelTemplates.isSystem
column,inv.label_template.is_active,Inventory.BarcodeLabelTemplates.isActive
column,inv.label_template.created_at,Inventory.BarcodeLabelTemplates.createdAt
column,inv.label_template.created_by,Inventory.BarcodeLabelTemplates.createdBy
column,inv.label_template.updated_at,Inventory.BarcodeLabelTemplates.updatedAt
column,inv.label_template.updated_by,Inventory.BarcodeLabelTemplates.updatedBy
column,inv.label_template.row_version,Inventory.BarcodeLabelTemplates.rowVersion
table,inv.manual_stock_entry,Inventory.StockInOut
column,inv.manual_stock_entry.tenant_id,Inventory.StockInOut.tenantId
column,inv.manual_stock_entry.doc_no,Inventory.StockInOut.docNo
column,inv.manual_stock_entry.doc_date,Inventory.StockInOut.docDate
column,inv.manual_stock_entry.manual_ref,Inventory.StockInOut.manualRef
column,inv.manual_stock_entry.reason_id,Inventory.StockInOut.reasonId
column,inv.manual_stock_entry.warehouse_id,Inventory.StockInOut.warehouseId
column,inv.manual_stock_entry.bin_id,Inventory.StockInOut.binId
column,inv.manual_stock_entry.requested_by_name,Inventory.StockInOut.requestedByName
column,inv.manual_stock_entry.entered_by_user_id,Inventory.StockInOut.enteredByUserId
column,inv.manual_stock_entry.total_items,Inventory.StockInOut.totalItems
column,inv.manual_stock_entry.total_qty,Inventory.StockInOut.totalQty
column,inv.manual_stock_entry.total_value,Inventory.StockInOut.totalValue
column,inv.manual_stock_entry.posted_at,Inventory.StockInOut.postedAt
column,inv.manual_stock_entry.posted_by_user_id,Inventory.StockInOut.postedByUserId
column,inv.manual_stock_entry.journal_entry_id,Inventory.StockInOut.journalEntryId
column,inv.manual_stock_entry.cancelled_at,Inventory.StockInOut.cancelledAt
column,inv.manual_stock_entry.cancel_reason,Inventory.StockInOut.cancelReason
column,inv.manual_stock_entry.requested_by_employee_id,Inventory.StockInOut.requestedByEmployeeId
column,inv.manual_stock_entry.created_at,Inventory.StockInOut.createdAt
column,inv.manual_stock_entry.created_by,Inventory.StockInOut.createdBy
column,inv.manual_stock_entry.updated_at,Inventory.StockInOut.updatedAt
column,inv.manual_stock_entry.updated_by,Inventory.StockInOut.updatedBy
column,inv.manual_stock_entry.row_version,Inventory.StockInOut.rowVersion
table,inv.manual_stock_entry_line,Inventory.StockInOutEntryLines
column,inv.manual_stock_entry_line.tenant_id,Inventory.StockInOutEntryLines.tenantId
column,inv.manual_stock_entry_line.entry_id,Inventory.StockInOutEntryLines.entryId
column,inv.manual_stock_entry_line.line_no,Inventory.StockInOutEntryLines.lineNo
column,inv.manual_stock_entry_line.item_id,Inventory.StockInOutEntryLines.itemId
column,inv.manual_stock_entry_line.batch_id,Inventory.StockInOutEntryLines.batchId
column,inv.manual_stock_entry_line.new_batch_no,Inventory.StockInOutEntryLines.newBatchNo
column,inv.manual_stock_entry_line.new_expiry_date,Inventory.StockInOutEntryLines.newExpiryDate
column,inv.manual_stock_entry_line.unit_cost,Inventory.StockInOutEntryLines.unitCost
column,inv.manual_stock_entry_line.created_at,Inventory.StockInOutEntryLines.createdAt
column,inv.manual_stock_entry_line.created_by,Inventory.StockInOutEntryLines.createdBy
column,inv.manual_stock_entry_line.updated_at,Inventory.StockInOutEntryLines.updatedAt
column,inv.manual_stock_entry_line.updated_by,Inventory.StockInOutEntryLines.updatedBy
column,inv.manual_stock_entry_line.row_version,Inventory.StockInOutEntryLines.rowVersion
table,inv.manufacturer,Inventory.ProductCompanies
column,inv.manufacturer.tenant_id,Inventory.ProductCompanies.tenantId
column,inv.manufacturer.short_name,Inventory.ProductCompanies.shortName
column,inv.manufacturer.brand_colour,Inventory.ProductCompanies.brandColour
column,inv.manufacturer.deleted_at,Inventory.ProductCompanies.deletedAt
column,inv.manufacturer.created_at,Inventory.ProductCompanies.createdAt
column,inv.manufacturer.created_by,Inventory.ProductCompanies.createdBy
column,inv.manufacturer.updated_at,Inventory.ProductCompanies.updatedAt
column,inv.manufacturer.updated_by,Inventory.ProductCompanies.updatedBy
column,inv.manufacturer.row_version,Inventory.ProductCompanies.rowVersion
table,inv.movement_reason,Inventory.StockMovementReasons
column,inv.movement_reason.tenant_id,Inventory.StockMovementReasons.tenantId
column,inv.movement_reason.ledger_movement_type,Inventory.StockMovementReasons.ledgerMovementType
column,inv.movement_reason.expense_account_id,Inventory.StockMovementReasons.expenseAccountId
column,inv.movement_reason.is_system,Inventory.StockMovementReasons.isSystem
column,inv.movement_reason.sort_order,Inventory.StockMovementReasons.sortOrder
column,inv.movement_reason.is_active,Inventory.StockMovementReasons.isActive
column,inv.movement_reason.created_at,Inventory.StockMovementReasons.createdAt
column,inv.movement_reason.created_by,Inventory.StockMovementReasons.createdBy
column,inv.movement_reason.updated_at,Inventory.StockMovementReasons.updatedAt
column,inv.movement_reason.updated_by,Inventory.StockMovementReasons.updatedBy
column,inv.movement_reason.row_version,Inventory.StockMovementReasons.rowVersion
table,inv.price_change_batch,Inventory.BulkPriceUpdates
column,inv.price_change_batch.tenant_id,Inventory.BulkPriceUpdates.tenantId
column,inv.price_change_batch.doc_no,Inventory.BulkPriceUpdates.docNo
column,inv.price_change_batch.apply_to,Inventory.BulkPriceUpdates.applyTo
column,inv.price_change_batch.manufacturer_id,Inventory.BulkPriceUpdates.manufacturerId
column,inv.price_change_batch.product_class_id,Inventory.BulkPriceUpdates.productClassId
column,inv.price_change_batch.price_field,Inventory.BulkPriceUpdates.priceField
column,inv.price_change_batch.change_pct,Inventory.BulkPriceUpdates.changePct
column,inv.price_change_batch.round_to,Inventory.BulkPriceUpdates.roundTo
column,inv.price_change_batch.item_count,Inventory.BulkPriceUpdates.itemCount
column,inv.price_change_batch.applied_at,Inventory.BulkPriceUpdates.appliedAt
column,inv.price_change_batch.applied_by_user_id,Inventory.BulkPriceUpdates.appliedByUserId
column,inv.price_change_batch.undone_at,Inventory.BulkPriceUpdates.undoneAt
column,inv.price_change_batch.created_at,Inventory.BulkPriceUpdates.createdAt
column,inv.price_change_batch.created_by,Inventory.BulkPriceUpdates.createdBy
column,inv.price_change_batch.updated_at,Inventory.BulkPriceUpdates.updatedAt
column,inv.price_change_batch.updated_by,Inventory.BulkPriceUpdates.updatedBy
column,inv.price_change_batch.row_version,Inventory.BulkPriceUpdates.rowVersion
table,inv.price_change_line,Inventory.BulkPriceUpdateLines
column,inv.price_change_line.tenant_id,Inventory.BulkPriceUpdateLines.tenantId
column,inv.price_change_line.batch_id,Inventory.BulkPriceUpdateLines.batchId
column,inv.price_change_line.item_id,Inventory.BulkPriceUpdateLines.itemId
column,inv.price_change_line.price_field,Inventory.BulkPriceUpdateLines.priceField
column,inv.price_change_line.old_value,Inventory.BulkPriceUpdateLines.oldValue
column,inv.price_change_line.new_value,Inventory.BulkPriceUpdateLines.newValue
column,inv.price_change_line.change_amount,Inventory.BulkPriceUpdateLines.changeAmount
column,inv.price_change_line.created_at,Inventory.BulkPriceUpdateLines.createdAt
column,inv.price_change_line.created_by,Inventory.BulkPriceUpdateLines.createdBy
column,inv.price_change_line.updated_at,Inventory.BulkPriceUpdateLines.updatedAt
column,inv.price_change_line.updated_by,Inventory.BulkPriceUpdateLines.updatedBy
column,inv.price_change_line.row_version,Inventory.BulkPriceUpdateLines.rowVersion
table,inv.principal_claim,Inventory.PrincipalClaims
column,inv.principal_claim.tenant_id,Inventory.PrincipalClaims.tenantId
column,inv.principal_claim.claim_no,Inventory.PrincipalClaims.claimNo
column,inv.principal_claim.manufacturer_id,Inventory.PrincipalClaims.manufacturerId
column,inv.principal_claim.claim_date,Inventory.PrincipalClaims.claimDate
column,inv.principal_claim.claim_type,Inventory.PrincipalClaims.claimType
column,inv.principal_claim.item_id,Inventory.PrincipalClaims.itemId
column,inv.principal_claim.batch_id,Inventory.PrincipalClaims.batchId
column,inv.principal_claim.submitted_at,Inventory.PrincipalClaims.submittedAt
column,inv.principal_claim.settled_date,Inventory.PrincipalClaims.settledDate
column,inv.principal_claim.settled_amount,Inventory.PrincipalClaims.settledAmount
column,inv.principal_claim.debit_note_id,Inventory.PrincipalClaims.debitNoteId
column,inv.principal_claim.created_at,Inventory.PrincipalClaims.createdAt
column,inv.principal_claim.created_by,Inventory.PrincipalClaims.createdBy
column,inv.principal_claim.updated_at,Inventory.PrincipalClaims.updatedAt
column,inv.principal_claim.updated_by,Inventory.PrincipalClaims.updatedBy
column,inv.principal_claim.row_version,Inventory.PrincipalClaims.rowVersion
table,inv.principal_target,Inventory.PrincipalTargets
column,inv.principal_target.tenant_id,Inventory.PrincipalTargets.tenantId
column,inv.principal_target.manufacturer_id,Inventory.PrincipalTargets.manufacturerId
column,inv.principal_target.period_type,Inventory.PrincipalTargets.periodType
column,inv.principal_target.period_start,Inventory.PrincipalTargets.periodStart
column,inv.principal_target.period_end,Inventory.PrincipalTargets.periodEnd
column,inv.principal_target.target_amount,Inventory.PrincipalTargets.targetAmount
column,inv.principal_target.achieved_amount,Inventory.PrincipalTargets.achievedAmount
column,inv.principal_target.achieved_at,Inventory.PrincipalTargets.achievedAt
column,inv.principal_target.created_at,Inventory.PrincipalTargets.createdAt
column,inv.principal_target.created_by,Inventory.PrincipalTargets.createdBy
column,inv.principal_target.updated_at,Inventory.PrincipalTargets.updatedAt
column,inv.principal_target.updated_by,Inventory.PrincipalTargets.updatedBy
column,inv.principal_target.row_version,Inventory.PrincipalTargets.rowVersion
table,inv.product_class,Inventory.ProductClasses
column,inv.product_class.tenant_id,Inventory.ProductClasses.tenantId
column,inv.product_class.name_urdu,Inventory.ProductClasses.nameUrdu
column,inv.product_class.is_visible,Inventory.ProductClasses.isVisible
column,inv.product_class.sort_order,Inventory.ProductClasses.sortOrder
column,inv.product_class.deleted_at,Inventory.ProductClasses.deletedAt
column,inv.product_class.created_at,Inventory.ProductClasses.createdAt
column,inv.product_class.created_by,Inventory.ProductClasses.createdBy
column,inv.product_class.updated_at,Inventory.ProductClasses.updatedAt
column,inv.product_class.updated_by,Inventory.ProductClasses.updatedBy
column,inv.product_class.row_version,Inventory.ProductClasses.rowVersion
table,inv.product_subclass,Inventory.ProductSubclasses
column,inv.product_subclass.tenant_id,Inventory.ProductSubclasses.tenantId
column,inv.product_subclass.product_class_id,Inventory.ProductSubclasses.productClassId
column,inv.product_subclass.is_visible,Inventory.ProductSubclasses.isVisible
column,inv.product_subclass.sort_order,Inventory.ProductSubclasses.sortOrder
column,inv.product_subclass.deleted_at,Inventory.ProductSubclasses.deletedAt
column,inv.product_subclass.created_at,Inventory.ProductSubclasses.createdAt
column,inv.product_subclass.created_by,Inventory.ProductSubclasses.createdBy
column,inv.product_subclass.updated_at,Inventory.ProductSubclasses.updatedAt
column,inv.product_subclass.updated_by,Inventory.ProductSubclasses.updatedBy
column,inv.product_subclass.row_version,Inventory.ProductSubclasses.rowVersion
table,inv.reorder_rule,Inventory.ReorderRules
column,inv.reorder_rule.tenant_id,Inventory.ReorderRules.tenantId
column,inv.reorder_rule.item_id,Inventory.ReorderRules.itemId
column,inv.reorder_rule.warehouse_id,Inventory.ReorderRules.warehouseId
column,inv.reorder_rule.low_level,Inventory.ReorderRules.lowLevel
column,inv.reorder_rule.high_level,Inventory.ReorderRules.highLevel
column,inv.reorder_rule.lead_days,Inventory.ReorderRules.leadDays
column,inv.reorder_rule.safety_days,Inventory.ReorderRules.safetyDays
column,inv.reorder_rule.cover_alert_days,Inventory.ReorderRules.coverAlertDays
column,inv.reorder_rule.is_active,Inventory.ReorderRules.isActive
column,inv.reorder_rule.created_at,Inventory.ReorderRules.createdAt
column,inv.reorder_rule.created_by,Inventory.ReorderRules.createdBy
column,inv.reorder_rule.updated_at,Inventory.ReorderRules.updatedAt
column,inv.reorder_rule.updated_by,Inventory.ReorderRules.updatedBy
column,inv.reorder_rule.row_version,Inventory.ReorderRules.rowVersion
table,inv.stock_adjustment,Inventory.StockAdjustments
column,inv.stock_adjustment.tenant_id,Inventory.StockAdjustments.tenantId
column,inv.stock_adjustment.doc_no,Inventory.StockAdjustments.docNo
column,inv.stock_adjustment.doc_date,Inventory.StockAdjustments.docDate
column,inv.stock_adjustment.warehouse_id,Inventory.StockAdjustments.warehouseId
column,inv.stock_adjustment.reason_id,Inventory.StockAdjustments.reasonId
column,inv.stock_adjustment.offset_account_id,Inventory.StockAdjustments.offsetAccountId
column,inv.stock_adjustment.line_count,Inventory.StockAdjustments.lineCount
column,inv.stock_adjustment.net_value,Inventory.StockAdjustments.netValue
column,inv.stock_adjustment.approval_required,Inventory.StockAdjustments.approvalRequired
column,inv.stock_adjustment.prepared_by_user_id,Inventory.StockAdjustments.preparedByUserId
column,inv.stock_adjustment.submitted_at,Inventory.StockAdjustments.submittedAt
column,inv.stock_adjustment.approved_by_user_id,Inventory.StockAdjustments.approvedByUserId
column,inv.stock_adjustment.approved_at,Inventory.StockAdjustments.approvedAt
column,inv.stock_adjustment.rejection_reason,Inventory.StockAdjustments.rejectionReason
column,inv.stock_adjustment.posted_at,Inventory.StockAdjustments.postedAt
column,inv.stock_adjustment.journal_entry_id,Inventory.StockAdjustments.journalEntryId
column,inv.stock_adjustment.source_doc_type,Inventory.StockAdjustments.sourceDocType
column,inv.stock_adjustment.source_doc_id,Inventory.StockAdjustments.sourceDocId
column,inv.stock_adjustment.created_at,Inventory.StockAdjustments.createdAt
column,inv.stock_adjustment.created_by,Inventory.StockAdjustments.createdBy
column,inv.stock_adjustment.updated_at,Inventory.StockAdjustments.updatedAt
column,inv.stock_adjustment.updated_by,Inventory.StockAdjustments.updatedBy
column,inv.stock_adjustment.row_version,Inventory.StockAdjustments.rowVersion
table,inv.stock_adjustment_line,Inventory.StockAdjustmentLines
column,inv.stock_adjustment_line.tenant_id,Inventory.StockAdjustmentLines.tenantId
column,inv.stock_adjustment_line.adjustment_id,Inventory.StockAdjustmentLines.adjustmentId
column,inv.stock_adjustment_line.line_no,Inventory.StockAdjustmentLines.lineNo
column,inv.stock_adjustment_line.item_id,Inventory.StockAdjustmentLines.itemId
column,inv.stock_adjustment_line.batch_id,Inventory.StockAdjustmentLines.batchId
column,inv.stock_adjustment_line.qty_on_hand,Inventory.StockAdjustmentLines.qtyOnHand
column,inv.stock_adjustment_line.qty_counted,Inventory.StockAdjustmentLines.qtyCounted
column,inv.stock_adjustment_line.qty_change,Inventory.StockAdjustmentLines.qtyChange
column,inv.stock_adjustment_line.unit_cost,Inventory.StockAdjustmentLines.unitCost
column,inv.stock_adjustment_line.created_at,Inventory.StockAdjustmentLines.createdAt
column,inv.stock_adjustment_line.created_by,Inventory.StockAdjustmentLines.createdBy
column,inv.stock_adjustment_line.updated_at,Inventory.StockAdjustmentLines.updatedAt
column,inv.stock_adjustment_line.updated_by,Inventory.StockAdjustmentLines.updatedBy
column,inv.stock_adjustment_line.row_version,Inventory.StockAdjustmentLines.rowVersion
table,inv.stock_balance,Inventory.StockBalances
column,inv.stock_balance.tenant_id,Inventory.StockBalances.tenantId
column,inv.stock_balance.item_id,Inventory.StockBalances.itemId
column,inv.stock_balance.warehouse_id,Inventory.StockBalances.warehouseId
column,inv.stock_balance.bin_id,Inventory.StockBalances.binId
column,inv.stock_balance.batch_id,Inventory.StockBalances.batchId
column,inv.stock_balance.qty_on_hand,Inventory.StockBalances.qtyOnHand
column,inv.stock_balance.qty_reserved,Inventory.StockBalances.qtyReserved
column,inv.stock_balance.qty_available,Inventory.StockBalances.qtyAvailable
column,inv.stock_balance.last_movement_at,Inventory.StockBalances.lastMovementAt
column,inv.stock_balance.last_in_date,Inventory.StockBalances.lastInDate
column,inv.stock_balance.last_out_date,Inventory.StockBalances.lastOutDate
column,inv.stock_balance.created_at,Inventory.StockBalances.createdAt
column,inv.stock_balance.created_by,Inventory.StockBalances.createdBy
column,inv.stock_balance.updated_at,Inventory.StockBalances.updatedAt
column,inv.stock_balance.updated_by,Inventory.StockBalances.updatedBy
column,inv.stock_balance.row_version,Inventory.StockBalances.rowVersion
table,inv.stock_count,Inventory.StockCounts
column,inv.stock_count.tenant_id,Inventory.StockCounts.tenantId
column,inv.stock_count.doc_no,Inventory.StockCounts.docNo
column,inv.stock_count.doc_date,Inventory.StockCounts.docDate
column,inv.stock_count.warehouse_id,Inventory.StockCounts.warehouseId
column,inv.stock_count.scope_class_ids,Inventory.StockCounts.scopeClassIds
column,inv.stock_count.scope_label,Inventory.StockCounts.scopeLabel
column,inv.stock_count.abc_a_only,Inventory.StockCounts.abcAOnly
column,inv.stock_count.is_blind,Inventory.StockCounts.isBlind
column,inv.stock_count.frozen_at,Inventory.StockCounts.frozenAt
column,inv.stock_count.owner_user_id,Inventory.StockCounts.ownerUserId
column,inv.stock_count.line_count,Inventory.StockCounts.lineCount
column,inv.stock_count.counted_count,Inventory.StockCounts.countedCount
column,inv.stock_count.shortage_value,Inventory.StockCounts.shortageValue
column,inv.stock_count.excess_value,Inventory.StockCounts.excessValue
column,inv.stock_count.net_variance_value,Inventory.StockCounts.netVarianceValue
column,inv.stock_count.approver_user_id,Inventory.StockCounts.approverUserId
column,inv.stock_count.approved_at,Inventory.StockCounts.approvedAt
column,inv.stock_count.approval_comment,Inventory.StockCounts.approvalComment
column,inv.stock_count.journal_entry_id,Inventory.StockCounts.journalEntryId
column,inv.stock_count.created_at,Inventory.StockCounts.createdAt
column,inv.stock_count.created_by,Inventory.StockCounts.createdBy
column,inv.stock_count.updated_at,Inventory.StockCounts.updatedAt
column,inv.stock_count.updated_by,Inventory.StockCounts.updatedBy
column,inv.stock_count.row_version,Inventory.StockCounts.rowVersion
table,inv.stock_count_line,Inventory.StockCountLines
column,inv.stock_count_line.tenant_id,Inventory.StockCountLines.tenantId
column,inv.stock_count_line.count_id,Inventory.StockCountLines.countId
column,inv.stock_count_line.line_no,Inventory.StockCountLines.lineNo
column,inv.stock_count_line.item_id,Inventory.StockCountLines.itemId
column,inv.stock_count_line.batch_id,Inventory.StockCountLines.batchId
column,inv.stock_count_line.expected_qty,Inventory.StockCountLines.expectedQty
column,inv.stock_count_line.counted_qty,Inventory.StockCountLines.countedQty
column,inv.stock_count_line.variance_qty,Inventory.StockCountLines.varianceQty
column,inv.stock_count_line.unit_cost,Inventory.StockCountLines.unitCost
column,inv.stock_count_line.variance_value,Inventory.StockCountLines.varianceValue
column,inv.stock_count_line.was_uncounted,Inventory.StockCountLines.wasUncounted
column,inv.stock_count_line.counted_at,Inventory.StockCountLines.countedAt
column,inv.stock_count_line.counted_by_user_id,Inventory.StockCountLines.countedByUserId
column,inv.stock_count_line.created_at,Inventory.StockCountLines.createdAt
column,inv.stock_count_line.created_by,Inventory.StockCountLines.createdBy
column,inv.stock_count_line.updated_at,Inventory.StockCountLines.updatedAt
column,inv.stock_count_line.updated_by,Inventory.StockCountLines.updatedBy
column,inv.stock_count_line.row_version,Inventory.StockCountLines.rowVersion
table,inv.stock_ledger,Inventory.StockMovements
column,inv.stock_ledger.tenant_id,Inventory.StockMovements.tenantId
column,inv.stock_ledger.movement_date,Inventory.StockMovements.movementDate
column,inv.stock_ledger.movement_at,Inventory.StockMovements.movementAt
column,inv.stock_ledger.item_id,Inventory.StockMovements.itemId
column,inv.stock_ledger.warehouse_id,Inventory.StockMovements.warehouseId
column,inv.stock_ledger.bin_id,Inventory.StockMovements.binId
column,inv.stock_ledger.batch_id,Inventory.StockMovements.batchId
column,inv.stock_ledger.expiry_date,Inventory.StockMovements.expiryDate
column,inv.stock_ledger.qty_in,Inventory.StockMovements.qtyIn
column,inv.stock_ledger.qty_out,Inventory.StockMovements.qtyOut
column,inv.stock_ledger.unit_cost,Inventory.StockMovements.unitCost
column,inv.stock_ledger.movement_type,Inventory.StockMovements.movementType
column,inv.stock_ledger.reason_id,Inventory.StockMovements.reasonId
column,inv.stock_ledger.source_doc_type,Inventory.StockMovements.sourceDocType
column,inv.stock_ledger.source_doc_id,Inventory.StockMovements.sourceDocId
column,inv.stock_ledger.source_doc_no,Inventory.StockMovements.sourceDocNo
column,inv.stock_ledger.source_line_id,Inventory.StockMovements.sourceLineId
column,inv.stock_ledger.counter_warehouse_id,Inventory.StockMovements.counterWarehouseId
column,inv.stock_ledger.party_label,Inventory.StockMovements.partyLabel
column,inv.stock_ledger.user_id,Inventory.StockMovements.userId
column,inv.stock_ledger.created_at,Inventory.StockMovements.createdAt
column,inv.stock_ledger.created_by,Inventory.StockMovements.createdBy
column,inv.stock_ledger.updated_at,Inventory.StockMovements.updatedAt
column,inv.stock_ledger.updated_by,Inventory.StockMovements.updatedBy
column,inv.stock_ledger.row_version,Inventory.StockMovements.rowVersion
table,inv.stock_reservation,Inventory.StockReservations
column,inv.stock_reservation.tenant_id,Inventory.StockReservations.tenantId
column,inv.stock_reservation.item_id,Inventory.StockReservations.itemId
column,inv.stock_reservation.warehouse_id,Inventory.StockReservations.warehouseId
column,inv.stock_reservation.batch_id,Inventory.StockReservations.batchId
column,inv.stock_reservation.sales_order_id,Inventory.StockReservations.salesOrderId
column,inv.stock_reservation.sales_order_line_id,Inventory.StockReservations.salesOrderLineId
column,inv.stock_reservation.reserved_at,Inventory.StockReservations.reservedAt
column,inv.stock_reservation.expires_at,Inventory.StockReservations.expiresAt
column,inv.stock_reservation.closed_at,Inventory.StockReservations.closedAt
column,inv.stock_reservation.created_at,Inventory.StockReservations.createdAt
column,inv.stock_reservation.created_by,Inventory.StockReservations.createdBy
column,inv.stock_reservation.updated_at,Inventory.StockReservations.updatedAt
column,inv.stock_reservation.updated_by,Inventory.StockReservations.updatedBy
column,inv.stock_reservation.row_version,Inventory.StockReservations.rowVersion
table,inv.stock_transfer,Inventory.StockTransfers
column,inv.stock_transfer.tenant_id,Inventory.StockTransfers.tenantId
column,inv.stock_transfer.doc_no,Inventory.StockTransfers.docNo
column,inv.stock_transfer.doc_date,Inventory.StockTransfers.docDate
column,inv.stock_transfer.transfer_at,Inventory.StockTransfers.transferAt
column,inv.stock_transfer.from_warehouse_id,Inventory.StockTransfers.fromWarehouseId
column,inv.stock_transfer.to_warehouse_id,Inventory.StockTransfers.toWarehouseId
column,inv.stock_transfer.prepared_by_user_id,Inventory.StockTransfers.preparedByUserId
column,inv.stock_transfer.driver_name,Inventory.StockTransfers.driverName
column,inv.stock_transfer.vehicle_no,Inventory.StockTransfers.vehicleNo
column,inv.stock_transfer.dispatched_at,Inventory.StockTransfers.dispatchedAt
column,inv.stock_transfer.eta_at,Inventory.StockTransfers.etaAt
column,inv.stock_transfer.received_at,Inventory.StockTransfers.receivedAt
column,inv.stock_transfer.received_by_user_id,Inventory.StockTransfers.receivedByUserId
column,inv.stock_transfer.receipt_note,Inventory.StockTransfers.receiptNote
column,inv.stock_transfer.total_items,Inventory.StockTransfers.totalItems
column,inv.stock_transfer.total_qty,Inventory.StockTransfers.totalQty
column,inv.stock_transfer.total_value,Inventory.StockTransfers.totalValue
column,inv.stock_transfer.posted_at,Inventory.StockTransfers.postedAt
column,inv.stock_transfer.journal_entry_id,Inventory.StockTransfers.journalEntryId
column,inv.stock_transfer.receipt_journal_entry_id,Inventory.StockTransfers.receiptJournalEntryId
column,inv.stock_transfer.cancelled_at,Inventory.StockTransfers.cancelledAt
column,inv.stock_transfer.cancel_reason,Inventory.StockTransfers.cancelReason
column,inv.stock_transfer.driver_employee_id,Inventory.StockTransfers.driverEmployeeId
column,inv.stock_transfer.vehicle_id,Inventory.StockTransfers.vehicleId
column,inv.stock_transfer.created_at,Inventory.StockTransfers.createdAt
column,inv.stock_transfer.created_by,Inventory.StockTransfers.createdBy
column,inv.stock_transfer.updated_at,Inventory.StockTransfers.updatedAt
column,inv.stock_transfer.updated_by,Inventory.StockTransfers.updatedBy
column,inv.stock_transfer.row_version,Inventory.StockTransfers.rowVersion
table,inv.stock_transfer_line,Inventory.StockTransferLines
column,inv.stock_transfer_line.tenant_id,Inventory.StockTransferLines.tenantId
column,inv.stock_transfer_line.transfer_id,Inventory.StockTransferLines.transferId
column,inv.stock_transfer_line.from_warehouse_id,Inventory.StockTransferLines.fromWarehouseId
column,inv.stock_transfer_line.to_warehouse_id,Inventory.StockTransferLines.toWarehouseId
column,inv.stock_transfer_line.line_no,Inventory.StockTransferLines.lineNo
column,inv.stock_transfer_line.item_id,Inventory.StockTransferLines.itemId
column,inv.stock_transfer_line.batch_id,Inventory.StockTransferLines.batchId
column,inv.stock_transfer_line.from_bin_id,Inventory.StockTransferLines.fromBinId
column,inv.stock_transfer_line.to_bin_id,Inventory.StockTransferLines.toBinId
column,inv.stock_transfer_line.ctn_size,Inventory.StockTransferLines.ctnSize
column,inv.stock_transfer_line.qty_ctn,Inventory.StockTransferLines.qtyCtn
column,inv.stock_transfer_line.qty_loose,Inventory.StockTransferLines.qtyLoose
column,inv.stock_transfer_line.base_qty,Inventory.StockTransferLines.baseQty
column,inv.stock_transfer_line.unit_cost,Inventory.StockTransferLines.unitCost
column,inv.stock_transfer_line.is_controlled,Inventory.StockTransferLines.isControlled
column,inv.stock_transfer_line.created_at,Inventory.StockTransferLines.createdAt
column,inv.stock_transfer_line.created_by,Inventory.StockTransferLines.createdBy
column,inv.stock_transfer_line.updated_at,Inventory.StockTransferLines.updatedAt
column,inv.stock_transfer_line.updated_by,Inventory.StockTransferLines.updatedBy
column,inv.stock_transfer_line.row_version,Inventory.StockTransferLines.rowVersion
table,inv.stock_voucher,Inventory.StockVouchers
column,inv.stock_voucher.tenant_id,Inventory.StockVouchers.tenantId
column,inv.stock_voucher.voucher_type,Inventory.StockVouchers.voucherType
column,inv.stock_voucher.doc_no,Inventory.StockVouchers.docNo
column,inv.stock_voucher.doc_date,Inventory.StockVouchers.docDate
column,inv.stock_voucher.warehouse_id,Inventory.StockVouchers.warehouseId
column,inv.stock_voucher.reference_no,Inventory.StockVouchers.referenceNo
column,inv.stock_voucher.breakage_reason,Inventory.StockVouchers.breakageReason
column,inv.stock_voucher.employee_id,Inventory.StockVouchers.employeeId
column,inv.stock_voucher.recipient_name,Inventory.StockVouchers.recipientName
column,inv.stock_voucher.customer_id,Inventory.StockVouchers.customerId
column,inv.stock_voucher.salesman_employee_id,Inventory.StockVouchers.salesmanEmployeeId
column,inv.stock_voucher.is_returnable,Inventory.StockVouchers.isReturnable
column,inv.stock_voucher.return_due_date,Inventory.StockVouchers.returnDueDate
column,inv.stock_voucher.department_id,Inventory.StockVouchers.departmentId
column,inv.stock_voucher.cost_centre_id,Inventory.StockVouchers.costCentreId
column,inv.stock_voucher.requested_by_employee_id,Inventory.StockVouchers.requestedByEmployeeId
column,inv.stock_voucher.expense_account_id,Inventory.StockVouchers.expenseAccountId
column,inv.stock_voucher.total_items,Inventory.StockVouchers.totalItems
column,inv.stock_voucher.total_qty,Inventory.StockVouchers.totalQty
column,inv.stock_voucher.total_amount,Inventory.StockVouchers.totalAmount
column,inv.stock_voucher.posted_at,Inventory.StockVouchers.postedAt
column,inv.stock_voucher.posted_by_user_id,Inventory.StockVouchers.postedByUserId
column,inv.stock_voucher.journal_entry_id,Inventory.StockVouchers.journalEntryId
column,inv.stock_voucher.created_at,Inventory.StockVouchers.createdAt
column,inv.stock_voucher.created_by,Inventory.StockVouchers.createdBy
column,inv.stock_voucher.updated_at,Inventory.StockVouchers.updatedAt
column,inv.stock_voucher.updated_by,Inventory.StockVouchers.updatedBy
column,inv.stock_voucher.row_version,Inventory.StockVouchers.rowVersion
table,inv.stock_voucher_line,Inventory.StockVoucherLines
column,inv.stock_voucher_line.tenant_id,Inventory.StockVoucherLines.tenantId
column,inv.stock_voucher_line.voucher_id,Inventory.StockVoucherLines.voucherId
column,inv.stock_voucher_line.line_no,Inventory.StockVoucherLines.lineNo
column,inv.stock_voucher_line.item_id,Inventory.StockVoucherLines.itemId
column,inv.stock_voucher_line.batch_id,Inventory.StockVoucherLines.batchId
column,inv.stock_voucher_line.lot_no,Inventory.StockVoucherLines.lotNo
column,inv.stock_voucher_line.expiry_month,Inventory.StockVoucherLines.expiryMonth
column,inv.stock_voucher_line.uom_id,Inventory.StockVoucherLines.uomId
column,inv.stock_voucher_line.uom_factor,Inventory.StockVoucherLines.uomFactor
column,inv.stock_voucher_line.base_qty,Inventory.StockVoucherLines.baseQty
column,inv.stock_voucher_line.created_at,Inventory.StockVoucherLines.createdAt
column,inv.stock_voucher_line.created_by,Inventory.StockVoucherLines.createdBy
column,inv.stock_voucher_line.updated_at,Inventory.StockVoucherLines.updatedAt
column,inv.stock_voucher_line.updated_by,Inventory.StockVoucherLines.updatedBy
column,inv.stock_voucher_line.row_version,Inventory.StockVoucherLines.rowVersion
table,inv.transfer_receipt_line,Inventory.StockTransferReceiptLines
column,inv.transfer_receipt_line.tenant_id,Inventory.StockTransferReceiptLines.tenantId
column,inv.transfer_receipt_line.transfer_id,Inventory.StockTransferReceiptLines.transferId
column,inv.transfer_receipt_line.transfer_line_id,Inventory.StockTransferReceiptLines.transferLineId
column,inv.transfer_receipt_line.sent_qty,Inventory.StockTransferReceiptLines.sentQty
column,inv.transfer_receipt_line.received_qty,Inventory.StockTransferReceiptLines.receivedQty
column,inv.transfer_receipt_line.variance_qty,Inventory.StockTransferReceiptLines.varianceQty
column,inv.transfer_receipt_line.variance_kind,Inventory.StockTransferReceiptLines.varianceKind
column,inv.transfer_receipt_line.received_at,Inventory.StockTransferReceiptLines.receivedAt
column,inv.transfer_receipt_line.received_by_user_id,Inventory.StockTransferReceiptLines.receivedByUserId
column,inv.transfer_receipt_line.created_at,Inventory.StockTransferReceiptLines.createdAt
column,inv.transfer_receipt_line.created_by,Inventory.StockTransferReceiptLines.createdBy
column,inv.transfer_receipt_line.updated_at,Inventory.StockTransferReceiptLines.updatedAt
column,inv.transfer_receipt_line.updated_by,Inventory.StockTransferReceiptLines.updatedBy
column,inv.transfer_receipt_line.row_version,Inventory.StockTransferReceiptLines.rowVersion
table,inv.uom,Inventory.UnitsOfMeasure
column,inv.uom.tenant_id,Inventory.UnitsOfMeasure.tenantId
column,inv.uom.name_urdu,Inventory.UnitsOfMeasure.nameUrdu
column,inv.uom.is_system,Inventory.UnitsOfMeasure.isSystem
column,inv.uom.is_active,Inventory.UnitsOfMeasure.isActive
column,inv.uom.created_at,Inventory.UnitsOfMeasure.createdAt
column,inv.uom.created_by,Inventory.UnitsOfMeasure.createdBy
column,inv.uom.updated_at,Inventory.UnitsOfMeasure.updatedAt
column,inv.uom.updated_by,Inventory.UnitsOfMeasure.updatedBy
column,inv.uom.row_version,Inventory.UnitsOfMeasure.rowVersion
table,inv.warehouse,Inventory.Warehouses
column,inv.warehouse.tenant_id,Inventory.Warehouses.tenantId
column,inv.warehouse.branch_id,Inventory.Warehouses.branchId
column,inv.warehouse.manager_user_id,Inventory.Warehouses.managerUserId
column,inv.warehouse.capacity_pallets,Inventory.Warehouses.capacityPallets
column,inv.warehouse.inventory_account_id,Inventory.Warehouses.inventoryAccountId
column,inv.warehouse.block_negative_stock,Inventory.Warehouses.blockNegativeStock
column,inv.warehouse.is_primary,Inventory.Warehouses.isPrimary
column,inv.warehouse.vehicle_id,Inventory.Warehouses.vehicleId
column,inv.warehouse.deleted_at,Inventory.Warehouses.deletedAt
column,inv.warehouse.created_at,Inventory.Warehouses.createdAt
column,inv.warehouse.created_by,Inventory.Warehouses.createdBy
column,inv.warehouse.updated_at,Inventory.Warehouses.updatedAt
column,inv.warehouse.updated_by,Inventory.Warehouses.updatedBy
column,inv.warehouse.row_version,Inventory.Warehouses.rowVersion
table,payroll.employee_salary,Payroll.EmployeeSalaries
column,payroll.employee_salary.tenant_id,Payroll.EmployeeSalaries.tenantId
column,payroll.employee_salary.employee_id,Payroll.EmployeeSalaries.employeeId
column,payroll.employee_salary.structure_id,Payroll.EmployeeSalaries.structureId
column,payroll.employee_salary.addon_structure_id,Payroll.EmployeeSalaries.addonStructureId
column,payroll.employee_salary.pay_group_id,Payroll.EmployeeSalaries.payGroupId
column,payroll.employee_salary.effective_from,Payroll.EmployeeSalaries.effectiveFrom
column,payroll.employee_salary.effective_to,Payroll.EmployeeSalaries.effectiveTo
column,payroll.employee_salary.basic_amount,Payroll.EmployeeSalaries.basicAmount
column,payroll.employee_salary.gross_amount,Payroll.EmployeeSalaries.grossAmount
column,payroll.employee_salary.pay_mode,Payroll.EmployeeSalaries.payMode
column,payroll.employee_salary.revision_type,Payroll.EmployeeSalaries.revisionType
column,payroll.employee_salary.revision_reason,Payroll.EmployeeSalaries.revisionReason
column,payroll.employee_salary.approved_by_user_id,Payroll.EmployeeSalaries.approvedByUserId
column,payroll.employee_salary.approved_at,Payroll.EmployeeSalaries.approvedAt
column,payroll.employee_salary.created_at,Payroll.EmployeeSalaries.createdAt
column,payroll.employee_salary.created_by,Payroll.EmployeeSalaries.createdBy
column,payroll.employee_salary.updated_at,Payroll.EmployeeSalaries.updatedAt
column,payroll.employee_salary.updated_by,Payroll.EmployeeSalaries.updatedBy
column,payroll.employee_salary.row_version,Payroll.EmployeeSalaries.rowVersion
table,payroll.final_settlement,Payroll.FinalSettlements
column,payroll.final_settlement.tenant_id,Payroll.FinalSettlements.tenantId
column,payroll.final_settlement.doc_no,Payroll.FinalSettlements.docNo
column,payroll.final_settlement.doc_date,Payroll.FinalSettlements.docDate
column,payroll.final_settlement.employee_id,Payroll.FinalSettlements.employeeId
column,payroll.final_settlement.offboarding_id,Payroll.FinalSettlements.offboardingId
column,payroll.final_settlement.payroll_run_id,Payroll.FinalSettlements.payrollRunId
column,payroll.final_settlement.service_months,Payroll.FinalSettlements.serviceMonths
column,payroll.final_settlement.notice_shortfall_days,Payroll.FinalSettlements.noticeShortfallDays
column,payroll.final_settlement.last_basic_amount,Payroll.FinalSettlements.lastBasicAmount
column,payroll.final_settlement.last_gross_amount,Payroll.FinalSettlements.lastGrossAmount
column,payroll.final_settlement.per_day_gross_amount,Payroll.FinalSettlements.perDayGrossAmount
column,payroll.final_settlement.per_day_basic_amount,Payroll.FinalSettlements.perDayBasicAmount
column,payroll.final_settlement.earnings_amount,Payroll.FinalSettlements.earningsAmount
column,payroll.final_settlement.deduction_amount,Payroll.FinalSettlements.deductionAmount
column,payroll.final_settlement.net_amount,Payroll.FinalSettlements.netAmount
column,payroll.final_settlement.net_amount_words,Payroll.FinalSettlements.netAmountWords
column,payroll.final_settlement.pf_trust_balance_amount,Payroll.FinalSettlements.pfTrustBalanceAmount
column,payroll.final_settlement.employee_bank_id,Payroll.FinalSettlements.employeeBankId
column,payroll.final_settlement.pay_from_bank_account_id,Payroll.FinalSettlements.payFromBankAccountId
column,payroll.final_settlement.journal_entry_id,Payroll.FinalSettlements.journalEntryId
column,payroll.final_settlement.payment_journal_entry_id,Payroll.FinalSettlements.paymentJournalEntryId
column,payroll.final_settlement.prepared_by_user_id,Payroll.FinalSettlements.preparedByUserId
column,payroll.final_settlement.prepared_at,Payroll.FinalSettlements.preparedAt
column,payroll.final_settlement.approval_request_id,Payroll.FinalSettlements.approvalRequestId
column,payroll.final_settlement.approved_by_user_id,Payroll.FinalSettlements.approvedByUserId
column,payroll.final_settlement.approved_at,Payroll.FinalSettlements.approvedAt
column,payroll.final_settlement.paid_at,Payroll.FinalSettlements.paidAt
column,payroll.final_settlement.created_at,Payroll.FinalSettlements.createdAt
column,payroll.final_settlement.created_by,Payroll.FinalSettlements.createdBy
column,payroll.final_settlement.updated_at,Payroll.FinalSettlements.updatedAt
column,payroll.final_settlement.updated_by,Payroll.FinalSettlements.updatedBy
column,payroll.final_settlement.row_version,Payroll.FinalSettlements.rowVersion
table,payroll.loan,Payroll.LoansAndAdvances
column,payroll.loan.tenant_id,Payroll.LoansAndAdvances.tenantId
column,payroll.loan.doc_no,Payroll.LoansAndAdvances.docNo
column,payroll.loan.doc_date,Payroll.LoansAndAdvances.docDate
column,payroll.loan.employee_id,Payroll.LoansAndAdvances.employeeId
column,payroll.loan.loan_type,Payroll.LoansAndAdvances.loanType
column,payroll.loan.purpose_detail,Payroll.LoansAndAdvances.purposeDetail
column,payroll.loan.request_channel,Payroll.LoansAndAdvances.requestChannel
column,payroll.loan.requested_amount,Payroll.LoansAndAdvances.requestedAmount
column,payroll.loan.approved_amount,Payroll.LoansAndAdvances.approvedAmount
column,payroll.loan.installment_count,Payroll.LoansAndAdvances.installmentCount
column,payroll.loan.installment_amount,Payroll.LoansAndAdvances.installmentAmount
column,payroll.loan.first_deduction_month,Payroll.LoansAndAdvances.firstDeductionMonth
column,payroll.loan.markup_type,Payroll.LoansAndAdvances.markupType
column,payroll.loan.markup_rate,Payroll.LoansAndAdvances.markupRate
column,payroll.loan.gross_salary_snapshot,Payroll.LoansAndAdvances.grossSalarySnapshot
column,payroll.loan.installment_pct_of_gross,Payroll.LoansAndAdvances.installmentPctOfGross
column,payroll.loan.eligible_limit_amount,Payroll.LoansAndAdvances.eligibleLimitAmount
column,payroll.loan.pf_balance_snapshot,Payroll.LoansAndAdvances.pfBalanceSnapshot
column,payroll.loan.is_within_policy,Payroll.LoansAndAdvances.isWithinPolicy
column,payroll.loan.disbursement_date,Payroll.LoansAndAdvances.disbursementDate
column,payroll.loan.disbursed_from_bank_account_id,Payroll.LoansAndAdvances.disbursedFromBankAccountId
column,payroll.loan.disbursed_from_cash_account_id,Payroll.LoansAndAdvances.disbursedFromCashAccountId
column,payroll.loan.disbursement_journal_entry_id,Payroll.LoansAndAdvances.disbursementJournalEntryId
column,payroll.loan.recovered_amount,Payroll.LoansAndAdvances.recoveredAmount
column,payroll.loan.outstanding_amount,Payroll.LoansAndAdvances.outstandingAmount
column,payroll.loan.approval_request_id,Payroll.LoansAndAdvances.approvalRequestId
column,payroll.loan.decision_comment,Payroll.LoansAndAdvances.decisionComment
column,payroll.loan.approved_by_user_id,Payroll.LoansAndAdvances.approvedByUserId
column,payroll.loan.approved_at,Payroll.LoansAndAdvances.approvedAt
column,payroll.loan.closed_at,Payroll.LoansAndAdvances.closedAt
column,payroll.loan.created_at,Payroll.LoansAndAdvances.createdAt
column,payroll.loan.created_by,Payroll.LoansAndAdvances.createdBy
column,payroll.loan.updated_at,Payroll.LoansAndAdvances.updatedAt
column,payroll.loan.updated_by,Payroll.LoansAndAdvances.updatedBy
column,payroll.loan.row_version,Payroll.LoansAndAdvances.rowVersion
table,payroll.loan_installment,Payroll.LoanInstallments
column,payroll.loan_installment.tenant_id,Payroll.LoanInstallments.tenantId
column,payroll.loan_installment.loan_id,Payroll.LoanInstallments.loanId
column,payroll.loan_installment.installment_no,Payroll.LoanInstallments.installmentNo
column,payroll.loan_installment.installment_type,Payroll.LoanInstallments.installmentType
column,payroll.loan_installment.due_month,Payroll.LoanInstallments.dueMonth
column,payroll.loan_installment.balance_after,Payroll.LoanInstallments.balanceAfter
column,payroll.loan_installment.payroll_line_id,Payroll.LoanInstallments.payrollLineId
column,payroll.loan_installment.final_settlement_id,Payroll.LoanInstallments.finalSettlementId
column,payroll.loan_installment.recovered_at,Payroll.LoanInstallments.recoveredAt
column,payroll.loan_installment.created_at,Payroll.LoanInstallments.createdAt
column,payroll.loan_installment.created_by,Payroll.LoanInstallments.createdBy
column,payroll.loan_installment.updated_at,Payroll.LoanInstallments.updatedAt
column,payroll.loan_installment.updated_by,Payroll.LoanInstallments.updatedBy
column,payroll.loan_installment.row_version,Payroll.LoanInstallments.rowVersion
table,payroll.pay_group,Payroll.PayGroups
column,payroll.pay_group.tenant_id,Payroll.PayGroups.tenantId
column,payroll.pay_group.created_at,Payroll.PayGroups.createdAt
column,payroll.pay_group.created_by,Payroll.PayGroups.createdBy
column,payroll.pay_group.updated_at,Payroll.PayGroups.updatedAt
column,payroll.pay_group.updated_by,Payroll.PayGroups.updatedBy
column,payroll.pay_group.row_version,Payroll.PayGroups.rowVersion
column,payroll.pay_group.deleted_at,Payroll.PayGroups.deletedAt
table,payroll.payment_batch,Payroll.SalaryPaymentBatches
column,payroll.payment_batch.tenant_id,Payroll.SalaryPaymentBatches.tenantId
column,payroll.payment_batch.payroll_run_id,Payroll.SalaryPaymentBatches.payrollRunId
column,payroll.payment_batch.payment_method,Payroll.SalaryPaymentBatches.paymentMethod
column,payroll.payment_batch.bank_account_id,Payroll.SalaryPaymentBatches.bankAccountId
column,payroll.payment_batch.file_format,Payroll.SalaryPaymentBatches.fileFormat
column,payroll.payment_batch.employee_count,Payroll.SalaryPaymentBatches.employeeCount
column,payroll.payment_batch.total_amount,Payroll.SalaryPaymentBatches.totalAmount
column,payroll.payment_batch.instruction_ref,Payroll.SalaryPaymentBatches.instructionRef
column,payroll.payment_batch.value_date,Payroll.SalaryPaymentBatches.valueDate
column,payroll.payment_batch.file_attachment_id,Payroll.SalaryPaymentBatches.fileAttachmentId
column,payroll.payment_batch.advice_attachment_id,Payroll.SalaryPaymentBatches.adviceAttachmentId
column,payroll.payment_batch.generated_at,Payroll.SalaryPaymentBatches.generatedAt
column,payroll.payment_batch.sent_at,Payroll.SalaryPaymentBatches.sentAt
column,payroll.payment_batch.created_at,Payroll.SalaryPaymentBatches.createdAt
column,payroll.payment_batch.created_by,Payroll.SalaryPaymentBatches.createdBy
column,payroll.payment_batch.updated_at,Payroll.SalaryPaymentBatches.updatedAt
column,payroll.payment_batch.updated_by,Payroll.SalaryPaymentBatches.updatedBy
column,payroll.payment_batch.row_version,Payroll.SalaryPaymentBatches.rowVersion
table,payroll.payroll_input,Payroll.PayrollAdjustments
column,payroll.payroll_input.tenant_id,Payroll.PayrollAdjustments.tenantId
column,payroll.payroll_input.payroll_run_id,Payroll.PayrollAdjustments.payrollRunId
column,payroll.payroll_input.employee_id,Payroll.PayrollAdjustments.employeeId
column,payroll.payroll_input.component_id,Payroll.PayrollAdjustments.componentId
column,payroll.payroll_input.input_source,Payroll.PayrollAdjustments.inputSource
column,payroll.payroll_input.is_taxable,Payroll.PayrollAdjustments.isTaxable
column,payroll.payroll_input.source_doc_type,Payroll.PayrollAdjustments.sourceDocType
column,payroll.payroll_input.source_doc_id,Payroll.PayrollAdjustments.sourceDocId
column,payroll.payroll_input.created_at,Payroll.PayrollAdjustments.createdAt
column,payroll.payroll_input.created_by,Payroll.PayrollAdjustments.createdBy
column,payroll.payroll_input.updated_at,Payroll.PayrollAdjustments.updatedAt
column,payroll.payroll_input.updated_by,Payroll.PayrollAdjustments.updatedBy
column,payroll.payroll_input.row_version,Payroll.PayrollAdjustments.rowVersion
table,payroll.payroll_line,Payroll.PayrollRunLines
column,payroll.payroll_line.tenant_id,Payroll.PayrollRunLines.tenantId
column,payroll.payroll_line.payroll_run_id,Payroll.PayrollRunLines.payrollRunId
column,payroll.payroll_line.employee_id,Payroll.PayrollRunLines.employeeId
column,payroll.payroll_line.employee_salary_id,Payroll.PayrollRunLines.employeeSalaryId
column,payroll.payroll_line.branch_id,Payroll.PayrollRunLines.branchId
column,payroll.payroll_line.department_id,Payroll.PayrollRunLines.departmentId
column,payroll.payroll_line.grade_id,Payroll.PayrollRunLines.gradeId
column,payroll.payroll_line.cost_centre_id,Payroll.PayrollRunLines.costCentreId
column,payroll.payroll_line.structure_id,Payroll.PayrollRunLines.structureId
column,payroll.payroll_line.days_in_month,Payroll.PayrollRunLines.daysInMonth
column,payroll.payroll_line.paid_days,Payroll.PayrollRunLines.paidDays
column,payroll.payroll_line.lwp_days,Payroll.PayrollRunLines.lwpDays
column,payroll.payroll_line.leave_taken_days,Payroll.PayrollRunLines.leaveTakenDays
column,payroll.payroll_line.overtime_hours,Payroll.PayrollRunLines.overtimeHours
column,payroll.payroll_line.basic_amount,Payroll.PayrollRunLines.basicAmount
column,payroll.payroll_line.allowance_amount,Payroll.PayrollRunLines.allowanceAmount
column,payroll.payroll_line.gross_amount,Payroll.PayrollRunLines.grossAmount
column,payroll.payroll_line.tax_amount,Payroll.PayrollRunLines.taxAmount
column,payroll.payroll_line.eobi_amount,Payroll.PayrollRunLines.eobiAmount
column,payroll.payroll_line.pf_amount,Payroll.PayrollRunLines.pfAmount
column,payroll.payroll_line.loan_amount,Payroll.PayrollRunLines.loanAmount
column,payroll.payroll_line.other_deduction_amount,Payroll.PayrollRunLines.otherDeductionAmount
column,payroll.payroll_line.deduction_amount,Payroll.PayrollRunLines.deductionAmount
column,payroll.payroll_line.net_amount,Payroll.PayrollRunLines.netAmount
column,payroll.payroll_line.employer_eobi_amount,Payroll.PayrollRunLines.employerEobiAmount
column,payroll.payroll_line.employer_pessi_amount,Payroll.PayrollRunLines.employerPessiAmount
column,payroll.payroll_line.employer_pf_amount,Payroll.PayrollRunLines.employerPfAmount
column,payroll.payroll_line.gratuity_provision_amount,Payroll.PayrollRunLines.gratuityProvisionAmount
column,payroll.payroll_line.tax_status,Payroll.PayrollRunLines.taxStatus
column,payroll.payroll_line.projected_annual_salary,Payroll.PayrollRunLines.projectedAnnualSalary
column,payroll.payroll_line.annual_exempt_amount,Payroll.PayrollRunLines.annualExemptAmount
column,payroll.payroll_line.annual_taxable_income,Payroll.PayrollRunLines.annualTaxableIncome
column,payroll.payroll_line.annual_tax_liability,Payroll.PayrollRunLines.annualTaxLiability
column,payroll.payroll_line.tax_slab_id,Payroll.PayrollRunLines.taxSlabId
column,payroll.payroll_line.prev_net_amount,Payroll.PayrollRunLines.prevNetAmount
column,payroll.payroll_line.variance_pct,Payroll.PayrollRunLines.variancePct
column,payroll.payroll_line.is_new_joiner,Payroll.PayrollRunLines.isNewJoiner
column,payroll.payroll_line.is_revised,Payroll.PayrollRunLines.isRevised
column,payroll.payroll_line.variance_explanation,Payroll.PayrollRunLines.varianceExplanation
column,payroll.payroll_line.pay_mode,Payroll.PayrollRunLines.payMode
column,payroll.payroll_line.bank_name,Payroll.PayrollRunLines.bankName
column,payroll.payroll_line.iban_masked,Payroll.PayrollRunLines.ibanMasked
column,payroll.payroll_line.payment_batch_id,Payroll.PayrollRunLines.paymentBatchId
column,payroll.payroll_line.payment_ref,Payroll.PayrollRunLines.paymentRef
column,payroll.payroll_line.is_on_hold,Payroll.PayrollRunLines.isOnHold
column,payroll.payroll_line.hold_reason,Payroll.PayrollRunLines.holdReason
column,payroll.payroll_line.created_at,Payroll.PayrollRunLines.createdAt
column,payroll.payroll_line.created_by,Payroll.PayrollRunLines.createdBy
column,payroll.payroll_line.updated_at,Payroll.PayrollRunLines.updatedAt
column,payroll.payroll_line.updated_by,Payroll.PayrollRunLines.updatedBy
column,payroll.payroll_line.row_version,Payroll.PayrollRunLines.rowVersion
table,payroll.payroll_line_component,Payroll.PayrollRunLineComponents
column,payroll.payroll_line_component.tenant_id,Payroll.PayrollRunLineComponents.tenantId
column,payroll.payroll_line_component.payroll_line_id,Payroll.PayrollRunLineComponents.payrollLineId
column,payroll.payroll_line_component.component_id,Payroll.PayrollRunLineComponents.componentId
column,payroll.payroll_line_component.component_type,Payroll.PayrollRunLineComponents.componentType
column,payroll.payroll_line_component.basis_text,Payroll.PayrollRunLineComponents.basisText
column,payroll.payroll_line_component.is_taxable,Payroll.PayrollRunLineComponents.isTaxable
column,payroll.payroll_line_component.exempt_amount,Payroll.PayrollRunLineComponents.exemptAmount
column,payroll.payroll_line_component.loan_id,Payroll.PayrollRunLineComponents.loanId
column,payroll.payroll_line_component.payroll_input_id,Payroll.PayrollRunLineComponents.payrollInputId
column,payroll.payroll_line_component.show_on_payslip,Payroll.PayrollRunLineComponents.showOnPayslip
column,payroll.payroll_line_component.sort_order,Payroll.PayrollRunLineComponents.sortOrder
column,payroll.payroll_line_component.created_at,Payroll.PayrollRunLineComponents.createdAt
column,payroll.payroll_line_component.created_by,Payroll.PayrollRunLineComponents.createdBy
column,payroll.payroll_line_component.updated_at,Payroll.PayrollRunLineComponents.updatedAt
column,payroll.payroll_line_component.updated_by,Payroll.PayrollRunLineComponents.updatedBy
column,payroll.payroll_line_component.row_version,Payroll.PayrollRunLineComponents.rowVersion
table,payroll.payroll_run,Payroll.PayrollRuns
column,payroll.payroll_run.tenant_id,Payroll.PayrollRuns.tenantId
column,payroll.payroll_run.doc_no,Payroll.PayrollRuns.docNo
column,payroll.payroll_run.run_type,Payroll.PayrollRuns.runType
column,payroll.payroll_run.payroll_month,Payroll.PayrollRuns.payrollMonth
column,payroll.payroll_run.period_from,Payroll.PayrollRuns.periodFrom
column,payroll.payroll_run.period_to,Payroll.PayrollRuns.periodTo
column,payroll.payroll_run.pay_date,Payroll.PayrollRuns.payDate
column,payroll.payroll_run.attendance_cutoff_date,Payroll.PayrollRuns.attendanceCutoffDate
column,payroll.payroll_run.pay_group_id,Payroll.PayrollRuns.payGroupId
column,payroll.payroll_run.salary_payable_account_id,Payroll.PayrollRuns.salaryPayableAccountId
column,payroll.payroll_run.include_notice_period,Payroll.PayrollRuns.includeNoticePeriod
column,payroll.payroll_run.include_exited,Payroll.PayrollRuns.includeExited
column,payroll.payroll_run.working_days,Payroll.PayrollRuns.workingDays
column,payroll.payroll_run.public_holidays,Payroll.PayrollRuns.publicHolidays
column,payroll.payroll_run.employee_count,Payroll.PayrollRuns.employeeCount
column,payroll.payroll_run.gross_amount,Payroll.PayrollRuns.grossAmount
column,payroll.payroll_run.tax_amount,Payroll.PayrollRuns.taxAmount
column,payroll.payroll_run.eobi_employee_amount,Payroll.PayrollRuns.eobiEmployeeAmount
column,payroll.payroll_run.pf_employee_amount,Payroll.PayrollRuns.pfEmployeeAmount
column,payroll.payroll_run.loan_amount,Payroll.PayrollRuns.loanAmount
column,payroll.payroll_run.deduction_amount,Payroll.PayrollRuns.deductionAmount
column,payroll.payroll_run.net_amount,Payroll.PayrollRuns.netAmount
column,payroll.payroll_run.employer_contribution_amount,Payroll.PayrollRuns.employerContributionAmount
column,payroll.payroll_run.wizard_step,Payroll.PayrollRuns.wizardStep
column,payroll.payroll_run.inputs_frozen_at,Payroll.PayrollRuns.inputsFrozenAt
column,payroll.payroll_run.calculated_at,Payroll.PayrollRuns.calculatedAt
column,payroll.payroll_run.prepared_by_user_id,Payroll.PayrollRuns.preparedByUserId
column,payroll.payroll_run.prepared_at,Payroll.PayrollRuns.preparedAt
column,payroll.payroll_run.checked_by_user_id,Payroll.PayrollRuns.checkedByUserId
column,payroll.payroll_run.checked_at,Payroll.PayrollRuns.checkedAt
column,payroll.payroll_run.approval_request_id,Payroll.PayrollRuns.approvalRequestId
column,payroll.payroll_run.approved_by_user_id,Payroll.PayrollRuns.approvedByUserId
column,payroll.payroll_run.approved_at,Payroll.PayrollRuns.approvedAt
column,payroll.payroll_run.posted_by_user_id,Payroll.PayrollRuns.postedByUserId
column,payroll.payroll_run.posted_at,Payroll.PayrollRuns.postedAt
column,payroll.payroll_run.paid_at,Payroll.PayrollRuns.paidAt
column,payroll.payroll_run.fiscal_period_id,Payroll.PayrollRuns.fiscalPeriodId
column,payroll.payroll_run.journal_entry_id,Payroll.PayrollRuns.journalEntryId
column,payroll.payroll_run.reversal_journal_entry_id,Payroll.PayrollRuns.reversalJournalEntryId
column,payroll.payroll_run.email_payslips,Payroll.PayrollRuns.emailPayslips
column,payroll.payroll_run.publish_to_ess,Payroll.PayrollRuns.publishToEss
column,payroll.payroll_run.sms_net_pay_alert,Payroll.PayrollRuns.smsNetPayAlert
column,payroll.payroll_run.create_deposit_reminders,Payroll.PayrollRuns.createDepositReminders
column,payroll.payroll_run.created_at,Payroll.PayrollRuns.createdAt
column,payroll.payroll_run.created_by,Payroll.PayrollRuns.createdBy
column,payroll.payroll_run.updated_at,Payroll.PayrollRuns.updatedAt
column,payroll.payroll_run.updated_by,Payroll.PayrollRuns.updatedBy
column,payroll.payroll_run.row_version,Payroll.PayrollRuns.rowVersion
table,payroll.payroll_run_branch,Payroll.PayrollRunBranches
column,payroll.payroll_run_branch.tenant_id,Payroll.PayrollRunBranches.tenantId
column,payroll.payroll_run_branch.payroll_run_id,Payroll.PayrollRunBranches.payrollRunId
column,payroll.payroll_run_branch.branch_id,Payroll.PayrollRunBranches.branchId
column,payroll.payroll_run_branch.employee_count,Payroll.PayrollRunBranches.employeeCount
column,payroll.payroll_run_branch.is_included,Payroll.PayrollRunBranches.isIncluded
column,payroll.payroll_run_branch.created_at,Payroll.PayrollRunBranches.createdAt
column,payroll.payroll_run_branch.created_by,Payroll.PayrollRunBranches.createdBy
column,payroll.payroll_run_branch.updated_at,Payroll.PayrollRunBranches.updatedAt
column,payroll.payroll_run_branch.updated_by,Payroll.PayrollRunBranches.updatedBy
column,payroll.payroll_run_branch.row_version,Payroll.PayrollRunBranches.rowVersion
table,payroll.payslip,Payroll.Payslips
column,payroll.payslip.tenant_id,Payroll.Payslips.tenantId
column,payroll.payslip.doc_no,Payroll.Payslips.docNo
column,payroll.payslip.payroll_run_id,Payroll.Payslips.payrollRunId
column,payroll.payslip.payroll_line_id,Payroll.Payslips.payrollLineId
column,payroll.payslip.employee_id,Payroll.Payslips.employeeId
column,payroll.payslip.payroll_month,Payroll.Payslips.payrollMonth
column,payroll.payslip.gross_amount,Payroll.Payslips.grossAmount
column,payroll.payslip.deduction_amount,Payroll.Payslips.deductionAmount
column,payroll.payslip.net_amount,Payroll.Payslips.netAmount
column,payroll.payslip.net_amount_words,Payroll.Payslips.netAmountWords
column,payroll.payslip.generated_at,Payroll.Payslips.generatedAt
column,payroll.payslip.published_to_ess_at,Payroll.Payslips.publishedToEssAt
column,payroll.payslip.email_to,Payroll.Payslips.emailTo
column,payroll.payslip.emailed_at,Payroll.Payslips.emailedAt
column,payroll.payslip.email_count,Payroll.Payslips.emailCount
column,payroll.payslip.bounce_reason,Payroll.Payslips.bounceReason
column,payroll.payslip.viewed_at,Payroll.Payslips.viewedAt
column,payroll.payslip.printed_at,Payroll.Payslips.printedAt
column,payroll.payslip.hold_reason,Payroll.Payslips.holdReason
column,payroll.payslip.is_password_protected,Payroll.Payslips.isPasswordProtected
column,payroll.payslip.pdf_attachment_id,Payroll.Payslips.pdfAttachmentId
column,payroll.payslip.share_token,Payroll.Payslips.shareToken
column,payroll.payslip.share_expires_at,Payroll.Payslips.shareExpiresAt
column,payroll.payslip.created_at,Payroll.Payslips.createdAt
column,payroll.payslip.created_by,Payroll.Payslips.createdBy
column,payroll.payslip.updated_at,Payroll.Payslips.updatedAt
column,payroll.payslip.updated_by,Payroll.Payslips.updatedBy
column,payroll.payslip.row_version,Payroll.Payslips.rowVersion
table,payroll.run_checklist_item,Payroll.PayrollRunChecklistItems
column,payroll.run_checklist_item.tenant_id,Payroll.PayrollRunChecklistItems.tenantId
column,payroll.run_checklist_item.payroll_run_id,Payroll.PayrollRunChecklistItems.payrollRunId
column,payroll.run_checklist_item.item_key,Payroll.PayrollRunChecklistItems.itemKey
column,payroll.run_checklist_item.sort_order,Payroll.PayrollRunChecklistItems.sortOrder
column,payroll.run_checklist_item.is_done,Payroll.PayrollRunChecklistItems.isDone
column,payroll.run_checklist_item.done_by_user_id,Payroll.PayrollRunChecklistItems.doneByUserId
column,payroll.run_checklist_item.done_at,Payroll.PayrollRunChecklistItems.doneAt
column,payroll.run_checklist_item.created_at,Payroll.PayrollRunChecklistItems.createdAt
column,payroll.run_checklist_item.created_by,Payroll.PayrollRunChecklistItems.createdBy
column,payroll.run_checklist_item.updated_at,Payroll.PayrollRunChecklistItems.updatedAt
column,payroll.run_checklist_item.updated_by,Payroll.PayrollRunChecklistItems.updatedBy
column,payroll.run_checklist_item.row_version,Payroll.PayrollRunChecklistItems.rowVersion
table,payroll.salary_component,Payroll.SalaryComponents
column,payroll.salary_component.tenant_id,Payroll.SalaryComponents.tenantId
column,payroll.salary_component.component_type,Payroll.SalaryComponents.componentType
column,payroll.salary_component.calc_method,Payroll.SalaryComponents.calcMethod
column,payroll.salary_component.base_basis,Payroll.SalaryComponents.baseBasis
column,payroll.salary_component.base_component_id,Payroll.SalaryComponents.baseComponentId
column,payroll.salary_component.fixed_amount,Payroll.SalaryComponents.fixedAmount
column,payroll.salary_component.wage_ceiling,Payroll.SalaryComponents.wageCeiling
column,payroll.salary_component.calc_description,Payroll.SalaryComponents.calcDescription
column,payroll.salary_component.debit_account_id,Payroll.SalaryComponents.debitAccountId
column,payroll.salary_component.credit_account_id,Payroll.SalaryComponents.creditAccountId
column,payroll.salary_component.tax_treatment,Payroll.SalaryComponents.taxTreatment
column,payroll.salary_component.exempt_limit_percent_of_basic,Payroll.SalaryComponents.exemptLimitPercentOfBasic
column,payroll.salary_component.exempt_limit_annual_amount,Payroll.SalaryComponents.exemptLimitAnnualAmount
column,payroll.salary_component.prorate_on_paid_days,Payroll.SalaryComponents.prorateOnPaidDays
column,payroll.salary_component.show_on_payslip,Payroll.SalaryComponents.showOnPayslip
column,payroll.salary_component.include_in_gratuity_base,Payroll.SalaryComponents.includeInGratuityBase
column,payroll.salary_component.include_in_eobi_wage,Payroll.SalaryComponents.includeInEobiWage
column,payroll.salary_component.system_role,Payroll.SalaryComponents.systemRole
column,payroll.salary_component.sort_order,Payroll.SalaryComponents.sortOrder
column,payroll.salary_component.created_at,Payroll.SalaryComponents.createdAt
column,payroll.salary_component.created_by,Payroll.SalaryComponents.createdBy
column,payroll.salary_component.updated_at,Payroll.SalaryComponents.updatedAt
column,payroll.salary_component.updated_by,Payroll.SalaryComponents.updatedBy
column,payroll.salary_component.row_version,Payroll.SalaryComponents.rowVersion
column,payroll.salary_component.deleted_at,Payroll.SalaryComponents.deletedAt
table,payroll.salary_structure,Payroll.SalaryStructures
column,payroll.salary_structure.tenant_id,Payroll.SalaryStructures.tenantId
column,payroll.salary_structure.structure_kind,Payroll.SalaryStructures.structureKind
column,payroll.salary_structure.grade_id,Payroll.SalaryStructures.gradeId
column,payroll.salary_structure.basic_min,Payroll.SalaryStructures.basicMin
column,payroll.salary_structure.basic_max,Payroll.SalaryStructures.basicMax
column,payroll.salary_structure.gross_mid,Payroll.SalaryStructures.grossMid
column,payroll.salary_structure.commission_cap_percent_of_basic,Payroll.SalaryStructures.commissionCapPercentOfBasic
column,payroll.salary_structure.effective_from,Payroll.SalaryStructures.effectiveFrom
column,payroll.salary_structure.copied_from_structure_id,Payroll.SalaryStructures.copiedFromStructureId
column,payroll.salary_structure.created_at,Payroll.SalaryStructures.createdAt
column,payroll.salary_structure.created_by,Payroll.SalaryStructures.createdBy
column,payroll.salary_structure.updated_at,Payroll.SalaryStructures.updatedAt
column,payroll.salary_structure.updated_by,Payroll.SalaryStructures.updatedBy
column,payroll.salary_structure.row_version,Payroll.SalaryStructures.rowVersion
column,payroll.salary_structure.deleted_at,Payroll.SalaryStructures.deletedAt
table,payroll.salary_structure_component,Payroll.SalaryStructureComponents
column,payroll.salary_structure_component.tenant_id,Payroll.SalaryStructureComponents.tenantId
column,payroll.salary_structure_component.structure_id,Payroll.SalaryStructureComponents.structureId
column,payroll.salary_structure_component.component_id,Payroll.SalaryStructureComponents.componentId
column,payroll.salary_structure_component.calc_method,Payroll.SalaryStructureComponents.calcMethod
column,payroll.salary_structure_component.fixed_amount,Payroll.SalaryStructureComponents.fixedAmount
column,payroll.salary_structure_component.display_text,Payroll.SalaryStructureComponents.displayText
column,payroll.salary_structure_component.sort_order,Payroll.SalaryStructureComponents.sortOrder
column,payroll.salary_structure_component.created_at,Payroll.SalaryStructureComponents.createdAt
column,payroll.salary_structure_component.created_by,Payroll.SalaryStructureComponents.createdBy
column,payroll.salary_structure_component.updated_at,Payroll.SalaryStructureComponents.updatedAt
column,payroll.salary_structure_component.updated_by,Payroll.SalaryStructureComponents.updatedBy
column,payroll.salary_structure_component.row_version,Payroll.SalaryStructureComponents.rowVersion
table,payroll.salary_tax_slab,Payroll.SalaryTaxSlabs
column,payroll.salary_tax_slab.tenant_id,Payroll.SalaryTaxSlabs.tenantId
column,payroll.salary_tax_slab.tax_year,Payroll.SalaryTaxSlabs.taxYear
column,payroll.salary_tax_slab.slab_no,Payroll.SalaryTaxSlabs.slabNo
column,payroll.salary_tax_slab.income_from,Payroll.SalaryTaxSlabs.incomeFrom
column,payroll.salary_tax_slab.income_to,Payroll.SalaryTaxSlabs.incomeTo
column,payroll.salary_tax_slab.fixed_tax,Payroll.SalaryTaxSlabs.fixedTax
column,payroll.salary_tax_slab.rate_percent,Payroll.SalaryTaxSlabs.ratePercent
column,payroll.salary_tax_slab.source_master_id,Payroll.SalaryTaxSlabs.sourceMasterId
column,payroll.salary_tax_slab.created_at,Payroll.SalaryTaxSlabs.createdAt
column,payroll.salary_tax_slab.created_by,Payroll.SalaryTaxSlabs.createdBy
column,payroll.salary_tax_slab.updated_at,Payroll.SalaryTaxSlabs.updatedAt
column,payroll.salary_tax_slab.updated_by,Payroll.SalaryTaxSlabs.updatedBy
column,payroll.salary_tax_slab.row_version,Payroll.SalaryTaxSlabs.rowVersion
table,payroll.settlement_component,Payroll.FinalSettlementLines
column,payroll.settlement_component.tenant_id,Payroll.FinalSettlementLines.tenantId
column,payroll.settlement_component.settlement_id,Payroll.FinalSettlementLines.settlementId
column,payroll.settlement_component.line_no,Payroll.FinalSettlementLines.lineNo
column,payroll.settlement_component.component_kind,Payroll.FinalSettlementLines.componentKind
column,payroll.settlement_component.basis_text,Payroll.FinalSettlementLines.basisText
column,payroll.settlement_component.taxable_amount,Payroll.FinalSettlementLines.taxableAmount
column,payroll.settlement_component.component_id,Payroll.FinalSettlementLines.componentId
column,payroll.settlement_component.loan_id,Payroll.FinalSettlementLines.loanId
column,payroll.settlement_component.account_id,Payroll.FinalSettlementLines.accountId
column,payroll.settlement_component.created_at,Payroll.FinalSettlementLines.createdAt
column,payroll.settlement_component.created_by,Payroll.FinalSettlementLines.createdBy
column,payroll.settlement_component.updated_at,Payroll.FinalSettlementLines.updatedAt
column,payroll.settlement_component.updated_by,Payroll.FinalSettlementLines.updatedBy
column,payroll.settlement_component.row_version,Payroll.FinalSettlementLines.rowVersion
table,payroll.structure_commission_tier,Payroll.SalaryStructureCommissionTiers
column,payroll.structure_commission_tier.tenant_id,Payroll.SalaryStructureCommissionTiers.tenantId
column,payroll.structure_commission_tier.structure_id,Payroll.SalaryStructureCommissionTiers.structureId
column,payroll.structure_commission_tier.achievement_from_pct,Payroll.SalaryStructureCommissionTiers.achievementFromPct
column,payroll.structure_commission_tier.achievement_to_pct,Payroll.SalaryStructureCommissionTiers.achievementToPct
column,payroll.structure_commission_tier.commission_rate_pct,Payroll.SalaryStructureCommissionTiers.commissionRatePct
column,payroll.structure_commission_tier.created_at,Payroll.SalaryStructureCommissionTiers.createdAt
column,payroll.structure_commission_tier.created_by,Payroll.SalaryStructureCommissionTiers.createdBy
column,payroll.structure_commission_tier.updated_at,Payroll.SalaryStructureCommissionTiers.updatedAt
column,payroll.structure_commission_tier.updated_by,Payroll.SalaryStructureCommissionTiers.updatedBy
column,payroll.structure_commission_tier.row_version,Payroll.SalaryStructureCommissionTiers.rowVersion
table,payroll.tax_declaration,Payroll.TaxDeclarations
column,payroll.tax_declaration.tenant_id,Payroll.TaxDeclarations.tenantId
column,payroll.tax_declaration.employee_id,Payroll.TaxDeclarations.employeeId
column,payroll.tax_declaration.tax_year,Payroll.TaxDeclarations.taxYear
column,payroll.tax_declaration.declaration_type,Payroll.TaxDeclarations.declarationType
column,payroll.tax_declaration.ito_section,Payroll.TaxDeclarations.itoSection
column,payroll.tax_declaration.relief_kind,Payroll.TaxDeclarations.reliefKind
column,payroll.tax_declaration.paid_to,Payroll.TaxDeclarations.paidTo
column,payroll.tax_declaration.proof_attachment_id,Payroll.TaxDeclarations.proofAttachmentId
column,payroll.tax_declaration.proof_due_date,Payroll.TaxDeclarations.proofDueDate
column,payroll.tax_declaration.estimated_tax_saving,Payroll.TaxDeclarations.estimatedTaxSaving
column,payroll.tax_declaration.submitted_at,Payroll.TaxDeclarations.submittedAt
column,payroll.tax_declaration.verified_by_user_id,Payroll.TaxDeclarations.verifiedByUserId
column,payroll.tax_declaration.verified_at,Payroll.TaxDeclarations.verifiedAt
column,payroll.tax_declaration.rejection_reason,Payroll.TaxDeclarations.rejectionReason
column,payroll.tax_declaration.effective_from_month,Payroll.TaxDeclarations.effectiveFromMonth
column,payroll.tax_declaration.created_at,Payroll.TaxDeclarations.createdAt
column,payroll.tax_declaration.created_by,Payroll.TaxDeclarations.createdBy
column,payroll.tax_declaration.updated_at,Payroll.TaxDeclarations.updatedAt
column,payroll.tax_declaration.updated_by,Payroll.TaxDeclarations.updatedBy
column,payroll.tax_declaration.row_version,Payroll.TaxDeclarations.rowVersion
table,platform.addon,Platform.Addons
column,platform.addon.billing_unit,Platform.Addons.billingUnit
column,platform.addon.usage_price,Platform.Addons.usagePrice
column,platform.addon.usage_unit,Platform.Addons.usageUnit
column,platform.addon.platform_module_id,Platform.Addons.platformModuleId
column,platform.addon.is_active,Platform.Addons.isActive
column,platform.addon.created_at,Platform.Addons.createdAt
column,platform.addon.created_by,Platform.Addons.createdBy
column,platform.addon.updated_at,Platform.Addons.updatedAt
column,platform.addon.updated_by,Platform.Addons.updatedBy
column,platform.addon.row_version,Platform.Addons.rowVersion
column,platform.addon.deleted_at,Platform.Addons.deletedAt
table,platform.addon_plan,Platform.AddonPlans
column,platform.addon_plan.addon_id,Platform.AddonPlans.addonId
column,platform.addon_plan.plan_id,Platform.AddonPlans.planId
column,platform.addon_plan.created_at,Platform.AddonPlans.createdAt
column,platform.addon_plan.created_by,Platform.AddonPlans.createdBy
column,platform.addon_plan.updated_at,Platform.AddonPlans.updatedAt
column,platform.addon_plan.updated_by,Platform.AddonPlans.updatedBy
column,platform.addon_plan.row_version,Platform.AddonPlans.rowVersion
table,platform.announcement,Platform.Announcements
column,platform.announcement.announcement_type,Platform.Announcements.announcementType
column,platform.announcement.release_label,Platform.Announcements.releaseLabel
column,platform.announcement.publish_at,Platform.Announcements.publishAt
column,platform.announcement.show_banner,Platform.Announcements.showBanner
column,platform.announcement.email_admins,Platform.Announcements.emailAdmins
column,platform.announcement.view_count,Platform.Announcements.viewCount
column,platform.announcement.click_count,Platform.Announcements.clickCount
column,platform.announcement.maintenance_window_id,Platform.Announcements.maintenanceWindowId
column,platform.announcement.created_at,Platform.Announcements.createdAt
column,platform.announcement.created_by,Platform.Announcements.createdBy
column,platform.announcement.updated_at,Platform.Announcements.updatedAt
column,platform.announcement.updated_by,Platform.Announcements.updatedBy
column,platform.announcement.row_version,Platform.Announcements.rowVersion
table,platform.announcement_target,Platform.AnnouncementTargets
column,platform.announcement_target.announcement_id,Platform.AnnouncementTargets.announcementId
column,platform.announcement_target.plan_id,Platform.AnnouncementTargets.planId
column,platform.announcement_target.module_key,Platform.AnnouncementTargets.moduleKey
column,platform.announcement_target.tenant_id,Platform.AnnouncementTargets.tenantId
column,platform.announcement_target.created_at,Platform.AnnouncementTargets.createdAt
column,platform.announcement_target.created_by,Platform.AnnouncementTargets.createdBy
column,platform.announcement_target.updated_at,Platform.AnnouncementTargets.updatedAt
column,platform.announcement_target.updated_by,Platform.AnnouncementTargets.updatedBy
column,platform.announcement_target.row_version,Platform.AnnouncementTargets.rowVersion
table,platform.api_key,Platform.PlatformApiKeys
column,platform.api_key.tenant_id,Platform.PlatformApiKeys.tenantId
column,platform.api_key.key_prefix,Platform.PlatformApiKeys.keyPrefix
column,platform.api_key.key_hash,Platform.PlatformApiKeys.keyHash
column,platform.api_key.key_last4,Platform.PlatformApiKeys.keyLast4
column,platform.api_key.allowed_cidrs,Platform.PlatformApiKeys.allowedCidrs
column,platform.api_key.expires_at,Platform.PlatformApiKeys.expiresAt
column,platform.api_key.last_used_at,Platform.PlatformApiKeys.lastUsedAt
column,platform.api_key.previous_key_hash,Platform.PlatformApiKeys.previousKeyHash
column,platform.api_key.previous_valid_until,Platform.PlatformApiKeys.previousValidUntil
column,platform.api_key.rotated_at,Platform.PlatformApiKeys.rotatedAt
column,platform.api_key.revoked_at,Platform.PlatformApiKeys.revokedAt
column,platform.api_key.revoked_by_staff_id,Platform.PlatformApiKeys.revokedByStaffId
column,platform.api_key.created_at,Platform.PlatformApiKeys.createdAt
column,platform.api_key.created_by,Platform.PlatformApiKeys.createdBy
column,platform.api_key.updated_at,Platform.PlatformApiKeys.updatedAt
column,platform.api_key.updated_by,Platform.PlatformApiKeys.updatedBy
column,platform.api_key.row_version,Platform.PlatformApiKeys.rowVersion
table,platform.audit_alert_rule,Platform.AuditAlertRules
column,platform.audit_alert_rule.action_pattern,Platform.AuditAlertRules.actionPattern
column,platform.audit_alert_rule.result_filter,Platform.AuditAlertRules.resultFilter
column,platform.audit_alert_rule.threshold_count,Platform.AuditAlertRules.thresholdCount
column,platform.audit_alert_rule.window_minutes,Platform.AuditAlertRules.windowMinutes
column,platform.audit_alert_rule.is_active,Platform.AuditAlertRules.isActive
column,platform.audit_alert_rule.created_at,Platform.AuditAlertRules.createdAt
column,platform.audit_alert_rule.created_by,Platform.AuditAlertRules.createdBy
column,platform.audit_alert_rule.updated_at,Platform.AuditAlertRules.updatedAt
column,platform.audit_alert_rule.updated_by,Platform.AuditAlertRules.updatedBy
column,platform.audit_alert_rule.row_version,Platform.AuditAlertRules.rowVersion
table,platform.audit_log,Platform.PlatformAuditLogs
column,platform.audit_log.occurred_at,Platform.PlatformAuditLogs.occurredAt
column,platform.audit_log.staff_user_id,Platform.PlatformAuditLogs.staffUserId
column,platform.audit_log.actor_label,Platform.PlatformAuditLogs.actorLabel
column,platform.audit_log.tenant_id,Platform.PlatformAuditLogs.tenantId
column,platform.audit_log.ip_address,Platform.PlatformAuditLogs.ipAddress
column,platform.audit_log.actor_detail,Platform.PlatformAuditLogs.actorDetail
column,platform.audit_log.event_hash,Platform.PlatformAuditLogs.eventHash
table,platform.backup_run,Platform.BackupRuns
column,platform.backup_run.backup_type,Platform.BackupRuns.backupType
column,platform.backup_run.tenant_id,Platform.BackupRuns.tenantId
column,platform.backup_run.export_format,Platform.BackupRuns.exportFormat
column,platform.backup_run.started_at,Platform.BackupRuns.startedAt
column,platform.backup_run.finished_at,Platform.BackupRuns.finishedAt
column,platform.backup_run.size_bytes,Platform.BackupRuns.sizeBytes
column,platform.backup_run.failure_message,Platform.BackupRuns.failureMessage
column,platform.backup_run.retry_of_id,Platform.BackupRuns.retryOfId
column,platform.backup_run.retention_until,Platform.BackupRuns.retentionUntil
column,platform.backup_run.download_expires_at,Platform.BackupRuns.downloadExpiresAt
column,platform.backup_run.notify_owner,Platform.BackupRuns.notifyOwner
column,platform.backup_run.requested_by_staff_id,Platform.BackupRuns.requestedByStaffId
column,platform.backup_run.created_at,Platform.BackupRuns.createdAt
column,platform.backup_run.created_by,Platform.BackupRuns.createdBy
column,platform.backup_run.updated_at,Platform.BackupRuns.updatedAt
column,platform.backup_run.updated_by,Platform.BackupRuns.updatedBy
column,platform.backup_run.row_version,Platform.BackupRuns.rowVersion
table,platform.coa_template,Platform.ChartOfAccountsTemplates
column,platform.coa_template.created_at,Platform.ChartOfAccountsTemplates.createdAt
column,platform.coa_template.created_by,Platform.ChartOfAccountsTemplates.createdBy
column,platform.coa_template.updated_at,Platform.ChartOfAccountsTemplates.updatedAt
column,platform.coa_template.updated_by,Platform.ChartOfAccountsTemplates.updatedBy
column,platform.coa_template.row_version,Platform.ChartOfAccountsTemplates.rowVersion
table,platform.coa_template_account,Platform.ChartOfAccountsTemplateAccounts
column,platform.coa_template_account.template_id,Platform.ChartOfAccountsTemplateAccounts.templateId
column,platform.coa_template_account.parent_code,Platform.ChartOfAccountsTemplateAccounts.parentCode
column,platform.coa_template_account.account_class,Platform.ChartOfAccountsTemplateAccounts.accountClass
column,platform.coa_template_account.sub_type,Platform.ChartOfAccountsTemplateAccounts.subType
column,platform.coa_template_account.is_postable,Platform.ChartOfAccountsTemplateAccounts.isPostable
column,platform.coa_template_account.default_role,Platform.ChartOfAccountsTemplateAccounts.defaultRole
column,platform.coa_template_account.created_at,Platform.ChartOfAccountsTemplateAccounts.createdAt
column,platform.coa_template_account.created_by,Platform.ChartOfAccountsTemplateAccounts.createdBy
column,platform.coa_template_account.updated_at,Platform.ChartOfAccountsTemplateAccounts.updatedAt
column,platform.coa_template_account.updated_by,Platform.ChartOfAccountsTemplateAccounts.updatedBy
column,platform.coa_template_account.row_version,Platform.ChartOfAccountsTemplateAccounts.rowVersion
table,platform.comm_broadcast,Platform.TenantBroadcasts
column,platform.comm_broadcast.comm_template_id,Platform.TenantBroadcasts.commTemplateId
column,platform.comm_broadcast.audience_value,Platform.TenantBroadcasts.audienceValue
column,platform.comm_broadcast.segment_id,Platform.TenantBroadcasts.segmentId
column,platform.comm_broadcast.tenant_ids,Platform.TenantBroadcasts.tenantIds
column,platform.comm_broadcast.language_mode,Platform.TenantBroadcasts.languageMode
column,platform.comm_broadcast.message_override,Platform.TenantBroadcasts.messageOverride
column,platform.comm_broadcast.scheduled_at,Platform.TenantBroadcasts.scheduledAt
column,platform.comm_broadcast.recipients_count,Platform.TenantBroadcasts.recipientsCount
column,platform.comm_broadcast.estimated_sms_cost,Platform.TenantBroadcasts.estimatedSmsCost
column,platform.comm_broadcast.sent_by_staff_id,Platform.TenantBroadcasts.sentByStaffId
column,platform.comm_broadcast.created_at,Platform.TenantBroadcasts.createdAt
column,platform.comm_broadcast.created_by,Platform.TenantBroadcasts.createdBy
column,platform.comm_broadcast.updated_at,Platform.TenantBroadcasts.updatedAt
column,platform.comm_broadcast.updated_by,Platform.TenantBroadcasts.updatedBy
column,platform.comm_broadcast.row_version,Platform.TenantBroadcasts.rowVersion
table,platform.comm_log,Platform.CommunicationLogs
column,platform.comm_log.comm_template_id,Platform.CommunicationLogs.commTemplateId
column,platform.comm_log.comm_broadcast_id,Platform.CommunicationLogs.commBroadcastId
column,platform.comm_log.tenant_id,Platform.CommunicationLogs.tenantId
column,platform.comm_log.provider_message_id,Platform.CommunicationLogs.providerMessageId
column,platform.comm_log.error_message,Platform.CommunicationLogs.errorMessage
column,platform.comm_log.sent_at,Platform.CommunicationLogs.sentAt
column,platform.comm_log.delivered_at,Platform.CommunicationLogs.deliveredAt
column,platform.comm_log.opened_at,Platform.CommunicationLogs.openedAt
column,platform.comm_log.cost_amount,Platform.CommunicationLogs.costAmount
column,platform.comm_log.is_test,Platform.CommunicationLogs.isTest
column,platform.comm_log.retry_of_id,Platform.CommunicationLogs.retryOfId
column,platform.comm_log.related_doc_type,Platform.CommunicationLogs.relatedDocType
column,platform.comm_log.related_doc_id,Platform.CommunicationLogs.relatedDocId
column,platform.comm_log.created_at,Platform.CommunicationLogs.createdAt
column,platform.comm_log.created_by,Platform.CommunicationLogs.createdBy
column,platform.comm_log.updated_at,Platform.CommunicationLogs.updatedAt
column,platform.comm_log.updated_by,Platform.CommunicationLogs.updatedBy
column,platform.comm_log.row_version,Platform.CommunicationLogs.rowVersion
table,platform.comm_template,Platform.CommunicationTemplates
column,platform.comm_template.subject_en,Platform.CommunicationTemplates.subjectEn
column,platform.comm_template.body_en,Platform.CommunicationTemplates.bodyEn
column,platform.comm_template.subject_ur,Platform.CommunicationTemplates.subjectUr
column,platform.comm_template.body_ur,Platform.CommunicationTemplates.bodyUr
column,platform.comm_template.is_active,Platform.CommunicationTemplates.isActive
column,platform.comm_template.created_at,Platform.CommunicationTemplates.createdAt
column,platform.comm_template.created_by,Platform.CommunicationTemplates.createdBy
column,platform.comm_template.updated_at,Platform.CommunicationTemplates.updatedAt
column,platform.comm_template.updated_by,Platform.CommunicationTemplates.updatedBy
column,platform.comm_template.row_version,Platform.CommunicationTemplates.rowVersion
table,platform.coupon,Platform.SubscriptionCoupons
column,platform.coupon.discount_type,Platform.SubscriptionCoupons.discountType
column,platform.coupon.discount_value,Platform.SubscriptionCoupons.discountValue
column,platform.coupon.redemption_cap,Platform.SubscriptionCoupons.redemptionCap
column,platform.coupon.starts_on,Platform.SubscriptionCoupons.startsOn
column,platform.coupon.expires_on,Platform.SubscriptionCoupons.expiresOn
column,platform.coupon.new_customers_only,Platform.SubscriptionCoupons.newCustomersOnly
column,platform.coupon.stackable_with_partner,Platform.SubscriptionCoupons.stackableWithPartner
column,platform.coupon.partner_id,Platform.SubscriptionCoupons.partnerId
column,platform.coupon.created_at,Platform.SubscriptionCoupons.createdAt
column,platform.coupon.created_by,Platform.SubscriptionCoupons.createdBy
column,platform.coupon.updated_at,Platform.SubscriptionCoupons.updatedAt
column,platform.coupon.updated_by,Platform.SubscriptionCoupons.updatedBy
column,platform.coupon.row_version,Platform.SubscriptionCoupons.rowVersion
column,platform.coupon.deleted_at,Platform.SubscriptionCoupons.deletedAt
table,platform.coupon_plan,Platform.SubscriptionCouponPlans
column,platform.coupon_plan.coupon_id,Platform.SubscriptionCouponPlans.couponId
column,platform.coupon_plan.plan_id,Platform.SubscriptionCouponPlans.planId
column,platform.coupon_plan.created_at,Platform.SubscriptionCouponPlans.createdAt
column,platform.coupon_plan.created_by,Platform.SubscriptionCouponPlans.createdBy
column,platform.coupon_plan.updated_at,Platform.SubscriptionCouponPlans.updatedAt
column,platform.coupon_plan.updated_by,Platform.SubscriptionCouponPlans.updatedBy
column,platform.coupon_plan.row_version,Platform.SubscriptionCouponPlans.rowVersion
table,platform.coupon_redemption,Platform.SubscriptionCouponRedemptions
column,platform.coupon_redemption.coupon_id,Platform.SubscriptionCouponRedemptions.couponId
column,platform.coupon_redemption.tenant_id,Platform.SubscriptionCouponRedemptions.tenantId
column,platform.coupon_redemption.subscription_id,Platform.SubscriptionCouponRedemptions.subscriptionId
column,platform.coupon_redemption.first_invoice_id,Platform.SubscriptionCouponRedemptions.firstInvoiceId
column,platform.coupon_redemption.redeemed_at,Platform.SubscriptionCouponRedemptions.redeemedAt
column,platform.coupon_redemption.discount_per_invoice,Platform.SubscriptionCouponRedemptions.discountPerInvoice
column,platform.coupon_redemption.months_remaining,Platform.SubscriptionCouponRedemptions.monthsRemaining
column,platform.coupon_redemption.created_at,Platform.SubscriptionCouponRedemptions.createdAt
column,platform.coupon_redemption.created_by,Platform.SubscriptionCouponRedemptions.createdBy
column,platform.coupon_redemption.updated_at,Platform.SubscriptionCouponRedemptions.updatedAt
column,platform.coupon_redemption.updated_by,Platform.SubscriptionCouponRedemptions.updatedBy
column,platform.coupon_redemption.row_version,Platform.SubscriptionCouponRedemptions.rowVersion
table,platform.cr_approver,Platform.FlagChangeRequestApprovers
column,platform.cr_approver.change_request_id,Platform.FlagChangeRequestApprovers.changeRequestId
column,platform.cr_approver.staff_user_id,Platform.FlagChangeRequestApprovers.staffUserId
column,platform.cr_approver.decided_at,Platform.FlagChangeRequestApprovers.decidedAt
column,platform.cr_approver.created_at,Platform.FlagChangeRequestApprovers.createdAt
column,platform.cr_approver.created_by,Platform.FlagChangeRequestApprovers.createdBy
column,platform.cr_approver.updated_at,Platform.FlagChangeRequestApprovers.updatedAt
column,platform.cr_approver.updated_by,Platform.FlagChangeRequestApprovers.updatedBy
column,platform.cr_approver.row_version,Platform.FlagChangeRequestApprovers.rowVersion
table,platform.cr_comment,Platform.FlagChangeRequestComments
column,platform.cr_comment.change_request_id,Platform.FlagChangeRequestComments.changeRequestId
column,platform.cr_comment.staff_user_id,Platform.FlagChangeRequestComments.staffUserId
column,platform.cr_comment.posted_at,Platform.FlagChangeRequestComments.postedAt
column,platform.cr_comment.created_at,Platform.FlagChangeRequestComments.createdAt
column,platform.cr_comment.created_by,Platform.FlagChangeRequestComments.createdBy
column,platform.cr_comment.updated_at,Platform.FlagChangeRequestComments.updatedAt
column,platform.cr_comment.updated_by,Platform.FlagChangeRequestComments.updatedBy
column,platform.cr_comment.row_version,Platform.FlagChangeRequestComments.rowVersion
table,platform.doc_counter,Platform.PlatformDocumentCounters
column,platform.doc_counter.doc_type,Platform.PlatformDocumentCounters.docType
column,platform.doc_counter.period_key,Platform.PlatformDocumentCounters.periodKey
column,platform.doc_counter.next_value,Platform.PlatformDocumentCounters.nextValue
column,platform.doc_counter.updated_at,Platform.PlatformDocumentCounters.updatedAt
table,platform.dunning_attempt,Platform.DunningAttempts
column,platform.dunning_attempt.dunning_case_id,Platform.DunningAttempts.dunningCaseId
column,platform.dunning_attempt.attempt_no,Platform.DunningAttempts.attemptNo
column,platform.dunning_attempt.plan_day,Platform.DunningAttempts.planDay
column,platform.dunning_attempt.scheduled_at,Platform.DunningAttempts.scheduledAt
column,platform.dunning_attempt.attempted_at,Platform.DunningAttempts.attemptedAt
column,platform.dunning_attempt.triggered_by,Platform.DunningAttempts.triggeredBy
column,platform.dunning_attempt.platform_payment_id,Platform.DunningAttempts.platformPaymentId
column,platform.dunning_attempt.failure_reason,Platform.DunningAttempts.failureReason
column,platform.dunning_attempt.staff_user_id,Platform.DunningAttempts.staffUserId
column,platform.dunning_attempt.created_at,Platform.DunningAttempts.createdAt
column,platform.dunning_attempt.created_by,Platform.DunningAttempts.createdBy
column,platform.dunning_attempt.updated_at,Platform.DunningAttempts.updatedAt
column,platform.dunning_attempt.updated_by,Platform.DunningAttempts.updatedBy
column,platform.dunning_attempt.row_version,Platform.DunningAttempts.rowVersion
table,platform.dunning_case,Platform.DunningCases
column,platform.dunning_case.tenant_id,Platform.DunningCases.tenantId
column,platform.dunning_case.platform_invoice_id,Platform.DunningCases.platformInvoiceId
column,platform.dunning_case.dunning_policy_id,Platform.DunningCases.dunningPolicyId
column,platform.dunning_case.opened_at,Platform.DunningCases.openedAt
column,platform.dunning_case.amount_due,Platform.DunningCases.amountDue
column,platform.dunning_case.payment_method,Platform.DunningCases.paymentMethod
column,platform.dunning_case.attempts_count,Platform.DunningCases.attemptsCount
column,platform.dunning_case.last_failure_reason,Platform.DunningCases.lastFailureReason
column,platform.dunning_case.next_retry_at,Platform.DunningCases.nextRetryAt
column,platform.dunning_case.next_retry_method,Platform.DunningCases.nextRetryMethod
column,platform.dunning_case.retries_paused,Platform.DunningCases.retriesPaused
column,platform.dunning_case.promise_date,Platform.DunningCases.promiseDate
column,platform.dunning_case.promise_amount,Platform.DunningCases.promiseAmount
column,platform.dunning_case.promise_source,Platform.DunningCases.promiseSource
column,platform.dunning_case.promise_note,Platform.DunningCases.promiseNote
column,platform.dunning_case.promise_lift_read_only,Platform.DunningCases.promiseLiftReadOnly
column,platform.dunning_case.promise_remind_owner,Platform.DunningCases.promiseRemindOwner
column,platform.dunning_case.promise_logged_by_staff_id,Platform.DunningCases.promiseLoggedByStaffId
column,platform.dunning_case.recovered_at,Platform.DunningCases.recoveredAt
column,platform.dunning_case.recovered_payment_id,Platform.DunningCases.recoveredPaymentId
column,platform.dunning_case.closed_at,Platform.DunningCases.closedAt
column,platform.dunning_case.created_at,Platform.DunningCases.createdAt
column,platform.dunning_case.created_by,Platform.DunningCases.createdBy
column,platform.dunning_case.updated_at,Platform.DunningCases.updatedAt
column,platform.dunning_case.updated_by,Platform.DunningCases.updatedBy
column,platform.dunning_case.row_version,Platform.DunningCases.rowVersion
table,platform.dunning_policy,Platform.DunningPolicies
column,platform.dunning_policy.is_active,Platform.DunningPolicies.isActive
column,platform.dunning_policy.grace_days,Platform.DunningPolicies.graceDays
column,platform.dunning_policy.read_only_days,Platform.DunningPolicies.readOnlyDays
column,platform.dunning_policy.suspended_days,Platform.DunningPolicies.suspendedDays
column,platform.dunning_policy.archive_days,Platform.DunningPolicies.archiveDays
column,platform.dunning_policy.retry_hour,Platform.DunningPolicies.retryHour
column,platform.dunning_policy.salary_retry_days,Platform.DunningPolicies.salaryRetryDays
column,platform.dunning_policy.retry_schedule,Platform.DunningPolicies.retrySchedule
column,platform.dunning_policy.email_enabled,Platform.DunningPolicies.emailEnabled
column,platform.dunning_policy.email_offsets,Platform.DunningPolicies.emailOffsets
column,platform.dunning_policy.sms_enabled,Platform.DunningPolicies.smsEnabled
column,platform.dunning_policy.sms_offsets,Platform.DunningPolicies.smsOffsets
column,platform.dunning_policy.whatsapp_enabled,Platform.DunningPolicies.whatsappEnabled
column,platform.dunning_policy.whatsapp_offsets,Platform.DunningPolicies.whatsappOffsets
column,platform.dunning_policy.effective_from,Platform.DunningPolicies.effectiveFrom
column,platform.dunning_policy.created_at,Platform.DunningPolicies.createdAt
column,platform.dunning_policy.created_by,Platform.DunningPolicies.createdBy
column,platform.dunning_policy.updated_at,Platform.DunningPolicies.updatedAt
column,platform.dunning_policy.updated_by,Platform.DunningPolicies.updatedBy
column,platform.dunning_policy.row_version,Platform.DunningPolicies.rowVersion
table,platform.entitlement_change_log,Platform.EntitlementChangeLogs
column,platform.entitlement_change_log.change_set_id,Platform.EntitlementChangeLogs.changeSetId
column,platform.entitlement_change_log.change_kind,Platform.EntitlementChangeLogs.changeKind
column,platform.entitlement_change_log.plan_id,Platform.EntitlementChangeLogs.planId
column,platform.entitlement_change_log.platform_module_id,Platform.EntitlementChangeLogs.platformModuleId
column,platform.entitlement_change_log.usage_meter_id,Platform.EntitlementChangeLogs.usageMeterId
column,platform.entitlement_change_log.addon_id,Platform.EntitlementChangeLogs.addonId
column,platform.entitlement_change_log.from_value,Platform.EntitlementChangeLogs.fromValue
column,platform.entitlement_change_log.to_value,Platform.EntitlementChangeLogs.toValue
column,platform.entitlement_change_log.tenants_affected,Platform.EntitlementChangeLogs.tenantsAffected
column,platform.entitlement_change_log.impact_tone,Platform.EntitlementChangeLogs.impactTone
column,platform.entitlement_change_log.grandfather_until_renewal,Platform.EntitlementChangeLogs.grandfatherUntilRenewal
column,platform.entitlement_change_log.email_owners,Platform.EntitlementChangeLogs.emailOwners
column,platform.entitlement_change_log.post_changelog,Platform.EntitlementChangeLogs.postChangelog
column,platform.entitlement_change_log.saved_by_staff_id,Platform.EntitlementChangeLogs.savedByStaffId
column,platform.entitlement_change_log.saved_at,Platform.EntitlementChangeLogs.savedAt
column,platform.entitlement_change_log.created_at,Platform.EntitlementChangeLogs.createdAt
column,platform.entitlement_change_log.created_by,Platform.EntitlementChangeLogs.createdBy
column,platform.entitlement_change_log.updated_at,Platform.EntitlementChangeLogs.updatedAt
column,platform.entitlement_change_log.updated_by,Platform.EntitlementChangeLogs.updatedBy
column,platform.entitlement_change_log.row_version,Platform.EntitlementChangeLogs.rowVersion
table,platform.feature_flag,Platform.FeatureFlags
column,platform.feature_flag.flag_type,Platform.FeatureFlags.flagType
column,platform.feature_flag.secondary_type,Platform.FeatureFlags.secondaryType
column,platform.feature_flag.owner_staff_id,Platform.FeatureFlags.ownerStaffId
column,platform.feature_flag.variation_kind,Platform.FeatureFlags.variationKind
column,platform.feature_flag.is_temporary,Platform.FeatureFlags.isTemporary
column,platform.feature_flag.expires_on,Platform.FeatureFlags.expiresOn
column,platform.feature_flag.stale_reason,Platform.FeatureFlags.staleReason
column,platform.feature_flag.stale_since,Platform.FeatureFlags.staleSince
column,platform.feature_flag.archived_at,Platform.FeatureFlags.archivedAt
column,platform.feature_flag.created_at,Platform.FeatureFlags.createdAt
column,platform.feature_flag.created_by,Platform.FeatureFlags.createdBy
column,platform.feature_flag.updated_at,Platform.FeatureFlags.updatedAt
column,platform.feature_flag.updated_by,Platform.FeatureFlags.updatedBy
column,platform.feature_flag.row_version,Platform.FeatureFlags.rowVersion
table,platform.flag_audit,Platform.FlagAuditLogs
column,platform.flag_audit.flag_id,Platform.FlagAuditLogs.flagId
column,platform.flag_audit.occurred_at,Platform.FlagAuditLogs.occurredAt
column,platform.flag_audit.staff_user_id,Platform.FlagAuditLogs.staffUserId
column,platform.flag_audit.event_kind,Platform.FlagAuditLogs.eventKind
column,platform.flag_audit.before_state,Platform.FlagAuditLogs.beforeState
column,platform.flag_audit.after_state,Platform.FlagAuditLogs.afterState
column,platform.flag_audit.change_request_id,Platform.FlagAuditLogs.changeRequestId
column,platform.flag_audit.is_emergency,Platform.FlagAuditLogs.isEmergency
column,platform.flag_audit.created_at,Platform.FlagAuditLogs.createdAt
column,platform.flag_audit.created_by,Platform.FlagAuditLogs.createdBy
column,platform.flag_audit.updated_at,Platform.FlagAuditLogs.updatedAt
column,platform.flag_audit.updated_by,Platform.FlagAuditLogs.updatedBy
column,platform.flag_audit.row_version,Platform.FlagAuditLogs.rowVersion
table,platform.flag_change_request,Platform.FlagChangeRequests
column,platform.flag_change_request.doc_no,Platform.FlagChangeRequests.docNo
column,platform.flag_change_request.flag_id,Platform.FlagChangeRequests.flagId
column,platform.flag_change_request.requester_staff_id,Platform.FlagChangeRequests.requesterStaffId
column,platform.flag_change_request.before_state,Platform.FlagChangeRequests.beforeState
column,platform.flag_change_request.after_state,Platform.FlagChangeRequests.afterState
column,platform.flag_change_request.apply_not_before,Platform.FlagChangeRequests.applyNotBefore
column,platform.flag_change_request.decided_by_staff_id,Platform.FlagChangeRequests.decidedByStaffId
column,platform.flag_change_request.decided_at,Platform.FlagChangeRequests.decidedAt
column,platform.flag_change_request.decision_note,Platform.FlagChangeRequests.decisionNote
column,platform.flag_change_request.applied_at,Platform.FlagChangeRequests.appliedAt
column,platform.flag_change_request.created_at,Platform.FlagChangeRequests.createdAt
column,platform.flag_change_request.created_by,Platform.FlagChangeRequests.createdBy
column,platform.flag_change_request.updated_at,Platform.FlagChangeRequests.updatedAt
column,platform.flag_change_request.updated_by,Platform.FlagChangeRequests.updatedBy
column,platform.flag_change_request.row_version,Platform.FlagChangeRequests.rowVersion
table,platform.flag_code_ref,Platform.FlagCodeReferences
column,platform.flag_code_ref.flag_id,Platform.FlagCodeReferences.flagId
column,platform.flag_code_ref.file_path,Platform.FlagCodeReferences.filePath
column,platform.flag_code_ref.line_no,Platform.FlagCodeReferences.lineNo
column,platform.flag_code_ref.scanned_at,Platform.FlagCodeReferences.scannedAt
column,platform.flag_code_ref.created_at,Platform.FlagCodeReferences.createdAt
column,platform.flag_code_ref.created_by,Platform.FlagCodeReferences.createdBy
column,platform.flag_code_ref.updated_at,Platform.FlagCodeReferences.updatedAt
column,platform.flag_code_ref.updated_by,Platform.FlagCodeReferences.updatedBy
column,platform.flag_code_ref.row_version,Platform.FlagCodeReferences.rowVersion
table,platform.flag_environment,Platform.FlagEnvironments
column,platform.flag_environment.flag_id,Platform.FlagEnvironments.flagId
column,platform.flag_environment.is_on,Platform.FlagEnvironments.isOn
column,platform.flag_environment.last_evaluated_at,Platform.FlagEnvironments.lastEvaluatedAt
column,platform.flag_environment.created_at,Platform.FlagEnvironments.createdAt
column,platform.flag_environment.created_by,Platform.FlagEnvironments.createdBy
column,platform.flag_environment.updated_at,Platform.FlagEnvironments.updatedAt
column,platform.flag_environment.updated_by,Platform.FlagEnvironments.updatedBy
column,platform.flag_environment.row_version,Platform.FlagEnvironments.rowVersion
table,platform.flag_eval_daily,Platform.FlagDailyEvaluations
column,platform.flag_eval_daily.flag_id,Platform.FlagDailyEvaluations.flagId
column,platform.flag_eval_daily.eval_date,Platform.FlagDailyEvaluations.evalDate
column,platform.flag_eval_daily.variation_idx,Platform.FlagDailyEvaluations.variationIdx
column,platform.flag_eval_daily.evaluation_count,Platform.FlagDailyEvaluations.evaluationCount
column,platform.flag_eval_daily.error_count,Platform.FlagDailyEvaluations.errorCount
column,platform.flag_eval_daily.p95_latency_ms,Platform.FlagDailyEvaluations.p95LatencyMs
column,platform.flag_eval_daily.created_at,Platform.FlagDailyEvaluations.createdAt
column,platform.flag_eval_daily.created_by,Platform.FlagDailyEvaluations.createdBy
column,platform.flag_eval_daily.updated_at,Platform.FlagDailyEvaluations.updatedAt
column,platform.flag_eval_daily.updated_by,Platform.FlagDailyEvaluations.updatedBy
column,platform.flag_eval_daily.row_version,Platform.FlagDailyEvaluations.rowVersion
table,platform.flag_prerequisite,Platform.FlagPrerequisites
column,platform.flag_prerequisite.flag_environment_id,Platform.FlagPrerequisites.flagEnvironmentId
column,platform.flag_prerequisite.flag_id,Platform.FlagPrerequisites.flagId
column,platform.flag_prerequisite.prerequisite_flag_id,Platform.FlagPrerequisites.prerequisiteFlagId
column,platform.flag_prerequisite.required_variation_idx,Platform.FlagPrerequisites.requiredVariationIdx
column,platform.flag_prerequisite.prerequisite_module_id,Platform.FlagPrerequisites.prerequisiteModuleId
column,platform.flag_prerequisite.created_at,Platform.FlagPrerequisites.createdAt
column,platform.flag_prerequisite.created_by,Platform.FlagPrerequisites.createdBy
column,platform.flag_prerequisite.updated_at,Platform.FlagPrerequisites.updatedAt
column,platform.flag_prerequisite.updated_by,Platform.FlagPrerequisites.updatedBy
column,platform.flag_prerequisite.row_version,Platform.FlagPrerequisites.rowVersion
table,platform.flag_rule,Platform.FlagRules
column,platform.flag_rule.flag_environment_id,Platform.FlagRules.flagEnvironmentId
column,platform.flag_rule.flag_id,Platform.FlagRules.flagId
column,platform.flag_rule.rule_values,Platform.FlagRules.ruleValues
column,platform.flag_rule.serve_variation_idx,Platform.FlagRules.serveVariationIdx
column,platform.flag_rule.created_at,Platform.FlagRules.createdAt
column,platform.flag_rule.created_by,Platform.FlagRules.createdBy
column,platform.flag_rule.updated_at,Platform.FlagRules.updatedAt
column,platform.flag_rule.updated_by,Platform.FlagRules.updatedBy
column,platform.flag_rule.row_version,Platform.FlagRules.rowVersion
table,platform.flag_schedule_step,Platform.FlagScheduledChanges
column,platform.flag_schedule_step.flag_id,Platform.FlagScheduledChanges.flagId
column,platform.flag_schedule_step.step_date,Platform.FlagScheduledChanges.stepDate
column,platform.flag_schedule_step.rollout_pct,Platform.FlagScheduledChanges.rolloutPct
column,platform.flag_schedule_step.change_request_id,Platform.FlagScheduledChanges.changeRequestId
column,platform.flag_schedule_step.created_at,Platform.FlagScheduledChanges.createdAt
column,platform.flag_schedule_step.created_by,Platform.FlagScheduledChanges.createdBy
column,platform.flag_schedule_step.updated_at,Platform.FlagScheduledChanges.updatedAt
column,platform.flag_schedule_step.updated_by,Platform.FlagScheduledChanges.updatedBy
column,platform.flag_schedule_step.row_version,Platform.FlagScheduledChanges.rowVersion
table,platform.flag_target,Platform.FlagTargets
column,platform.flag_target.flag_environment_id,Platform.FlagTargets.flagEnvironmentId
column,platform.flag_target.flag_id,Platform.FlagTargets.flagId
column,platform.flag_target.variation_idx,Platform.FlagTargets.variationIdx
column,platform.flag_target.tenant_id,Platform.FlagTargets.tenantId
column,platform.flag_target.created_at,Platform.FlagTargets.createdAt
column,platform.flag_target.created_by,Platform.FlagTargets.createdBy
column,platform.flag_target.updated_at,Platform.FlagTargets.updatedAt
column,platform.flag_target.updated_by,Platform.FlagTargets.updatedBy
column,platform.flag_target.row_version,Platform.FlagTargets.rowVersion
table,platform.flag_targeting,Platform.FlagDefaultRules
column,platform.flag_targeting.flag_environment_id,Platform.FlagDefaultRules.flagEnvironmentId
column,platform.flag_targeting.flag_id,Platform.FlagDefaultRules.flagId
column,platform.flag_targeting.default_rule,Platform.FlagDefaultRules.defaultRule
column,platform.flag_targeting.default_variation_idx,Platform.FlagDefaultRules.defaultVariationIdx
column,platform.flag_targeting.rollout_pct,Platform.FlagDefaultRules.rolloutPct
column,platform.flag_targeting.rollout_variation_idx,Platform.FlagDefaultRules.rolloutVariationIdx
column,platform.flag_targeting.rollout_rest_variation_idx,Platform.FlagDefaultRules.rolloutRestVariationIdx
column,platform.flag_targeting.off_variation_idx,Platform.FlagDefaultRules.offVariationIdx
column,platform.flag_targeting.bucket_by,Platform.FlagDefaultRules.bucketBy
column,platform.flag_targeting.created_at,Platform.FlagDefaultRules.createdAt
column,platform.flag_targeting.created_by,Platform.FlagDefaultRules.createdBy
column,platform.flag_targeting.updated_at,Platform.FlagDefaultRules.updatedAt
column,platform.flag_targeting.updated_by,Platform.FlagDefaultRules.updatedBy
column,platform.flag_targeting.row_version,Platform.FlagDefaultRules.rowVersion
table,platform.flag_variation,Platform.FlagVariations
column,platform.flag_variation.flag_id,Platform.FlagVariations.flagId
column,platform.flag_variation.created_at,Platform.FlagVariations.createdAt
column,platform.flag_variation.created_by,Platform.FlagVariations.createdBy
column,platform.flag_variation.updated_at,Platform.FlagVariations.updatedAt
column,platform.flag_variation.updated_by,Platform.FlagVariations.updatedBy
column,platform.flag_variation.row_version,Platform.FlagVariations.rowVersion
table,platform.impersonation_session,Platform.ImpersonationSessions
column,platform.impersonation_session.tenant_id,Platform.ImpersonationSessions.tenantId
column,platform.impersonation_session.staff_user_id,Platform.ImpersonationSessions.staffUserId
column,platform.impersonation_session.target_user_id,Platform.ImpersonationSessions.targetUserId
column,platform.impersonation_session.target_user_label,Platform.ImpersonationSessions.targetUserLabel
column,platform.impersonation_session.support_ticket_id,Platform.ImpersonationSessions.supportTicketId
column,platform.impersonation_session.time_limit_minutes,Platform.ImpersonationSessions.timeLimitMinutes
column,platform.impersonation_session.is_read_only,Platform.ImpersonationSessions.isReadOnly
column,platform.impersonation_session.started_at,Platform.ImpersonationSessions.startedAt
column,platform.impersonation_session.expires_at,Platform.ImpersonationSessions.expiresAt
column,platform.impersonation_session.ended_at,Platform.ImpersonationSessions.endedAt
column,platform.impersonation_session.end_reason,Platform.ImpersonationSessions.endReason
column,platform.impersonation_session.owner_emailed_at,Platform.ImpersonationSessions.ownerEmailedAt
column,platform.impersonation_session.recording_ref,Platform.ImpersonationSessions.recordingRef
column,platform.impersonation_session.created_at,Platform.ImpersonationSessions.createdAt
column,platform.impersonation_session.created_by,Platform.ImpersonationSessions.createdBy
column,platform.impersonation_session.updated_at,Platform.ImpersonationSessions.updatedAt
column,platform.impersonation_session.updated_by,Platform.ImpersonationSessions.updatedBy
column,platform.impersonation_session.row_version,Platform.ImpersonationSessions.rowVersion
table,platform.incident,Platform.ServiceIncidents
column,platform.incident.doc_no,Platform.ServiceIncidents.docNo
column,platform.incident.started_at,Platform.ServiceIncidents.startedAt
column,platform.incident.resolved_at,Platform.ServiceIncidents.resolvedAt
column,platform.incident.is_public,Platform.ServiceIncidents.isPublic
column,platform.incident.declared_by_staff_id,Platform.ServiceIncidents.declaredByStaffId
column,platform.incident.postmortem_due_on,Platform.ServiceIncidents.postmortemDueOn
column,platform.incident.postmortem_ref,Platform.ServiceIncidents.postmortemRef
column,platform.incident.created_at,Platform.ServiceIncidents.createdAt
column,platform.incident.created_by,Platform.ServiceIncidents.createdBy
column,platform.incident.updated_at,Platform.ServiceIncidents.updatedAt
column,platform.incident.updated_by,Platform.ServiceIncidents.updatedBy
column,platform.incident.row_version,Platform.ServiceIncidents.rowVersion
table,platform.incident_update,Platform.ServiceIncidentUpdates
column,platform.incident_update.incident_id,Platform.ServiceIncidentUpdates.incidentId
column,platform.incident_update.posted_at,Platform.ServiceIncidentUpdates.postedAt
column,platform.incident_update.posted_by_staff_id,Platform.ServiceIncidentUpdates.postedByStaffId
column,platform.incident_update.notify_subscribers,Platform.ServiceIncidentUpdates.notifySubscribers
column,platform.incident_update.update_banner,Platform.ServiceIncidentUpdates.updateBanner
column,platform.incident_update.created_at,Platform.ServiceIncidentUpdates.createdAt
column,platform.incident_update.created_by,Platform.ServiceIncidentUpdates.createdBy
column,platform.incident_update.updated_at,Platform.ServiceIncidentUpdates.updatedAt
column,platform.incident_update.updated_by,Platform.ServiceIncidentUpdates.updatedBy
column,platform.incident_update.row_version,Platform.ServiceIncidentUpdates.rowVersion
table,platform.ip_allowlist,Platform.PlatformAllowedIps
column,platform.ip_allowlist.is_active,Platform.PlatformAllowedIps.isActive
column,platform.ip_allowlist.created_at,Platform.PlatformAllowedIps.createdAt
column,platform.ip_allowlist.created_by,Platform.PlatformAllowedIps.createdBy
column,platform.ip_allowlist.updated_at,Platform.PlatformAllowedIps.updatedAt
column,platform.ip_allowlist.updated_by,Platform.PlatformAllowedIps.updatedBy
column,platform.ip_allowlist.row_version,Platform.PlatformAllowedIps.rowVersion
table,platform.job_queue_stat,Platform.JobQueueSamples
column,platform.job_queue_stat.queue_name,Platform.JobQueueSamples.queueName
column,platform.job_queue_stat.sampled_at,Platform.JobQueueSamples.sampledAt
column,platform.job_queue_stat.waiting_count,Platform.JobQueueSamples.waitingCount
column,platform.job_queue_stat.failed_count,Platform.JobQueueSamples.failedCount
column,platform.job_queue_stat.worker_count,Platform.JobQueueSamples.workerCount
column,platform.job_queue_stat.created_at,Platform.JobQueueSamples.createdAt
column,platform.job_queue_stat.created_by,Platform.JobQueueSamples.createdBy
column,platform.job_queue_stat.updated_at,Platform.JobQueueSamples.updatedAt
column,platform.job_queue_stat.updated_by,Platform.JobQueueSamples.updatedBy
column,platform.job_queue_stat.row_version,Platform.JobQueueSamples.rowVersion
table,platform.lead,Platform.PlatformLeads
column,platform.lead.company_name,Platform.PlatformLeads.companyName
column,platform.lead.contact_person,Platform.PlatformLeads.contactPerson
column,platform.lead.partner_id,Platform.PlatformLeads.partnerId
column,platform.lead.owner_staff_id,Platform.PlatformLeads.ownerStaffId
column,platform.lead.plan_interest_id,Platform.PlatformLeads.planInterestId
column,platform.lead.expected_mrr,Platform.PlatformLeads.expectedMrr
column,platform.lead.board_position,Platform.PlatformLeads.boardPosition
column,platform.lead.demo_at,Platform.PlatformLeads.demoAt
column,platform.lead.trial_started_on,Platform.PlatformLeads.trialStartedOn
column,platform.lead.trial_ends_on,Platform.PlatformLeads.trialEndsOn
column,platform.lead.trial_engagement_score,Platform.PlatformLeads.trialEngagementScore
column,platform.lead.won_at,Platform.PlatformLeads.wonAt
column,platform.lead.churned_at,Platform.PlatformLeads.churnedAt
column,platform.lead.lost_reason,Platform.PlatformLeads.lostReason
column,platform.lead.tenant_id,Platform.PlatformLeads.tenantId
column,platform.lead.created_at,Platform.PlatformLeads.createdAt
column,platform.lead.created_by,Platform.PlatformLeads.createdBy
column,platform.lead.updated_at,Platform.PlatformLeads.updatedAt
column,platform.lead.updated_by,Platform.PlatformLeads.updatedBy
column,platform.lead.row_version,Platform.PlatformLeads.rowVersion
column,platform.lead.deleted_at,Platform.PlatformLeads.deletedAt
table,platform.lead_activity,Platform.PlatformLeadActivities
column,platform.lead_activity.lead_id,Platform.PlatformLeadActivities.leadId
column,platform.lead_activity.activity_type,Platform.PlatformLeadActivities.activityType
column,platform.lead_activity.from_stage,Platform.PlatformLeadActivities.fromStage
column,platform.lead_activity.to_stage,Platform.PlatformLeadActivities.toStage
column,platform.lead_activity.staff_user_id,Platform.PlatformLeadActivities.staffUserId
column,platform.lead_activity.occurred_at,Platform.PlatformLeadActivities.occurredAt
column,platform.lead_activity.created_at,Platform.PlatformLeadActivities.createdAt
column,platform.lead_activity.created_by,Platform.PlatformLeadActivities.createdBy
column,platform.lead_activity.updated_at,Platform.PlatformLeadActivities.updatedAt
column,platform.lead_activity.updated_by,Platform.PlatformLeadActivities.updatedBy
column,platform.lead_activity.row_version,Platform.PlatformLeadActivities.rowVersion
table,platform.maintenance_window,Platform.MaintenanceWindows
column,platform.maintenance_window.starts_at,Platform.MaintenanceWindows.startsAt
column,platform.maintenance_window.ends_at,Platform.MaintenanceWindows.endsAt
column,platform.maintenance_window.banner_lead_hours,Platform.MaintenanceWindows.bannerLeadHours
column,platform.maintenance_window.read_only_mode,Platform.MaintenanceWindows.readOnlyMode
column,platform.maintenance_window.created_at,Platform.MaintenanceWindows.createdAt
column,platform.maintenance_window.created_by,Platform.MaintenanceWindows.createdBy
column,platform.maintenance_window.updated_at,Platform.MaintenanceWindows.updatedAt
column,platform.maintenance_window.updated_by,Platform.MaintenanceWindows.updatedBy
column,platform.maintenance_window.row_version,Platform.MaintenanceWindows.rowVersion
table,platform.partner,Platform.Resellers
column,platform.partner.commission_pct,Platform.Resellers.commissionPct
column,platform.partner.next_tier_tenants,Platform.Resellers.nextTierTenants
column,platform.partner.contact_name,Platform.Resellers.contactName
column,platform.partner.is_active_taxpayer,Platform.Resellers.isActiveTaxpayer
column,platform.partner.bank_name,Platform.Resellers.bankName
column,platform.partner.iban_masked,Platform.Resellers.ibanMasked
column,platform.partner.iban_enc,Platform.Resellers.ibanEnc
column,platform.partner.payout_method,Platform.Resellers.payoutMethod
column,platform.partner.invite_code,Platform.Resellers.inviteCode
column,platform.partner.created_at,Platform.Resellers.createdAt
column,platform.partner.created_by,Platform.Resellers.createdBy
column,platform.partner.updated_at,Platform.Resellers.updatedAt
column,platform.partner.updated_by,Platform.Resellers.updatedBy
column,platform.partner.row_version,Platform.Resellers.rowVersion
column,platform.partner.deleted_at,Platform.Resellers.deletedAt
table,platform.partner_payout,Platform.ResellerPayouts
column,platform.partner_payout.partner_id,Platform.ResellerPayouts.partnerId
column,platform.partner_payout.period_month,Platform.ResellerPayouts.periodMonth
column,platform.partner_payout.tenants_count,Platform.ResellerPayouts.tenantsCount
column,platform.partner_payout.sourced_mrr,Platform.ResellerPayouts.sourcedMrr
column,platform.partner_payout.commission_pct,Platform.ResellerPayouts.commissionPct
column,platform.partner_payout.gross_amount,Platform.ResellerPayouts.grossAmount
column,platform.partner_payout.wht_section,Platform.ResellerPayouts.whtSection
column,platform.partner_payout.wht_rate,Platform.ResellerPayouts.whtRate
column,platform.partner_payout.wht_amount,Platform.ResellerPayouts.whtAmount
column,platform.partner_payout.net_amount,Platform.ResellerPayouts.netAmount
column,platform.partner_payout.statement_lines,Platform.ResellerPayouts.statementLines
column,platform.partner_payout.paid_on,Platform.ResellerPayouts.paidOn
column,platform.partner_payout.payment_ref,Platform.ResellerPayouts.paymentRef
column,platform.partner_payout.wht_certificate_no,Platform.ResellerPayouts.whtCertificateNo
column,platform.partner_payout.statement_emailed_at,Platform.ResellerPayouts.statementEmailedAt
column,platform.partner_payout.created_at,Platform.ResellerPayouts.createdAt
column,platform.partner_payout.created_by,Platform.ResellerPayouts.createdBy
column,platform.partner_payout.updated_at,Platform.ResellerPayouts.updatedAt
column,platform.partner_payout.updated_by,Platform.ResellerPayouts.updatedBy
column,platform.partner_payout.row_version,Platform.ResellerPayouts.rowVersion
table,platform.partner_tenant,Platform.ResellerTenants
column,platform.partner_tenant.partner_id,Platform.ResellerTenants.partnerId
column,platform.partner_tenant.tenant_id,Platform.ResellerTenants.tenantId
column,platform.partner_tenant.attributed_on,Platform.ResellerTenants.attributedOn
column,platform.partner_tenant.commission_pct_override,Platform.ResellerTenants.commissionPctOverride
column,platform.partner_tenant.ended_on,Platform.ResellerTenants.endedOn
column,platform.partner_tenant.created_at,Platform.ResellerTenants.createdAt
column,platform.partner_tenant.created_by,Platform.ResellerTenants.createdBy
column,platform.partner_tenant.updated_at,Platform.ResellerTenants.updatedAt
column,platform.partner_tenant.updated_by,Platform.ResellerTenants.updatedBy
column,platform.partner_tenant.row_version,Platform.ResellerTenants.rowVersion
table,platform.plan,Platform.SubscriptionPlans
column,platform.plan.price_monthly,Platform.SubscriptionPlans.priceMonthly
column,platform.plan.price_annual,Platform.SubscriptionPlans.priceAnnual
column,platform.plan.user_seats,Platform.SubscriptionPlans.userSeats
column,platform.plan.storage_gb,Platform.SubscriptionPlans.storageGb
column,platform.plan.trial_days,Platform.SubscriptionPlans.trialDays
column,platform.plan.sort_order,Platform.SubscriptionPlans.sortOrder
column,platform.plan.is_public,Platform.SubscriptionPlans.isPublic
column,platform.plan.is_custom_price,Platform.SubscriptionPlans.isCustomPrice
column,platform.plan.support_channel,Platform.SubscriptionPlans.supportChannel
column,platform.plan.support_response_hours,Platform.SubscriptionPlans.supportResponseHours
column,platform.plan.sla_uptime_pct,Platform.SubscriptionPlans.slaUptimePct
column,platform.plan.extra_seat_price,Platform.SubscriptionPlans.extraSeatPrice
column,platform.plan.created_at,Platform.SubscriptionPlans.createdAt
column,platform.plan.created_by,Platform.SubscriptionPlans.createdBy
column,platform.plan.updated_at,Platform.SubscriptionPlans.updatedAt
column,platform.plan.updated_by,Platform.SubscriptionPlans.updatedBy
column,platform.plan.row_version,Platform.SubscriptionPlans.rowVersion
table,platform.plan_feature,Platform.SubscriptionPlanFeatures
column,platform.plan_feature.plan_id,Platform.SubscriptionPlanFeatures.planId
column,platform.plan_feature.module_key,Platform.SubscriptionPlanFeatures.moduleKey
column,platform.plan_feature.addon_price,Platform.SubscriptionPlanFeatures.addonPrice
column,platform.plan_feature.created_at,Platform.SubscriptionPlanFeatures.createdAt
column,platform.plan_feature.created_by,Platform.SubscriptionPlanFeatures.createdBy
column,platform.plan_feature.updated_at,Platform.SubscriptionPlanFeatures.updatedAt
column,platform.plan_feature.updated_by,Platform.SubscriptionPlanFeatures.updatedBy
column,platform.plan_feature.row_version,Platform.SubscriptionPlanFeatures.rowVersion
table,platform.plan_limit,Platform.SubscriptionPlanLimits
column,platform.plan_limit.plan_id,Platform.SubscriptionPlanLimits.planId
column,platform.plan_limit.usage_meter_id,Platform.SubscriptionPlanLimits.usageMeterId
column,platform.plan_limit.limit_value,Platform.SubscriptionPlanLimits.limitValue
column,platform.plan_limit.overage_price,Platform.SubscriptionPlanLimits.overagePrice
column,platform.plan_limit.created_at,Platform.SubscriptionPlanLimits.createdAt
column,platform.plan_limit.created_by,Platform.SubscriptionPlanLimits.createdBy
column,platform.plan_limit.updated_at,Platform.SubscriptionPlanLimits.updatedAt
column,platform.plan_limit.updated_by,Platform.SubscriptionPlanLimits.updatedBy
column,platform.plan_limit.row_version,Platform.SubscriptionPlanLimits.rowVersion
table,platform.platform_invoice,Platform.PlatformInvoices
column,platform.platform_invoice.doc_no,Platform.PlatformInvoices.docNo
column,platform.platform_invoice.tenant_id,Platform.PlatformInvoices.tenantId
column,platform.platform_invoice.subscription_id,Platform.PlatformInvoices.subscriptionId
column,platform.platform_invoice.invoice_kind,Platform.PlatformInvoices.invoiceKind
column,platform.platform_invoice.period_start,Platform.PlatformInvoices.periodStart
column,platform.platform_invoice.period_end,Platform.PlatformInvoices.periodEnd
column,platform.platform_invoice.issued_on,Platform.PlatformInvoices.issuedOn
column,platform.platform_invoice.due_on,Platform.PlatformInvoices.dueOn
column,platform.platform_invoice.currency_code,Platform.PlatformInvoices.currencyCode
column,platform.platform_invoice.gross_amount,Platform.PlatformInvoices.grossAmount
column,platform.platform_invoice.discount_amount,Platform.PlatformInvoices.discountAmount
column,platform.platform_invoice.net_amount,Platform.PlatformInvoices.netAmount
column,platform.platform_invoice.tax_authority_id,Platform.PlatformInvoices.taxAuthorityId
column,platform.platform_invoice.tax_rate,Platform.PlatformInvoices.taxRate
column,platform.platform_invoice.tax_amount,Platform.PlatformInvoices.taxAmount
column,platform.platform_invoice.total_amount,Platform.PlatformInvoices.totalAmount
column,platform.platform_invoice.paid_amount,Platform.PlatformInvoices.paidAmount
column,platform.platform_invoice.balance_amount,Platform.PlatformInvoices.balanceAmount
column,platform.platform_invoice.coupon_id,Platform.PlatformInvoices.couponId
column,platform.platform_invoice.emailed_at,Platform.PlatformInvoices.emailedAt
column,platform.platform_invoice.last_reminder_at,Platform.PlatformInvoices.lastReminderAt
column,platform.platform_invoice.voided_at,Platform.PlatformInvoices.voidedAt
column,platform.platform_invoice.void_reason,Platform.PlatformInvoices.voidReason
column,platform.platform_invoice.voided_by_staff_id,Platform.PlatformInvoices.voidedByStaffId
column,platform.platform_invoice.created_at,Platform.PlatformInvoices.createdAt
column,platform.platform_invoice.created_by,Platform.PlatformInvoices.createdBy
column,platform.platform_invoice.updated_at,Platform.PlatformInvoices.updatedAt
column,platform.platform_invoice.updated_by,Platform.PlatformInvoices.updatedBy
column,platform.platform_invoice.row_version,Platform.PlatformInvoices.rowVersion
table,platform.platform_invoice_line,Platform.PlatformInvoiceLines
column,platform.platform_invoice_line.platform_invoice_id,Platform.PlatformInvoiceLines.platformInvoiceId
column,platform.platform_invoice_line.line_no,Platform.PlatformInvoiceLines.lineNo
column,platform.platform_invoice_line.line_kind,Platform.PlatformInvoiceLines.lineKind
column,platform.platform_invoice_line.plan_id,Platform.PlatformInvoiceLines.planId
column,platform.platform_invoice_line.addon_id,Platform.PlatformInvoiceLines.addonId
column,platform.platform_invoice_line.usage_meter_id,Platform.PlatformInvoiceLines.usageMeterId
column,platform.platform_invoice_line.unit_price,Platform.PlatformInvoiceLines.unitPrice
column,platform.platform_invoice_line.period_start,Platform.PlatformInvoiceLines.periodStart
column,platform.platform_invoice_line.period_end,Platform.PlatformInvoiceLines.periodEnd
column,platform.platform_invoice_line.created_at,Platform.PlatformInvoiceLines.createdAt
column,platform.platform_invoice_line.created_by,Platform.PlatformInvoiceLines.createdBy
column,platform.platform_invoice_line.updated_at,Platform.PlatformInvoiceLines.updatedAt
column,platform.platform_invoice_line.updated_by,Platform.PlatformInvoiceLines.updatedBy
column,platform.platform_invoice_line.row_version,Platform.PlatformInvoiceLines.rowVersion
table,platform.platform_module,Platform.PlatformModules
column,platform.platform_module.ent_group,Platform.PlatformModules.entGroup
column,platform.platform_module.module_key,Platform.PlatformModules.moduleKey
column,platform.platform_module.feature_flag_id,Platform.PlatformModules.featureFlagId
column,platform.platform_module.min_plan_id,Platform.PlatformModules.minPlanId
column,platform.platform_module.is_core,Platform.PlatformModules.isCore
column,platform.platform_module.is_enabled,Platform.PlatformModules.isEnabled
column,platform.platform_module.sort_order,Platform.PlatformModules.sortOrder
column,platform.platform_module.created_at,Platform.PlatformModules.createdAt
column,platform.platform_module.created_by,Platform.PlatformModules.createdBy
column,platform.platform_module.updated_at,Platform.PlatformModules.updatedAt
column,platform.platform_module.updated_by,Platform.PlatformModules.updatedBy
column,platform.platform_module.row_version,Platform.PlatformModules.rowVersion
column,platform.platform_module.deleted_at,Platform.PlatformModules.deletedAt
table,platform.platform_module_plan,Platform.PlatformModulePlans
column,platform.platform_module_plan.platform_module_id,Platform.PlatformModulePlans.platformModuleId
column,platform.platform_module_plan.plan_id,Platform.PlatformModulePlans.planId
column,platform.platform_module_plan.is_included,Platform.PlatformModulePlans.isIncluded
column,platform.platform_module_plan.created_at,Platform.PlatformModulePlans.createdAt
column,platform.platform_module_plan.created_by,Platform.PlatformModulePlans.createdBy
column,platform.platform_module_plan.updated_at,Platform.PlatformModulePlans.updatedAt
column,platform.platform_module_plan.updated_by,Platform.PlatformModulePlans.updatedBy
column,platform.platform_module_plan.row_version,Platform.PlatformModulePlans.rowVersion
table,platform.platform_payment,Platform.PlatformPayments
column,platform.platform_payment.tenant_id,Platform.PlatformPayments.tenantId
column,platform.platform_payment.platform_invoice_id,Platform.PlatformPayments.platformInvoiceId
column,platform.platform_payment.payment_method,Platform.PlatformPayments.paymentMethod
column,platform.platform_payment.payment_ref,Platform.PlatformPayments.paymentRef
column,platform.platform_payment.gateway_txn_ref,Platform.PlatformPayments.gatewayTxnRef
column,platform.platform_payment.failure_code,Platform.PlatformPayments.failureCode
column,platform.platform_payment.failure_message,Platform.PlatformPayments.failureMessage
column,platform.platform_payment.attempted_at,Platform.PlatformPayments.attemptedAt
column,platform.platform_payment.paid_at,Platform.PlatformPayments.paidAt
column,platform.platform_payment.refunded_amount,Platform.PlatformPayments.refundedAmount
column,platform.platform_payment.refunded_at,Platform.PlatformPayments.refundedAt
column,platform.platform_payment.recorded_by_staff_id,Platform.PlatformPayments.recordedByStaffId
column,platform.platform_payment.created_at,Platform.PlatformPayments.createdAt
column,platform.platform_payment.created_by,Platform.PlatformPayments.createdBy
column,platform.platform_payment.updated_at,Platform.PlatformPayments.updatedAt
column,platform.platform_payment.updated_by,Platform.PlatformPayments.updatedBy
column,platform.platform_payment.row_version,Platform.PlatformPayments.rowVersion
table,platform.privacy_request,Platform.PrivacyRequests
column,platform.privacy_request.doc_no,Platform.PrivacyRequests.docNo
column,platform.privacy_request.tenant_id,Platform.PrivacyRequests.tenantId
column,platform.privacy_request.request_type,Platform.PrivacyRequests.requestType
column,platform.privacy_request.requested_by_name,Platform.PrivacyRequests.requestedByName
column,platform.privacy_request.requested_by_role,Platform.PrivacyRequests.requestedByRole
column,platform.privacy_request.requester_email,Platform.PrivacyRequests.requesterEmail
column,platform.privacy_request.received_on,Platform.PrivacyRequests.receivedOn
column,platform.privacy_request.due_on,Platform.PrivacyRequests.dueOn
column,platform.privacy_request.verified_by_staff_id,Platform.PrivacyRequests.verifiedByStaffId
column,platform.privacy_request.verified_at,Platform.PrivacyRequests.verifiedAt
column,platform.privacy_request.approver1_staff_id,Platform.PrivacyRequests.approver1StaffId
column,platform.privacy_request.approved1_at,Platform.PrivacyRequests.approved1At
column,platform.privacy_request.approver2_staff_id,Platform.PrivacyRequests.approver2StaffId
column,platform.privacy_request.approved2_at,Platform.PrivacyRequests.approved2At
column,platform.privacy_request.rejected_reason,Platform.PrivacyRequests.rejectedReason
column,platform.privacy_request.rejected_at,Platform.PrivacyRequests.rejectedAt
column,platform.privacy_request.completed_at,Platform.PrivacyRequests.completedAt
column,platform.privacy_request.certificate_ref,Platform.PrivacyRequests.certificateRef
column,platform.privacy_request.export_backup_run_id,Platform.PrivacyRequests.exportBackupRunId
column,platform.privacy_request.export_link_expires_at,Platform.PrivacyRequests.exportLinkExpiresAt
column,platform.privacy_request.created_at,Platform.PrivacyRequests.createdAt
column,platform.privacy_request.created_by,Platform.PrivacyRequests.createdBy
column,platform.privacy_request.updated_at,Platform.PrivacyRequests.updatedAt
column,platform.privacy_request.updated_by,Platform.PrivacyRequests.updatedBy
column,platform.privacy_request.row_version,Platform.PrivacyRequests.rowVersion
table,platform.sdk_key,Platform.FlagSdkKeys
column,platform.sdk_key.key_prefix,Platform.FlagSdkKeys.keyPrefix
column,platform.sdk_key.key_hash,Platform.FlagSdkKeys.keyHash
column,platform.sdk_key.client_id,Platform.FlagSdkKeys.clientId
column,platform.sdk_key.key_last4,Platform.FlagSdkKeys.keyLast4
column,platform.sdk_key.valid_until,Platform.FlagSdkKeys.validUntil
column,platform.sdk_key.rotated_from_id,Platform.FlagSdkKeys.rotatedFromId
column,platform.sdk_key.rotated_by_staff_id,Platform.FlagSdkKeys.rotatedByStaffId
column,platform.sdk_key.created_at,Platform.FlagSdkKeys.createdAt
column,platform.sdk_key.created_by,Platform.FlagSdkKeys.createdBy
column,platform.sdk_key.updated_at,Platform.FlagSdkKeys.updatedAt
column,platform.sdk_key.updated_by,Platform.FlagSdkKeys.updatedBy
column,platform.sdk_key.row_version,Platform.FlagSdkKeys.rowVersion
table,platform.security_setting,Platform.PlatformSecuritySettings
column,platform.security_setting.sso_provider,Platform.PlatformSecuritySettings.ssoProvider
column,platform.security_setting.saml_idp_sso_url,Platform.PlatformSecuritySettings.samlIdpSsoUrl
column,platform.security_setting.saml_idp_entity_id,Platform.PlatformSecuritySettings.samlIdpEntityId
column,platform.security_setting.saml_name_id_format,Platform.PlatformSecuritySettings.samlNameIdFormat
column,platform.security_setting.saml_cert_filename,Platform.PlatformSecuritySettings.samlCertFilename
column,platform.security_setting.saml_cert_pem,Platform.PlatformSecuritySettings.samlCertPem
column,platform.security_setting.saml_cert_expires_on,Platform.PlatformSecuritySettings.samlCertExpiresOn
column,platform.security_setting.saml_acs_url,Platform.PlatformSecuritySettings.samlAcsUrl
column,platform.security_setting.google_domain,Platform.PlatformSecuritySettings.googleDomain
column,platform.security_setting.google_client_id,Platform.PlatformSecuritySettings.googleClientId
column,platform.security_setting.google_allowed_groups,Platform.PlatformSecuritySettings.googleAllowedGroups
column,platform.security_setting.require_sso,Platform.PlatformSecuritySettings.requireSso
column,platform.security_setting.break_glass_super_admin,Platform.PlatformSecuritySettings.breakGlassSuperAdmin
column,platform.security_setting.mfa_enforcement,Platform.PlatformSecuritySettings.mfaEnforcement
column,platform.security_setting.mfa_allow_webauthn,Platform.PlatformSecuritySettings.mfaAllowWebauthn
column,platform.security_setting.mfa_allow_totp,Platform.PlatformSecuritySettings.mfaAllowTotp
column,platform.security_setting.mfa_allow_sms,Platform.PlatformSecuritySettings.mfaAllowSms
column,platform.security_setting.ip_allowlist_enforced,Platform.PlatformSecuritySettings.ipAllowlistEnforced
column,platform.security_setting.pw_min_length,Platform.PlatformSecuritySettings.pwMinLength
column,platform.security_setting.pw_require_mixed_case,Platform.PlatformSecuritySettings.pwRequireMixedCase
column,platform.security_setting.pw_require_number,Platform.PlatformSecuritySettings.pwRequireNumber
column,platform.security_setting.pw_require_symbol,Platform.PlatformSecuritySettings.pwRequireSymbol
column,platform.security_setting.pw_block_breached,Platform.PlatformSecuritySettings.pwBlockBreached
column,platform.security_setting.pw_block_reuse,Platform.PlatformSecuritySettings.pwBlockReuse
column,platform.security_setting.pw_rotation_days,Platform.PlatformSecuritySettings.pwRotationDays
column,platform.security_setting.lockout_attempts,Platform.PlatformSecuritySettings.lockoutAttempts
column,platform.security_setting.lockout_minutes,Platform.PlatformSecuritySettings.lockoutMinutes
column,platform.security_setting.created_at,Platform.PlatformSecuritySettings.createdAt
column,platform.security_setting.created_by,Platform.PlatformSecuritySettings.createdBy
column,platform.security_setting.updated_at,Platform.PlatformSecuritySettings.updatedAt
column,platform.security_setting.updated_by,Platform.PlatformSecuritySettings.updatedBy
column,platform.security_setting.row_version,Platform.PlatformSecuritySettings.rowVersion
table,platform.seed_leave_type,Platform.TemplateLeaveTypes
column,platform.seed_leave_type.seed_version,Platform.TemplateLeaveTypes.seedVersion
column,platform.seed_leave_type.days_per_year,Platform.TemplateLeaveTypes.daysPerYear
column,platform.seed_leave_type.accrual_per_month,Platform.TemplateLeaveTypes.accrualPerMonth
column,platform.seed_leave_type.carry_forward_max,Platform.TemplateLeaveTypes.carryForwardMax
column,platform.seed_leave_type.is_paid,Platform.TemplateLeaveTypes.isPaid
column,platform.seed_leave_type.gender_restriction,Platform.TemplateLeaveTypes.genderRestriction
column,platform.seed_leave_type.once_in_service,Platform.TemplateLeaveTypes.onceInService
column,platform.seed_leave_type.medical_cert_after_days,Platform.TemplateLeaveTypes.medicalCertAfterDays
column,platform.seed_leave_type.rule_note,Platform.TemplateLeaveTypes.ruleNote
column,platform.seed_leave_type.sort_order,Platform.TemplateLeaveTypes.sortOrder
column,platform.seed_leave_type.created_at,Platform.TemplateLeaveTypes.createdAt
column,platform.seed_leave_type.created_by,Platform.TemplateLeaveTypes.createdBy
column,platform.seed_leave_type.updated_at,Platform.TemplateLeaveTypes.updatedAt
column,platform.seed_leave_type.updated_by,Platform.TemplateLeaveTypes.updatedBy
column,platform.seed_leave_type.row_version,Platform.TemplateLeaveTypes.rowVersion
table,platform.seed_salary_component,Platform.TemplateSalaryComponents
column,platform.seed_salary_component.seed_version,Platform.TemplateSalaryComponents.seedVersion
column,platform.seed_salary_component.component_kind,Platform.TemplateSalaryComponents.componentKind
column,platform.seed_salary_component.calc_method,Platform.TemplateSalaryComponents.calcMethod
column,platform.seed_salary_component.pct_of_basic,Platform.TemplateSalaryComponents.pctOfBasic
column,platform.seed_salary_component.is_taxable,Platform.TemplateSalaryComponents.isTaxable
column,platform.seed_salary_component.statutory_code,Platform.TemplateSalaryComponents.statutoryCode
column,platform.seed_salary_component.rule_note,Platform.TemplateSalaryComponents.ruleNote
column,platform.seed_salary_component.sort_order,Platform.TemplateSalaryComponents.sortOrder
column,platform.seed_salary_component.created_at,Platform.TemplateSalaryComponents.createdAt
column,platform.seed_salary_component.created_by,Platform.TemplateSalaryComponents.createdBy
column,platform.seed_salary_component.updated_at,Platform.TemplateSalaryComponents.updatedAt
column,platform.seed_salary_component.updated_by,Platform.TemplateSalaryComponents.updatedBy
column,platform.seed_salary_component.row_version,Platform.TemplateSalaryComponents.rowVersion
table,platform.seed_tax_code,Platform.TemplateTaxCodes
column,platform.seed_tax_code.seed_version,Platform.TemplateTaxCodes.seedVersion
column,platform.seed_tax_code.tax_kind,Platform.TemplateTaxCodes.taxKind
column,platform.seed_tax_code.rate_note,Platform.TemplateTaxCodes.rateNote
column,platform.seed_tax_code.wht_section,Platform.TemplateTaxCodes.whtSection
column,platform.seed_tax_code.sort_order,Platform.TemplateTaxCodes.sortOrder
column,platform.seed_tax_code.is_active,Platform.TemplateTaxCodes.isActive
column,platform.seed_tax_code.created_at,Platform.TemplateTaxCodes.createdAt
column,platform.seed_tax_code.created_by,Platform.TemplateTaxCodes.createdBy
column,platform.seed_tax_code.updated_at,Platform.TemplateTaxCodes.updatedAt
column,platform.seed_tax_code.updated_by,Platform.TemplateTaxCodes.updatedBy
column,platform.seed_tax_code.row_version,Platform.TemplateTaxCodes.rowVersion
table,platform.segment,Platform.TenantSegments
column,platform.segment.created_at,Platform.TenantSegments.createdAt
column,platform.segment.created_by,Platform.TenantSegments.createdBy
column,platform.segment.updated_at,Platform.TenantSegments.updatedAt
column,platform.segment.updated_by,Platform.TenantSegments.updatedBy
column,platform.segment.row_version,Platform.TenantSegments.rowVersion
column,platform.segment.deleted_at,Platform.TenantSegments.deletedAt
table,platform.segment_rule,Platform.TenantSegmentRules
column,platform.segment_rule.segment_id,Platform.TenantSegmentRules.segmentId
column,platform.segment_rule.rule_values,Platform.TenantSegmentRules.ruleValues
column,platform.segment_rule.created_at,Platform.TenantSegmentRules.createdAt
column,platform.segment_rule.created_by,Platform.TenantSegmentRules.createdBy
column,platform.segment_rule.updated_at,Platform.TenantSegmentRules.updatedAt
column,platform.segment_rule.updated_by,Platform.TenantSegmentRules.updatedBy
column,platform.segment_rule.row_version,Platform.TenantSegmentRules.rowVersion
table,platform.segment_tenant,Platform.SegmentTenants
column,platform.segment_tenant.segment_id,Platform.SegmentTenants.segmentId
column,platform.segment_tenant.tenant_id,Platform.SegmentTenants.tenantId
column,platform.segment_tenant.created_at,Platform.SegmentTenants.createdAt
column,platform.segment_tenant.created_by,Platform.SegmentTenants.createdBy
column,platform.segment_tenant.updated_at,Platform.SegmentTenants.updatedAt
column,platform.segment_tenant.updated_by,Platform.SegmentTenants.updatedBy
column,platform.segment_tenant.row_version,Platform.SegmentTenants.rowVersion
table,platform.staff_role,Platform.PlatformStaffRoles
column,platform.staff_role.is_locked,Platform.PlatformStaffRoles.isLocked
column,platform.staff_role.sort_order,Platform.PlatformStaffRoles.sortOrder
column,platform.staff_role.created_at,Platform.PlatformStaffRoles.createdAt
column,platform.staff_role.created_by,Platform.PlatformStaffRoles.createdBy
column,platform.staff_role.updated_at,Platform.PlatformStaffRoles.updatedAt
column,platform.staff_role.updated_by,Platform.PlatformStaffRoles.updatedBy
column,platform.staff_role.row_version,Platform.PlatformStaffRoles.rowVersion
table,platform.staff_role_permission,Platform.PlatformStaffRolePermissions
column,platform.staff_role_permission.staff_role_id,Platform.PlatformStaffRolePermissions.staffRoleId
column,platform.staff_role_permission.permission_key,Platform.PlatformStaffRolePermissions.permissionKey
column,platform.staff_role_permission.permission_group,Platform.PlatformStaffRolePermissions.permissionGroup
column,platform.staff_role_permission.is_granted,Platform.PlatformStaffRolePermissions.isGranted
column,platform.staff_role_permission.created_at,Platform.PlatformStaffRolePermissions.createdAt
column,platform.staff_role_permission.created_by,Platform.PlatformStaffRolePermissions.createdBy
column,platform.staff_role_permission.updated_at,Platform.PlatformStaffRolePermissions.updatedAt
column,platform.staff_role_permission.updated_by,Platform.PlatformStaffRolePermissions.updatedBy
column,platform.staff_role_permission.row_version,Platform.PlatformStaffRolePermissions.rowVersion
table,platform.staff_session,Platform.PlatformStaffSessions
column,platform.staff_session.staff_user_id,Platform.PlatformStaffSessions.staffUserId
column,platform.staff_session.device_label,Platform.PlatformStaffSessions.deviceLabel
column,platform.staff_session.user_agent,Platform.PlatformStaffSessions.userAgent
column,platform.staff_session.ip_address,Platform.PlatformStaffSessions.ipAddress
column,platform.staff_session.auth_method,Platform.PlatformStaffSessions.authMethod
column,platform.staff_session.mfa_method,Platform.PlatformStaffSessions.mfaMethod
column,platform.staff_session.started_at,Platform.PlatformStaffSessions.startedAt
column,platform.staff_session.last_seen_at,Platform.PlatformStaffSessions.lastSeenAt
column,platform.staff_session.revoked_at,Platform.PlatformStaffSessions.revokedAt
column,platform.staff_session.revoked_by_staff_id,Platform.PlatformStaffSessions.revokedByStaffId
column,platform.staff_session.revoke_reason,Platform.PlatformStaffSessions.revokeReason
column,platform.staff_session.created_at,Platform.PlatformStaffSessions.createdAt
column,platform.staff_session.created_by,Platform.PlatformStaffSessions.createdBy
column,platform.staff_session.updated_at,Platform.PlatformStaffSessions.updatedAt
column,platform.staff_session.updated_by,Platform.PlatformStaffSessions.updatedBy
column,platform.staff_session.row_version,Platform.PlatformStaffSessions.rowVersion
table,platform.staff_tenant_scope,Platform.PlatformStaffTenantScopes
column,platform.staff_tenant_scope.staff_user_id,Platform.PlatformStaffTenantScopes.staffUserId
column,platform.staff_tenant_scope.tenant_id,Platform.PlatformStaffTenantScopes.tenantId
column,platform.staff_tenant_scope.created_at,Platform.PlatformStaffTenantScopes.createdAt
column,platform.staff_tenant_scope.created_by,Platform.PlatformStaffTenantScopes.createdBy
column,platform.staff_tenant_scope.updated_at,Platform.PlatformStaffTenantScopes.updatedAt
column,platform.staff_tenant_scope.updated_by,Platform.PlatformStaffTenantScopes.updatedBy
column,platform.staff_tenant_scope.row_version,Platform.PlatformStaffTenantScopes.rowVersion
table,platform.staff_user,Platform.PlatformStaff
column,platform.staff_user.full_name,Platform.PlatformStaff.fullName
column,platform.staff_user.password_hash,Platform.PlatformStaff.passwordHash
column,platform.staff_user.mfa_type,Platform.PlatformStaff.mfaType
column,platform.staff_user.tenant_scope,Platform.PlatformStaff.tenantScope
column,platform.staff_user.last_active_at,Platform.PlatformStaff.lastActiveAt
column,platform.staff_user.scope_regions,Platform.PlatformStaff.scopeRegions
column,platform.staff_user.ip_restricted,Platform.PlatformStaff.ipRestricted
column,platform.staff_user.mfa_required,Platform.PlatformStaff.mfaRequired
column,platform.staff_user.mfa_enrolled_at,Platform.PlatformStaff.mfaEnrolledAt
column,platform.staff_user.invited_at,Platform.PlatformStaff.invitedAt
column,platform.staff_user.removed_at,Platform.PlatformStaff.removedAt
column,platform.staff_user.created_at,Platform.PlatformStaff.createdAt
column,platform.staff_user.created_by,Platform.PlatformStaff.createdBy
column,platform.staff_user.updated_at,Platform.PlatformStaff.updatedAt
column,platform.staff_user.updated_by,Platform.PlatformStaff.updatedBy
column,platform.staff_user.row_version,Platform.PlatformStaff.rowVersion
table,platform.subscription,Platform.Subscriptions
column,platform.subscription.tenant_id,Platform.Subscriptions.tenantId
column,platform.subscription.plan_id,Platform.Subscriptions.planId
column,platform.subscription.billing_cycle,Platform.Subscriptions.billingCycle
column,platform.subscription.starts_on,Platform.Subscriptions.startsOn
column,platform.subscription.trial_ends_on,Platform.Subscriptions.trialEndsOn
column,platform.subscription.current_period_start,Platform.Subscriptions.currentPeriodStart
column,platform.subscription.current_period_end,Platform.Subscriptions.currentPeriodEnd
column,platform.subscription.next_renewal_on,Platform.Subscriptions.nextRenewalOn
column,platform.subscription.payment_method,Platform.Subscriptions.paymentMethod
column,platform.subscription.payment_ref,Platform.Subscriptions.paymentRef
column,platform.subscription.auto_renew,Platform.Subscriptions.autoRenew
column,platform.subscription.cancelled_at,Platform.Subscriptions.cancelledAt
column,platform.subscription.cancel_reason,Platform.Subscriptions.cancelReason
column,platform.subscription.cancel_at_period_end,Platform.Subscriptions.cancelAtPeriodEnd
column,platform.subscription.mrr_amount,Platform.Subscriptions.mrrAmount
column,platform.subscription.created_at,Platform.Subscriptions.createdAt
column,platform.subscription.created_by,Platform.Subscriptions.createdBy
column,platform.subscription.updated_at,Platform.Subscriptions.updatedAt
column,platform.subscription.updated_by,Platform.Subscriptions.updatedBy
column,platform.subscription.row_version,Platform.Subscriptions.rowVersion
table,platform.subscription_event,Platform.SubscriptionEvents
column,platform.subscription_event.subscription_id,Platform.SubscriptionEvents.subscriptionId
column,platform.subscription_event.tenant_id,Platform.SubscriptionEvents.tenantId
column,platform.subscription_event.event_type,Platform.SubscriptionEvents.eventType
column,platform.subscription_event.occurred_at,Platform.SubscriptionEvents.occurredAt
column,platform.subscription_event.effective_on,Platform.SubscriptionEvents.effectiveOn
column,platform.subscription_event.from_plan_id,Platform.SubscriptionEvents.fromPlanId
column,platform.subscription_event.to_plan_id,Platform.SubscriptionEvents.toPlanId
column,platform.subscription_event.from_seats,Platform.SubscriptionEvents.fromSeats
column,platform.subscription_event.to_seats,Platform.SubscriptionEvents.toSeats
column,platform.subscription_event.mrr_before,Platform.SubscriptionEvents.mrrBefore
column,platform.subscription_event.mrr_after,Platform.SubscriptionEvents.mrrAfter
column,platform.subscription_event.mrr_delta,Platform.SubscriptionEvents.mrrDelta
column,platform.subscription_event.proration_amount,Platform.SubscriptionEvents.prorationAmount
column,platform.subscription_event.trial_days_added,Platform.SubscriptionEvents.trialDaysAdded
column,platform.subscription_event.staff_user_id,Platform.SubscriptionEvents.staffUserId
column,platform.subscription_event.created_at,Platform.SubscriptionEvents.createdAt
column,platform.subscription_event.created_by,Platform.SubscriptionEvents.createdBy
column,platform.subscription_event.updated_at,Platform.SubscriptionEvents.updatedAt
column,platform.subscription_event.updated_by,Platform.SubscriptionEvents.updatedBy
column,platform.subscription_event.row_version,Platform.SubscriptionEvents.rowVersion
table,platform.support_ticket,Platform.SupportTickets
column,platform.support_ticket.doc_no,Platform.SupportTickets.docNo
column,platform.support_ticket.tenant_id,Platform.SupportTickets.tenantId
column,platform.support_ticket.requester_user_id,Platform.SupportTickets.requesterUserId
column,platform.support_ticket.requester_name,Platform.SupportTickets.requesterName
column,platform.support_ticket.requester_role,Platform.SupportTickets.requesterRole
column,platform.support_ticket.requester_email,Platform.SupportTickets.requesterEmail
column,platform.support_ticket.assignee_staff_id,Platform.SupportTickets.assigneeStaffId
column,platform.support_ticket.opened_at,Platform.SupportTickets.openedAt
column,platform.support_ticket.first_response_at,Platform.SupportTickets.firstResponseAt
column,platform.support_ticket.sla_due_at,Platform.SupportTickets.slaDueAt
column,platform.support_ticket.resolved_at,Platform.SupportTickets.resolvedAt
column,platform.support_ticket.closed_at,Platform.SupportTickets.closedAt
column,platform.support_ticket.csat_rating,Platform.SupportTickets.csatRating
column,platform.support_ticket.csat_comment,Platform.SupportTickets.csatComment
column,platform.support_ticket.created_at,Platform.SupportTickets.createdAt
column,platform.support_ticket.created_by,Platform.SupportTickets.createdBy
column,platform.support_ticket.updated_at,Platform.SupportTickets.updatedAt
column,platform.support_ticket.updated_by,Platform.SupportTickets.updatedBy
column,platform.support_ticket.row_version,Platform.SupportTickets.rowVersion
table,platform.tax_authority,Platform.TaxMasterAuthorities
column,platform.tax_authority.levy_scope,Platform.TaxMasterAuthorities.levyScope
column,platform.tax_authority.sandbox_endpoint,Platform.TaxMasterAuthorities.sandboxEndpoint
column,platform.tax_authority.production_endpoint,Platform.TaxMasterAuthorities.productionEndpoint
column,platform.tax_authority.active_environment,Platform.TaxMasterAuthorities.activeEnvironment
column,platform.tax_authority.api_token_enc,Platform.TaxMasterAuthorities.apiTokenEnc
column,platform.tax_authority.api_token_last4,Platform.TaxMasterAuthorities.apiTokenLast4
column,platform.tax_authority.platform_pos_id,Platform.TaxMasterAuthorities.platformPosId
column,platform.tax_authority.timeout_seconds,Platform.TaxMasterAuthorities.timeoutSeconds
column,platform.tax_authority.on_failure,Platform.TaxMasterAuthorities.onFailure
column,platform.tax_authority.last_test_at,Platform.TaxMasterAuthorities.lastTestAt
column,platform.tax_authority.last_test_ok,Platform.TaxMasterAuthorities.lastTestOk
column,platform.tax_authority.last_test_ms,Platform.TaxMasterAuthorities.lastTestMs
column,platform.tax_authority.created_at,Platform.TaxMasterAuthorities.createdAt
column,platform.tax_authority.created_by,Platform.TaxMasterAuthorities.createdBy
column,platform.tax_authority.updated_at,Platform.TaxMasterAuthorities.updatedAt
column,platform.tax_authority.updated_by,Platform.TaxMasterAuthorities.updatedBy
column,platform.tax_authority.row_version,Platform.TaxMasterAuthorities.rowVersion
table,platform.tax_master_salary_slab,Platform.TaxMasterSalarySlabs
column,platform.tax_master_salary_slab.tax_year,Platform.TaxMasterSalarySlabs.taxYear
column,platform.tax_master_salary_slab.slab_no,Platform.TaxMasterSalarySlabs.slabNo
column,platform.tax_master_salary_slab.income_from,Platform.TaxMasterSalarySlabs.incomeFrom
column,platform.tax_master_salary_slab.income_to,Platform.TaxMasterSalarySlabs.incomeTo
column,platform.tax_master_salary_slab.fixed_tax,Platform.TaxMasterSalarySlabs.fixedTax
column,platform.tax_master_salary_slab.rate_pct,Platform.TaxMasterSalarySlabs.ratePct
column,platform.tax_master_salary_slab.excess_over,Platform.TaxMasterSalarySlabs.excessOver
column,platform.tax_master_salary_slab.legal_reference,Platform.TaxMasterSalarySlabs.legalReference
column,platform.tax_master_salary_slab.created_at,Platform.TaxMasterSalarySlabs.createdAt
column,platform.tax_master_salary_slab.created_by,Platform.TaxMasterSalarySlabs.createdBy
column,platform.tax_master_salary_slab.updated_at,Platform.TaxMasterSalarySlabs.updatedAt
column,platform.tax_master_salary_slab.updated_by,Platform.TaxMasterSalarySlabs.updatedBy
column,platform.tax_master_salary_slab.row_version,Platform.TaxMasterSalarySlabs.rowVersion
table,platform.tax_master_sales_tax,Platform.TaxMasterSalesTaxRates
column,platform.tax_master_sales_tax.tax_authority_id,Platform.TaxMasterSalesTaxRates.taxAuthorityId
column,platform.tax_master_sales_tax.applies_to,Platform.TaxMasterSalesTaxRates.appliesTo
column,platform.tax_master_sales_tax.reduced_rates_note,Platform.TaxMasterSalesTaxRates.reducedRatesNote
column,platform.tax_master_sales_tax.effective_from,Platform.TaxMasterSalesTaxRates.effectiveFrom
column,platform.tax_master_sales_tax.effective_to,Platform.TaxMasterSalesTaxRates.effectiveTo
column,platform.tax_master_sales_tax.legal_reference,Platform.TaxMasterSalesTaxRates.legalReference
column,platform.tax_master_sales_tax.master_version,Platform.TaxMasterSalesTaxRates.masterVersion
column,platform.tax_master_sales_tax.published_at,Platform.TaxMasterSalesTaxRates.publishedAt
column,platform.tax_master_sales_tax.created_at,Platform.TaxMasterSalesTaxRates.createdAt
column,platform.tax_master_sales_tax.created_by,Platform.TaxMasterSalesTaxRates.createdBy
column,platform.tax_master_sales_tax.updated_at,Platform.TaxMasterSalesTaxRates.updatedAt
column,platform.tax_master_sales_tax.updated_by,Platform.TaxMasterSalesTaxRates.updatedBy
column,platform.tax_master_sales_tax.row_version,Platform.TaxMasterSalesTaxRates.rowVersion
table,platform.tax_master_wht,Platform.TaxMasterWithholdingRates
column,platform.tax_master_wht.section_code,Platform.TaxMasterWithholdingRates.sectionCode
column,platform.tax_master_wht.atl_rate_company,Platform.TaxMasterWithholdingRates.atlRateCompany
column,platform.tax_master_wht.atl_rate_other,Platform.TaxMasterWithholdingRates.atlRateOther
column,platform.tax_master_wht.non_atl_rate_company,Platform.TaxMasterWithholdingRates.nonAtlRateCompany
column,platform.tax_master_wht.non_atl_rate_other,Platform.TaxMasterWithholdingRates.nonAtlRateOther
column,platform.tax_master_wht.rate_note,Platform.TaxMasterWithholdingRates.rateNote
column,platform.tax_master_wht.threshold_amount,Platform.TaxMasterWithholdingRates.thresholdAmount
column,platform.tax_master_wht.threshold_note,Platform.TaxMasterWithholdingRates.thresholdNote
column,platform.tax_master_wht.uses_salary_slabs,Platform.TaxMasterWithholdingRates.usesSalarySlabs
column,platform.tax_master_wht.effective_from,Platform.TaxMasterWithholdingRates.effectiveFrom
column,platform.tax_master_wht.effective_to,Platform.TaxMasterWithholdingRates.effectiveTo
column,platform.tax_master_wht.legal_reference,Platform.TaxMasterWithholdingRates.legalReference
column,platform.tax_master_wht.master_version,Platform.TaxMasterWithholdingRates.masterVersion
column,platform.tax_master_wht.published_at,Platform.TaxMasterWithholdingRates.publishedAt
column,platform.tax_master_wht.created_at,Platform.TaxMasterWithholdingRates.createdAt
column,platform.tax_master_wht.created_by,Platform.TaxMasterWithholdingRates.createdBy
column,platform.tax_master_wht.updated_at,Platform.TaxMasterWithholdingRates.updatedAt
column,platform.tax_master_wht.updated_by,Platform.TaxMasterWithholdingRates.updatedBy
column,platform.tax_master_wht.row_version,Platform.TaxMasterWithholdingRates.rowVersion
table,platform.tenant,Platform.Tenants
column,platform.tenant.display_name,Platform.Tenants.displayName
column,platform.tenant.legal_name,Platform.Tenants.legalName
column,platform.tenant.secp_reg_no,Platform.Tenants.secpRegNo
column,platform.tenant.fiscal_year_start_month,Platform.Tenants.fiscalYearStartMonth
column,platform.tenant.base_currency,Platform.Tenants.baseCurrency
column,platform.tenant.number_format,Platform.Tenants.numberFormat
column,platform.tenant.date_format,Platform.Tenants.dateFormat
column,platform.tenant.data_residency,Platform.Tenants.dataResidency
column,platform.tenant.coa_template_id,Platform.Tenants.coaTemplateId
column,platform.tenant.require_mfa,Platform.Tenants.requireMfa
column,platform.tenant.allow_sso,Platform.Tenants.allowSso
column,platform.tenant.default_language,Platform.Tenants.defaultLanguage
column,platform.tenant.health_score,Platform.Tenants.healthScore
column,platform.tenant.trial_ends_on,Platform.Tenants.trialEndsOn
column,platform.tenant.activated_at,Platform.Tenants.activatedAt
column,platform.tenant.last_active_at,Platform.Tenants.lastActiveAt
column,platform.tenant.account_owner_staff_id,Platform.Tenants.accountOwnerStaffId
column,platform.tenant.app_version,Platform.Tenants.appVersion
column,platform.tenant.is_beta,Platform.Tenants.isBeta
column,platform.tenant.is_internal,Platform.Tenants.isInternal
column,platform.tenant.sales_tax_registered,Platform.Tenants.salesTaxRegistered
column,platform.tenant.health_factors,Platform.Tenants.healthFactors
column,platform.tenant.health_updated_at,Platform.Tenants.healthUpdatedAt
column,platform.tenant.suspended_at,Platform.Tenants.suspendedAt
column,platform.tenant.suspension_reason,Platform.Tenants.suspensionReason
column,platform.tenant.churned_at,Platform.Tenants.churnedAt
column,platform.tenant.churn_reason,Platform.Tenants.churnReason
column,platform.tenant.created_at,Platform.Tenants.createdAt
column,platform.tenant.created_by,Platform.Tenants.createdBy
column,platform.tenant.updated_at,Platform.Tenants.updatedAt
column,platform.tenant.updated_by,Platform.Tenants.updatedBy
column,platform.tenant.row_version,Platform.Tenants.rowVersion
table,platform.tenant_addon,Platform.TenantAddons
column,platform.tenant_addon.tenant_id,Platform.TenantAddons.tenantId
column,platform.tenant_addon.addon_id,Platform.TenantAddons.addonId
column,platform.tenant_addon.subscription_id,Platform.TenantAddons.subscriptionId
column,platform.tenant_addon.unit_price,Platform.TenantAddons.unitPrice
column,platform.tenant_addon.started_on,Platform.TenantAddons.startedOn
column,platform.tenant_addon.ended_on,Platform.TenantAddons.endedOn
column,platform.tenant_addon.enabled_by_staff_id,Platform.TenantAddons.enabledByStaffId
column,platform.tenant_addon.created_at,Platform.TenantAddons.createdAt
column,platform.tenant_addon.created_by,Platform.TenantAddons.createdBy
column,platform.tenant_addon.updated_at,Platform.TenantAddons.updatedAt
column,platform.tenant_addon.updated_by,Platform.TenantAddons.updatedBy
column,platform.tenant_addon.row_version,Platform.TenantAddons.rowVersion
table,platform.tenant_contact,Platform.TenantContacts
column,platform.tenant_contact.tenant_id,Platform.TenantContacts.tenantId
column,platform.tenant_contact.contact_role,Platform.TenantContacts.contactRole
column,platform.tenant_contact.full_name,Platform.TenantContacts.fullName
column,platform.tenant_contact.is_primary,Platform.TenantContacts.isPrimary
column,platform.tenant_contact.created_at,Platform.TenantContacts.createdAt
column,platform.tenant_contact.created_by,Platform.TenantContacts.createdBy
column,platform.tenant_contact.updated_at,Platform.TenantContacts.updatedAt
column,platform.tenant_contact.updated_by,Platform.TenantContacts.updatedBy
column,platform.tenant_contact.row_version,Platform.TenantContacts.rowVersion
table,platform.tenant_module,Platform.TenantModules
column,platform.tenant_module.tenant_id,Platform.TenantModules.tenantId
column,platform.tenant_module.module_key,Platform.TenantModules.moduleKey
column,platform.tenant_module.enabled_at,Platform.TenantModules.enabledAt
column,platform.tenant_module.created_at,Platform.TenantModules.createdAt
column,platform.tenant_module.created_by,Platform.TenantModules.createdBy
column,platform.tenant_module.updated_at,Platform.TenantModules.updatedAt
column,platform.tenant_module.updated_by,Platform.TenantModules.updatedBy
column,platform.tenant_module.row_version,Platform.TenantModules.rowVersion
table,platform.tenant_note,Platform.TenantNotes
column,platform.tenant_note.tenant_id,Platform.TenantNotes.tenantId
column,platform.tenant_note.author_staff_id,Platform.TenantNotes.authorStaffId
column,platform.tenant_note.created_at,Platform.TenantNotes.createdAt
column,platform.tenant_note.created_by,Platform.TenantNotes.createdBy
column,platform.tenant_note.updated_at,Platform.TenantNotes.updatedAt
column,platform.tenant_note.updated_by,Platform.TenantNotes.updatedBy
column,platform.tenant_note.row_version,Platform.TenantNotes.rowVersion
column,platform.tenant_note.deleted_at,Platform.TenantNotes.deletedAt
table,platform.ticket_message,Platform.SupportTicketMessages
column,platform.ticket_message.ticket_id,Platform.SupportTicketMessages.ticketId
column,platform.ticket_message.author_kind,Platform.SupportTicketMessages.authorKind
column,platform.ticket_message.author_staff_id,Platform.SupportTicketMessages.authorStaffId
column,platform.ticket_message.author_user_id,Platform.SupportTicketMessages.authorUserId
column,platform.ticket_message.author_name,Platform.SupportTicketMessages.authorName
column,platform.ticket_message.is_internal_note,Platform.SupportTicketMessages.isInternalNote
column,platform.ticket_message.posted_at,Platform.SupportTicketMessages.postedAt
column,platform.ticket_message.created_at,Platform.SupportTicketMessages.createdAt
column,platform.ticket_message.created_by,Platform.SupportTicketMessages.createdBy
column,platform.ticket_message.updated_at,Platform.SupportTicketMessages.updatedAt
column,platform.ticket_message.updated_by,Platform.SupportTicketMessages.updatedBy
column,platform.ticket_message.row_version,Platform.SupportTicketMessages.rowVersion
table,platform.usage_limit_override,Platform.UsageLimitOverrides
column,platform.usage_limit_override.tenant_id,Platform.UsageLimitOverrides.tenantId
column,platform.usage_limit_override.usage_meter_id,Platform.UsageLimitOverrides.usageMeterId
column,platform.usage_limit_override.previous_limit,Platform.UsageLimitOverrides.previousLimit
column,platform.usage_limit_override.limit_value,Platform.UsageLimitOverrides.limitValue
column,platform.usage_limit_override.expiry_mode,Platform.UsageLimitOverrides.expiryMode
column,platform.usage_limit_override.expires_on,Platform.UsageLimitOverrides.expiresOn
column,platform.usage_limit_override.bill_overage,Platform.UsageLimitOverrides.billOverage
column,platform.usage_limit_override.custom_price,Platform.UsageLimitOverrides.customPrice
column,platform.usage_limit_override.approved_by_staff_id,Platform.UsageLimitOverrides.approvedByStaffId
column,platform.usage_limit_override.applied_by_staff_id,Platform.UsageLimitOverrides.appliedByStaffId
column,platform.usage_limit_override.revoked_at,Platform.UsageLimitOverrides.revokedAt
column,platform.usage_limit_override.created_at,Platform.UsageLimitOverrides.createdAt
column,platform.usage_limit_override.created_by,Platform.UsageLimitOverrides.createdBy
column,platform.usage_limit_override.updated_at,Platform.UsageLimitOverrides.updatedAt
column,platform.usage_limit_override.updated_by,Platform.UsageLimitOverrides.updatedBy
column,platform.usage_limit_override.row_version,Platform.UsageLimitOverrides.rowVersion
table,platform.usage_meter,Platform.UsageMeters
column,platform.usage_meter.reset_period,Platform.UsageMeters.resetPeriod
column,platform.usage_meter.sort_order,Platform.UsageMeters.sortOrder
column,platform.usage_meter.is_active,Platform.UsageMeters.isActive
column,platform.usage_meter.created_at,Platform.UsageMeters.createdAt
column,platform.usage_meter.created_by,Platform.UsageMeters.createdBy
column,platform.usage_meter.updated_at,Platform.UsageMeters.updatedAt
column,platform.usage_meter.updated_by,Platform.UsageMeters.updatedBy
column,platform.usage_meter.row_version,Platform.UsageMeters.rowVersion
table,platform.usage_rule,Platform.UsageAlertRules
column,platform.usage_rule.usage_meter_id,Platform.UsageAlertRules.usageMeterId
column,platform.usage_rule.threshold_pct,Platform.UsageAlertRules.thresholdPct
column,platform.usage_rule.plan_id,Platform.UsageAlertRules.planId
column,platform.usage_rule.action_detail,Platform.UsageAlertRules.actionDetail
column,platform.usage_rule.throttle_rps,Platform.UsageAlertRules.throttleRps
column,platform.usage_rule.offer_addon_id,Platform.UsageAlertRules.offerAddonId
column,platform.usage_rule.is_enabled,Platform.UsageAlertRules.isEnabled
column,platform.usage_rule.eval_interval_minutes,Platform.UsageAlertRules.evalIntervalMinutes
column,platform.usage_rule.last_evaluated_at,Platform.UsageAlertRules.lastEvaluatedAt
column,platform.usage_rule.created_at,Platform.UsageAlertRules.createdAt
column,platform.usage_rule.created_by,Platform.UsageAlertRules.createdBy
column,platform.usage_rule.updated_at,Platform.UsageAlertRules.updatedAt
column,platform.usage_rule.updated_by,Platform.UsageAlertRules.updatedBy
column,platform.usage_rule.row_version,Platform.UsageAlertRules.rowVersion
table,platform.usage_snapshot,Platform.UsageSnapshots
column,platform.usage_snapshot.tenant_id,Platform.UsageSnapshots.tenantId
column,platform.usage_snapshot.usage_meter_id,Platform.UsageSnapshots.usageMeterId
column,platform.usage_snapshot.snapshot_date,Platform.UsageSnapshots.snapshotDate
column,platform.usage_snapshot.period_start,Platform.UsageSnapshots.periodStart
column,platform.usage_snapshot.used_value,Platform.UsageSnapshots.usedValue
column,platform.usage_snapshot.limit_value,Platform.UsageSnapshots.limitValue
column,platform.usage_snapshot.created_at,Platform.UsageSnapshots.createdAt
column,platform.usage_snapshot.created_by,Platform.UsageSnapshots.createdBy
column,platform.usage_snapshot.updated_at,Platform.UsageSnapshots.updatedAt
column,platform.usage_snapshot.updated_by,Platform.UsageSnapshots.updatedBy
column,platform.usage_snapshot.row_version,Platform.UsageSnapshots.rowVersion
table,platform.webhook_delivery,Platform.WebhookDeliveries
column,platform.webhook_delivery.tenant_id,Platform.WebhookDeliveries.tenantId
column,platform.webhook_delivery.webhook_endpoint_id,Platform.WebhookDeliveries.webhookEndpointId
column,platform.webhook_delivery.event_id,Platform.WebhookDeliveries.eventId
column,platform.webhook_delivery.event_type,Platform.WebhookDeliveries.eventType
column,platform.webhook_delivery.request_payload,Platform.WebhookDeliveries.requestPayload
column,platform.webhook_delivery.request_signature,Platform.WebhookDeliveries.requestSignature
column,platform.webhook_delivery.response_code,Platform.WebhookDeliveries.responseCode
column,platform.webhook_delivery.response_body,Platform.WebhookDeliveries.responseBody
column,platform.webhook_delivery.latency_ms,Platform.WebhookDeliveries.latencyMs
column,platform.webhook_delivery.attempt_no,Platform.WebhookDeliveries.attemptNo
column,platform.webhook_delivery.next_retry_at,Platform.WebhookDeliveries.nextRetryAt
column,platform.webhook_delivery.replay_of_id,Platform.WebhookDeliveries.replayOfId
column,platform.webhook_delivery.delivered_at,Platform.WebhookDeliveries.deliveredAt
column,platform.webhook_delivery.created_at,Platform.WebhookDeliveries.createdAt
column,platform.webhook_delivery.created_by,Platform.WebhookDeliveries.createdBy
column,platform.webhook_delivery.updated_at,Platform.WebhookDeliveries.updatedAt
column,platform.webhook_delivery.updated_by,Platform.WebhookDeliveries.updatedBy
column,platform.webhook_delivery.row_version,Platform.WebhookDeliveries.rowVersion
table,platform.webhook_endpoint,Platform.WebhookEndpoints
column,platform.webhook_endpoint.tenant_id,Platform.WebhookEndpoints.tenantId
column,platform.webhook_endpoint.is_enabled,Platform.WebhookEndpoints.isEnabled
column,platform.webhook_endpoint.signing_secret_enc,Platform.WebhookEndpoints.signingSecretEnc
column,platform.webhook_endpoint.secret_last4,Platform.WebhookEndpoints.secretLast4
column,platform.webhook_endpoint.paused_at,Platform.WebhookEndpoints.pausedAt
column,platform.webhook_endpoint.created_at,Platform.WebhookEndpoints.createdAt
column,platform.webhook_endpoint.created_by,Platform.WebhookEndpoints.createdBy
column,platform.webhook_endpoint.updated_at,Platform.WebhookEndpoints.updatedAt
column,platform.webhook_endpoint.updated_by,Platform.WebhookEndpoints.updatedBy
column,platform.webhook_endpoint.row_version,Platform.WebhookEndpoints.rowVersion
table,purchase.bill,Purchases.VendorBills
column,purchase.bill.tenant_id,Purchases.VendorBills.tenantId
column,purchase.bill.doc_no,Purchases.VendorBills.docNo
column,purchase.bill.doc_date,Purchases.VendorBills.docDate
column,purchase.bill.due_date,Purchases.VendorBills.dueDate
column,purchase.bill.vendor_id,Purchases.VendorBills.vendorId
column,purchase.bill.branch_id,Purchases.VendorBills.branchId
column,purchase.bill.warehouse_id,Purchases.VendorBills.warehouseId
column,purchase.bill.purchase_order_id,Purchases.VendorBills.purchaseOrderId
column,purchase.bill.grn_id,Purchases.VendorBills.grnId
column,purchase.bill.vendor_invoice_no,Purchases.VendorBills.vendorInvoiceNo
column,purchase.bill.payable_account_id,Purchases.VendorBills.payableAccountId
column,purchase.bill.currency_code,Purchases.VendorBills.currencyCode
column,purchase.bill.fx_rate,Purchases.VendorBills.fxRate
column,purchase.bill.purchaser_user_id,Purchases.VendorBills.purchaserUserId
column,purchase.bill.cost_centre_id,Purchases.VendorBills.costCentreId
column,purchase.bill.deal_on_supply,Purchases.VendorBills.dealOnSupply
column,purchase.bill.retail_price_discount_pct,Purchases.VendorBills.retailPriceDiscountPct
column,purchase.bill.capture_method,Purchases.VendorBills.captureMethod
column,purchase.bill.gross_amount,Purchases.VendorBills.grossAmount
column,purchase.bill.discount_amount,Purchases.VendorBills.discountAmount
column,purchase.bill.net_amount,Purchases.VendorBills.netAmount
column,purchase.bill.tax_amount,Purchases.VendorBills.taxAmount
column,purchase.bill.advance_tax_amount,Purchases.VendorBills.advanceTaxAmount
column,purchase.bill.total_amount,Purchases.VendorBills.totalAmount
column,purchase.bill.wht_amount,Purchases.VendorBills.whtAmount
column,purchase.bill.net_payable_amount,Purchases.VendorBills.netPayableAmount
column,purchase.bill.pay_mode,Purchases.VendorBills.payMode
column,purchase.bill.bank_account_id,Purchases.VendorBills.bankAccountId
column,purchase.bill.cash_account_id,Purchases.VendorBills.cashAccountId
column,purchase.bill.cheque_no,Purchases.VendorBills.chequeNo
column,purchase.bill.cheque_id,Purchases.VendorBills.chequeId
column,purchase.bill.paid_now_amount,Purchases.VendorBills.paidNowAmount
column,purchase.bill.balance_amount,Purchases.VendorBills.balanceAmount
column,purchase.bill.match_status,Purchases.VendorBills.matchStatus
column,purchase.bill.match_variance_pct,Purchases.VendorBills.matchVariancePct
column,purchase.bill.is_disputed,Purchases.VendorBills.isDisputed
column,purchase.bill.dispute_note,Purchases.VendorBills.disputeNote
column,purchase.bill.submitted_at,Purchases.VendorBills.submittedAt
column,purchase.bill.approved_by_user_id,Purchases.VendorBills.approvedByUserId
column,purchase.bill.approved_at,Purchases.VendorBills.approvedAt
column,purchase.bill.posted_at,Purchases.VendorBills.postedAt
column,purchase.bill.journal_entry_id,Purchases.VendorBills.journalEntryId
column,purchase.bill.voided_at,Purchases.VendorBills.voidedAt
column,purchase.bill.void_reason,Purchases.VendorBills.voidReason
column,purchase.bill.project_id,Purchases.VendorBills.projectId
column,purchase.bill.created_at,Purchases.VendorBills.createdAt
column,purchase.bill.created_by,Purchases.VendorBills.createdBy
column,purchase.bill.updated_at,Purchases.VendorBills.updatedAt
column,purchase.bill.updated_by,Purchases.VendorBills.updatedBy
column,purchase.bill.row_version,Purchases.VendorBills.rowVersion
table,purchase.bill_line,Purchases.VendorBillLines
column,purchase.bill_line.tenant_id,Purchases.VendorBillLines.tenantId
column,purchase.bill_line.bill_id,Purchases.VendorBillLines.billId
column,purchase.bill_line.line_no,Purchases.VendorBillLines.lineNo
column,purchase.bill_line.item_id,Purchases.VendorBillLines.itemId
column,purchase.bill_line.account_id,Purchases.VendorBillLines.accountId
column,purchase.bill_line.purchase_order_line_id,Purchases.VendorBillLines.purchaseOrderLineId
column,purchase.bill_line.grn_line_id,Purchases.VendorBillLines.grnLineId
column,purchase.bill_line.qty_ctn,Purchases.VendorBillLines.qtyCtn
column,purchase.bill_line.qty_loose,Purchases.VendorBillLines.qtyLoose
column,purchase.bill_line.base_qty,Purchases.VendorBillLines.baseQty
column,purchase.bill_line.bonus_qty,Purchases.VendorBillLines.bonusQty
column,purchase.bill_line.breakage_qty,Purchases.VendorBillLines.breakageQty
column,purchase.bill_line.total_qty,Purchases.VendorBillLines.totalQty
column,purchase.bill_line.sale_price,Purchases.VendorBillLines.salePrice
column,purchase.bill_line.update_item_sale_price,Purchases.VendorBillLines.updateItemSalePrice
column,purchase.bill_line.discount_pct,Purchases.VendorBillLines.discountPct
column,purchase.bill_line.gross_amount,Purchases.VendorBillLines.grossAmount
column,purchase.bill_line.discount_amount,Purchases.VendorBillLines.discountAmount
column,purchase.bill_line.net_amount,Purchases.VendorBillLines.netAmount
column,purchase.bill_line.tax_code_id,Purchases.VendorBillLines.taxCodeId
column,purchase.bill_line.tax_rate,Purchases.VendorBillLines.taxRate
column,purchase.bill_line.tax_amount,Purchases.VendorBillLines.taxAmount
column,purchase.bill_line.total_amount,Purchases.VendorBillLines.totalAmount
column,purchase.bill_line.wht_section,Purchases.VendorBillLines.whtSection
column,purchase.bill_line.wht_rate,Purchases.VendorBillLines.whtRate
column,purchase.bill_line.wht_amount,Purchases.VendorBillLines.whtAmount
column,purchase.bill_line.net_unit_cost,Purchases.VendorBillLines.netUnitCost
column,purchase.bill_line.batch_id,Purchases.VendorBillLines.batchId
column,purchase.bill_line.batch_no,Purchases.VendorBillLines.batchNo
column,purchase.bill_line.expiry_date,Purchases.VendorBillLines.expiryDate
column,purchase.bill_line.cost_centre_id,Purchases.VendorBillLines.costCentreId
column,purchase.bill_line.project_id,Purchases.VendorBillLines.projectId
column,purchase.bill_line.created_at,Purchases.VendorBillLines.createdAt
column,purchase.bill_line.created_by,Purchases.VendorBillLines.createdBy
column,purchase.bill_line.updated_at,Purchases.VendorBillLines.updatedAt
column,purchase.bill_line.updated_by,Purchases.VendorBillLines.updatedBy
column,purchase.bill_line.row_version,Purchases.VendorBillLines.rowVersion
table,purchase.debit_note,Purchases.DebitNotes
column,purchase.debit_note.tenant_id,Purchases.DebitNotes.tenantId
column,purchase.debit_note.doc_no,Purchases.DebitNotes.docNo
column,purchase.debit_note.doc_date,Purchases.DebitNotes.docDate
column,purchase.debit_note.vendor_id,Purchases.DebitNotes.vendorId
column,purchase.debit_note.branch_id,Purchases.DebitNotes.branchId
column,purchase.debit_note.bill_id,Purchases.DebitNotes.billId
column,purchase.debit_note.reason_note,Purchases.DebitNotes.reasonNote
column,purchase.debit_note.warehouse_id,Purchases.DebitNotes.warehouseId
column,purchase.debit_note.net_amount,Purchases.DebitNotes.netAmount
column,purchase.debit_note.tax_amount,Purchases.DebitNotes.taxAmount
column,purchase.debit_note.total_amount,Purchases.DebitNotes.totalAmount
column,purchase.debit_note.wht_amount,Purchases.DebitNotes.whtAmount
column,purchase.debit_note.credit_amount,Purchases.DebitNotes.creditAmount
column,purchase.debit_note.applied_amount,Purchases.DebitNotes.appliedAmount
column,purchase.debit_note.refunded_amount,Purchases.DebitNotes.refundedAmount
column,purchase.debit_note.balance_amount,Purchases.DebitNotes.balanceAmount
column,purchase.debit_note.posted_at,Purchases.DebitNotes.postedAt
column,purchase.debit_note.journal_entry_id,Purchases.DebitNotes.journalEntryId
column,purchase.debit_note.emailed_at,Purchases.DebitNotes.emailedAt
column,purchase.debit_note.voided_at,Purchases.DebitNotes.voidedAt
column,purchase.debit_note.void_reason,Purchases.DebitNotes.voidReason
column,purchase.debit_note.purchase_return_id,Purchases.DebitNotes.purchaseReturnId
column,purchase.debit_note.created_at,Purchases.DebitNotes.createdAt
column,purchase.debit_note.created_by,Purchases.DebitNotes.createdBy
column,purchase.debit_note.updated_at,Purchases.DebitNotes.updatedAt
column,purchase.debit_note.updated_by,Purchases.DebitNotes.updatedBy
column,purchase.debit_note.row_version,Purchases.DebitNotes.rowVersion
table,purchase.debit_note_line,Purchases.DebitNoteLines
column,purchase.debit_note_line.tenant_id,Purchases.DebitNoteLines.tenantId
column,purchase.debit_note_line.debit_note_id,Purchases.DebitNoteLines.debitNoteId
column,purchase.debit_note_line.line_no,Purchases.DebitNoteLines.lineNo
column,purchase.debit_note_line.bill_line_id,Purchases.DebitNoteLines.billLineId
column,purchase.debit_note_line.item_id,Purchases.DebitNoteLines.itemId
column,purchase.debit_note_line.billed_qty,Purchases.DebitNoteLines.billedQty
column,purchase.debit_note_line.return_qty,Purchases.DebitNoteLines.returnQty
column,purchase.debit_note_line.net_amount,Purchases.DebitNoteLines.netAmount
column,purchase.debit_note_line.tax_code_id,Purchases.DebitNoteLines.taxCodeId
column,purchase.debit_note_line.tax_rate,Purchases.DebitNoteLines.taxRate
column,purchase.debit_note_line.tax_amount,Purchases.DebitNoteLines.taxAmount
column,purchase.debit_note_line.total_amount,Purchases.DebitNoteLines.totalAmount
column,purchase.debit_note_line.batch_id,Purchases.DebitNoteLines.batchId
column,purchase.debit_note_line.created_at,Purchases.DebitNoteLines.createdAt
column,purchase.debit_note_line.created_by,Purchases.DebitNoteLines.createdBy
column,purchase.debit_note_line.updated_at,Purchases.DebitNoteLines.updatedAt
column,purchase.debit_note_line.updated_by,Purchases.DebitNoteLines.updatedBy
column,purchase.debit_note_line.row_version,Purchases.DebitNoteLines.rowVersion
table,purchase.grn,Purchases.GoodsReceivedNotes
column,purchase.grn.tenant_id,Purchases.GoodsReceivedNotes.tenantId
column,purchase.grn.doc_no,Purchases.GoodsReceivedNotes.docNo
column,purchase.grn.doc_date,Purchases.GoodsReceivedNotes.docDate
column,purchase.grn.purchase_order_id,Purchases.GoodsReceivedNotes.purchaseOrderId
column,purchase.grn.vendor_id,Purchases.GoodsReceivedNotes.vendorId
column,purchase.grn.branch_id,Purchases.GoodsReceivedNotes.branchId
column,purchase.grn.warehouse_id,Purchases.GoodsReceivedNotes.warehouseId
column,purchase.grn.vendor_ref,Purchases.GoodsReceivedNotes.vendorRef
column,purchase.grn.qc_status,Purchases.GoodsReceivedNotes.qcStatus
column,purchase.grn.qc_note,Purchases.GoodsReceivedNotes.qcNote
column,purchase.grn.match_status,Purchases.GoodsReceivedNotes.matchStatus
column,purchase.grn.bill_status,Purchases.GoodsReceivedNotes.billStatus
column,purchase.grn.received_qty,Purchases.GoodsReceivedNotes.receivedQty
column,purchase.grn.accepted_amount,Purchases.GoodsReceivedNotes.acceptedAmount
column,purchase.grn.rejected_amount,Purchases.GoodsReceivedNotes.rejectedAmount
column,purchase.grn.posted_at,Purchases.GoodsReceivedNotes.postedAt
column,purchase.grn.journal_entry_id,Purchases.GoodsReceivedNotes.journalEntryId
column,purchase.grn.cancelled_at,Purchases.GoodsReceivedNotes.cancelledAt
column,purchase.grn.cancel_reason,Purchases.GoodsReceivedNotes.cancelReason
column,purchase.grn.is_import,Purchases.GoodsReceivedNotes.isImport
column,purchase.grn.created_at,Purchases.GoodsReceivedNotes.createdAt
column,purchase.grn.created_by,Purchases.GoodsReceivedNotes.createdBy
column,purchase.grn.updated_at,Purchases.GoodsReceivedNotes.updatedAt
column,purchase.grn.updated_by,Purchases.GoodsReceivedNotes.updatedBy
column,purchase.grn.row_version,Purchases.GoodsReceivedNotes.rowVersion
table,purchase.grn_line,Purchases.GoodsReceivedNoteLines
column,purchase.grn_line.tenant_id,Purchases.GoodsReceivedNoteLines.tenantId
column,purchase.grn_line.grn_id,Purchases.GoodsReceivedNoteLines.grnId
column,purchase.grn_line.line_no,Purchases.GoodsReceivedNoteLines.lineNo
column,purchase.grn_line.purchase_order_line_id,Purchases.GoodsReceivedNoteLines.purchaseOrderLineId
column,purchase.grn_line.item_id,Purchases.GoodsReceivedNoteLines.itemId
column,purchase.grn_line.ordered_qty,Purchases.GoodsReceivedNoteLines.orderedQty
column,purchase.grn_line.prev_received_qty,Purchases.GoodsReceivedNoteLines.prevReceivedQty
column,purchase.grn_line.received_qty,Purchases.GoodsReceivedNoteLines.receivedQty
column,purchase.grn_line.accepted_qty,Purchases.GoodsReceivedNoteLines.acceptedQty
column,purchase.grn_line.rejected_qty,Purchases.GoodsReceivedNoteLines.rejectedQty
column,purchase.grn_line.reject_reason,Purchases.GoodsReceivedNoteLines.rejectReason
column,purchase.grn_line.batch_id,Purchases.GoodsReceivedNoteLines.batchId
column,purchase.grn_line.batch_no,Purchases.GoodsReceivedNoteLines.batchNo
column,purchase.grn_line.expiry_date,Purchases.GoodsReceivedNoteLines.expiryDate
column,purchase.grn_line.unit_cost,Purchases.GoodsReceivedNoteLines.unitCost
column,purchase.grn_line.accepted_amount,Purchases.GoodsReceivedNoteLines.acceptedAmount
column,purchase.grn_line.rejected_amount,Purchases.GoodsReceivedNoteLines.rejectedAmount
column,purchase.grn_line.billed_qty,Purchases.GoodsReceivedNoteLines.billedQty
column,purchase.grn_line.created_at,Purchases.GoodsReceivedNoteLines.createdAt
column,purchase.grn_line.created_by,Purchases.GoodsReceivedNoteLines.createdBy
column,purchase.grn_line.updated_at,Purchases.GoodsReceivedNoteLines.updatedAt
column,purchase.grn_line.updated_by,Purchases.GoodsReceivedNoteLines.updatedBy
column,purchase.grn_line.row_version,Purchases.GoodsReceivedNoteLines.rowVersion
table,purchase.landed_cost_charge,Purchases.LandedCostCharges
column,purchase.landed_cost_charge.tenant_id,Purchases.LandedCostCharges.tenantId
column,purchase.landed_cost_charge.shipment_id,Purchases.LandedCostCharges.shipmentId
column,purchase.landed_cost_charge.line_no,Purchases.LandedCostCharges.lineNo
column,purchase.landed_cost_charge.charge_type,Purchases.LandedCostCharges.chargeType
column,purchase.landed_cost_charge.payee_vendor_id,Purchases.LandedCostCharges.payeeVendorId
column,purchase.landed_cost_charge.payee_name,Purchases.LandedCostCharges.payeeName
column,purchase.landed_cost_charge.rate_pct,Purchases.LandedCostCharges.ratePct
column,purchase.landed_cost_charge.is_capitalised,Purchases.LandedCostCharges.isCapitalised
column,purchase.landed_cost_charge.is_claimable,Purchases.LandedCostCharges.isClaimable
column,purchase.landed_cost_charge.claim_account_id,Purchases.LandedCostCharges.claimAccountId
column,purchase.landed_cost_charge.bill_id,Purchases.LandedCostCharges.billId
column,purchase.landed_cost_charge.created_at,Purchases.LandedCostCharges.createdAt
column,purchase.landed_cost_charge.created_by,Purchases.LandedCostCharges.createdBy
column,purchase.landed_cost_charge.updated_at,Purchases.LandedCostCharges.updatedAt
column,purchase.landed_cost_charge.updated_by,Purchases.LandedCostCharges.updatedBy
column,purchase.landed_cost_charge.row_version,Purchases.LandedCostCharges.rowVersion
table,purchase.landed_cost_item,Purchases.LandedCostItems
column,purchase.landed_cost_item.tenant_id,Purchases.LandedCostItems.tenantId
column,purchase.landed_cost_item.shipment_id,Purchases.LandedCostItems.shipmentId
column,purchase.landed_cost_item.line_no,Purchases.LandedCostItems.lineNo
column,purchase.landed_cost_item.grn_line_id,Purchases.LandedCostItems.grnLineId
column,purchase.landed_cost_item.item_id,Purchases.LandedCostItems.itemId
column,purchase.landed_cost_item.weight_kg,Purchases.LandedCostItems.weightKg
column,purchase.landed_cost_item.fob_unit_fcy,Purchases.LandedCostItems.fobUnitFcy
column,purchase.landed_cost_item.fob_amount,Purchases.LandedCostItems.fobAmount
column,purchase.landed_cost_item.share_pct,Purchases.LandedCostItems.sharePct
column,purchase.landed_cost_item.allocated_amount,Purchases.LandedCostItems.allocatedAmount
column,purchase.landed_cost_item.landed_unit_cost,Purchases.LandedCostItems.landedUnitCost
column,purchase.landed_cost_item.created_at,Purchases.LandedCostItems.createdAt
column,purchase.landed_cost_item.created_by,Purchases.LandedCostItems.createdBy
column,purchase.landed_cost_item.updated_at,Purchases.LandedCostItems.updatedAt
column,purchase.landed_cost_item.updated_by,Purchases.LandedCostItems.updatedBy
column,purchase.landed_cost_item.row_version,Purchases.LandedCostItems.rowVersion
table,purchase.landed_cost_shipment,Purchases.LandedCostShipments
column,purchase.landed_cost_shipment.tenant_id,Purchases.LandedCostShipments.tenantId
column,purchase.landed_cost_shipment.doc_no,Purchases.LandedCostShipments.docNo
column,purchase.landed_cost_shipment.doc_date,Purchases.LandedCostShipments.docDate
column,purchase.landed_cost_shipment.vendor_id,Purchases.LandedCostShipments.vendorId
column,purchase.landed_cost_shipment.branch_id,Purchases.LandedCostShipments.branchId
column,purchase.landed_cost_shipment.grn_id,Purchases.LandedCostShipments.grnId
column,purchase.landed_cost_shipment.origin_country,Purchases.LandedCostShipments.originCountry
column,purchase.landed_cost_shipment.port_of_loading,Purchases.LandedCostShipments.portOfLoading
column,purchase.landed_cost_shipment.port_of_discharge,Purchases.LandedCostShipments.portOfDischarge
column,purchase.landed_cost_shipment.shipment_mode,Purchases.LandedCostShipments.shipmentMode
column,purchase.landed_cost_shipment.container_info,Purchases.LandedCostShipments.containerInfo
column,purchase.landed_cost_shipment.bill_of_lading_no,Purchases.LandedCostShipments.billOfLadingNo
column,purchase.landed_cost_shipment.gd_no,Purchases.LandedCostShipments.gdNo
column,purchase.landed_cost_shipment.lc_ref,Purchases.LandedCostShipments.lcRef
column,purchase.landed_cost_shipment.bank_account_id,Purchases.LandedCostShipments.bankAccountId
column,purchase.landed_cost_shipment.currency_code,Purchases.LandedCostShipments.currencyCode
column,purchase.landed_cost_shipment.fx_rate,Purchases.LandedCostShipments.fxRate
column,purchase.landed_cost_shipment.cleared_on,Purchases.LandedCostShipments.clearedOn
column,purchase.landed_cost_shipment.allocation_basis,Purchases.LandedCostShipments.allocationBasis
column,purchase.landed_cost_shipment.fob_amount,Purchases.LandedCostShipments.fobAmount
column,purchase.landed_cost_shipment.capitalised_amount,Purchases.LandedCostShipments.capitalisedAmount
column,purchase.landed_cost_shipment.claimable_amount,Purchases.LandedCostShipments.claimableAmount
column,purchase.landed_cost_shipment.landed_value_amount,Purchases.LandedCostShipments.landedValueAmount
column,purchase.landed_cost_shipment.posted_at,Purchases.LandedCostShipments.postedAt
column,purchase.landed_cost_shipment.journal_entry_id,Purchases.LandedCostShipments.journalEntryId
column,purchase.landed_cost_shipment.cancelled_at,Purchases.LandedCostShipments.cancelledAt
column,purchase.landed_cost_shipment.cancel_reason,Purchases.LandedCostShipments.cancelReason
column,purchase.landed_cost_shipment.created_at,Purchases.LandedCostShipments.createdAt
column,purchase.landed_cost_shipment.created_by,Purchases.LandedCostShipments.createdBy
column,purchase.landed_cost_shipment.updated_at,Purchases.LandedCostShipments.updatedAt
column,purchase.landed_cost_shipment.updated_by,Purchases.LandedCostShipments.updatedBy
column,purchase.landed_cost_shipment.row_version,Purchases.LandedCostShipments.rowVersion
table,purchase.payment_allocation,Purchases.VendorPaymentAllocations
column,purchase.payment_allocation.tenant_id,Purchases.VendorPaymentAllocations.tenantId
column,purchase.payment_allocation.vendor_payment_id,Purchases.VendorPaymentAllocations.vendorPaymentId
column,purchase.payment_allocation.debit_note_id,Purchases.VendorPaymentAllocations.debitNoteId
column,purchase.payment_allocation.bill_id,Purchases.VendorPaymentAllocations.billId
column,purchase.payment_allocation.allocation_date,Purchases.VendorPaymentAllocations.allocationDate
column,purchase.payment_allocation.wht_amount,Purchases.VendorPaymentAllocations.whtAmount
column,purchase.payment_allocation.is_reversed,Purchases.VendorPaymentAllocations.isReversed
column,purchase.payment_allocation.reversed_at,Purchases.VendorPaymentAllocations.reversedAt
column,purchase.payment_allocation.created_at,Purchases.VendorPaymentAllocations.createdAt
column,purchase.payment_allocation.created_by,Purchases.VendorPaymentAllocations.createdBy
column,purchase.payment_allocation.updated_at,Purchases.VendorPaymentAllocations.updatedAt
column,purchase.payment_allocation.updated_by,Purchases.VendorPaymentAllocations.updatedBy
column,purchase.payment_allocation.row_version,Purchases.VendorPaymentAllocations.rowVersion
table,purchase.purchase_order,Purchases.PurchaseOrders
column,purchase.purchase_order.tenant_id,Purchases.PurchaseOrders.tenantId
column,purchase.purchase_order.doc_no,Purchases.PurchaseOrders.docNo
column,purchase.purchase_order.doc_date,Purchases.PurchaseOrders.docDate
column,purchase.purchase_order.vendor_id,Purchases.PurchaseOrders.vendorId
column,purchase.purchase_order.branch_id,Purchases.PurchaseOrders.branchId
column,purchase.purchase_order.warehouse_id,Purchases.PurchaseOrders.warehouseId
column,purchase.purchase_order.expected_date,Purchases.PurchaseOrders.expectedDate
column,purchase.purchase_order.payment_terms,Purchases.PurchaseOrders.paymentTerms
column,purchase.purchase_order.credit_days,Purchases.PurchaseOrders.creditDays
column,purchase.purchase_order.cost_centre_id,Purchases.PurchaseOrders.costCentreId
column,purchase.purchase_order.buyer_user_id,Purchases.PurchaseOrders.buyerUserId
column,purchase.purchase_order.currency_code,Purchases.PurchaseOrders.currencyCode
column,purchase.purchase_order.fx_rate,Purchases.PurchaseOrders.fxRate
column,purchase.purchase_order.gross_amount,Purchases.PurchaseOrders.grossAmount
column,purchase.purchase_order.discount_amount,Purchases.PurchaseOrders.discountAmount
column,purchase.purchase_order.net_amount,Purchases.PurchaseOrders.netAmount
column,purchase.purchase_order.tax_amount,Purchases.PurchaseOrders.taxAmount
column,purchase.purchase_order.total_amount,Purchases.PurchaseOrders.totalAmount
column,purchase.purchase_order.submitted_at,Purchases.PurchaseOrders.submittedAt
column,purchase.purchase_order.approved_by_user_id,Purchases.PurchaseOrders.approvedByUserId
column,purchase.purchase_order.approved_at,Purchases.PurchaseOrders.approvedAt
column,purchase.purchase_order.sent_to_vendor_at,Purchases.PurchaseOrders.sentToVendorAt
column,purchase.purchase_order.cancelled_at,Purchases.PurchaseOrders.cancelledAt
column,purchase.purchase_order.cancel_reason,Purchases.PurchaseOrders.cancelReason
column,purchase.purchase_order.department_id,Purchases.PurchaseOrders.departmentId
column,purchase.purchase_order.project_id,Purchases.PurchaseOrders.projectId
column,purchase.purchase_order.created_at,Purchases.PurchaseOrders.createdAt
column,purchase.purchase_order.created_by,Purchases.PurchaseOrders.createdBy
column,purchase.purchase_order.updated_at,Purchases.PurchaseOrders.updatedAt
column,purchase.purchase_order.updated_by,Purchases.PurchaseOrders.updatedBy
column,purchase.purchase_order.row_version,Purchases.PurchaseOrders.rowVersion
table,purchase.purchase_order_line,Purchases.PurchaseOrderLines
column,purchase.purchase_order_line.tenant_id,Purchases.PurchaseOrderLines.tenantId
column,purchase.purchase_order_line.purchase_order_id,Purchases.PurchaseOrderLines.purchaseOrderId
column,purchase.purchase_order_line.line_no,Purchases.PurchaseOrderLines.lineNo
column,purchase.purchase_order_line.item_id,Purchases.PurchaseOrderLines.itemId
column,purchase.purchase_order_line.account_id,Purchases.PurchaseOrderLines.accountId
column,purchase.purchase_order_line.qty_ctn,Purchases.PurchaseOrderLines.qtyCtn
column,purchase.purchase_order_line.qty_loose,Purchases.PurchaseOrderLines.qtyLoose
column,purchase.purchase_order_line.base_qty,Purchases.PurchaseOrderLines.baseQty
column,purchase.purchase_order_line.bonus_qty,Purchases.PurchaseOrderLines.bonusQty
column,purchase.purchase_order_line.discount_pct,Purchases.PurchaseOrderLines.discountPct
column,purchase.purchase_order_line.gross_amount,Purchases.PurchaseOrderLines.grossAmount
column,purchase.purchase_order_line.discount_amount,Purchases.PurchaseOrderLines.discountAmount
column,purchase.purchase_order_line.net_amount,Purchases.PurchaseOrderLines.netAmount
column,purchase.purchase_order_line.tax_code_id,Purchases.PurchaseOrderLines.taxCodeId
column,purchase.purchase_order_line.tax_rate,Purchases.PurchaseOrderLines.taxRate
column,purchase.purchase_order_line.tax_amount,Purchases.PurchaseOrderLines.taxAmount
column,purchase.purchase_order_line.total_amount,Purchases.PurchaseOrderLines.totalAmount
column,purchase.purchase_order_line.received_qty,Purchases.PurchaseOrderLines.receivedQty
column,purchase.purchase_order_line.billed_qty,Purchases.PurchaseOrderLines.billedQty
column,purchase.purchase_order_line.cost_centre_id,Purchases.PurchaseOrderLines.costCentreId
column,purchase.purchase_order_line.created_at,Purchases.PurchaseOrderLines.createdAt
column,purchase.purchase_order_line.created_by,Purchases.PurchaseOrderLines.createdBy
column,purchase.purchase_order_line.updated_at,Purchases.PurchaseOrderLines.updatedAt
column,purchase.purchase_order_line.updated_by,Purchases.PurchaseOrderLines.updatedBy
column,purchase.purchase_order_line.row_version,Purchases.PurchaseOrderLines.rowVersion
table,purchase.purchase_return,Purchases.PurchaseReturns
column,purchase.purchase_return.tenant_id,Purchases.PurchaseReturns.tenantId
column,purchase.purchase_return.doc_no,Purchases.PurchaseReturns.docNo
column,purchase.purchase_return.doc_date,Purchases.PurchaseReturns.docDate
column,purchase.purchase_return.vendor_id,Purchases.PurchaseReturns.vendorId
column,purchase.purchase_return.branch_id,Purchases.PurchaseReturns.branchId
column,purchase.purchase_return.warehouse_id,Purchases.PurchaseReturns.warehouseId
column,purchase.purchase_return.bill_id,Purchases.PurchaseReturns.billId
column,purchase.purchase_return.supplier_bill_no,Purchases.PurchaseReturns.supplierBillNo
column,purchase.purchase_return.cash_account_id,Purchases.PurchaseReturns.cashAccountId
column,purchase.purchase_return.gate_pass_no,Purchases.PurchaseReturns.gatePassNo
column,purchase.purchase_return.debit_note_narration,Purchases.PurchaseReturns.debitNoteNarration
column,purchase.purchase_return.gross_amount,Purchases.PurchaseReturns.grossAmount
column,purchase.purchase_return.discount_amount,Purchases.PurchaseReturns.discountAmount
column,purchase.purchase_return.tax_amount,Purchases.PurchaseReturns.taxAmount
column,purchase.purchase_return.total_amount,Purchases.PurchaseReturns.totalAmount
column,purchase.purchase_return.posted_at,Purchases.PurchaseReturns.postedAt
column,purchase.purchase_return.journal_entry_id,Purchases.PurchaseReturns.journalEntryId
column,purchase.purchase_return.cancelled_at,Purchases.PurchaseReturns.cancelledAt
column,purchase.purchase_return.cancel_reason,Purchases.PurchaseReturns.cancelReason
column,purchase.purchase_return.created_at,Purchases.PurchaseReturns.createdAt
column,purchase.purchase_return.created_by,Purchases.PurchaseReturns.createdBy
column,purchase.purchase_return.updated_at,Purchases.PurchaseReturns.updatedAt
column,purchase.purchase_return.updated_by,Purchases.PurchaseReturns.updatedBy
column,purchase.purchase_return.row_version,Purchases.PurchaseReturns.rowVersion
table,purchase.purchase_return_line,Purchases.PurchaseReturnLines
column,purchase.purchase_return_line.tenant_id,Purchases.PurchaseReturnLines.tenantId
column,purchase.purchase_return_line.purchase_return_id,Purchases.PurchaseReturnLines.purchaseReturnId
column,purchase.purchase_return_line.line_no,Purchases.PurchaseReturnLines.lineNo
column,purchase.purchase_return_line.bill_line_id,Purchases.PurchaseReturnLines.billLineId
column,purchase.purchase_return_line.item_id,Purchases.PurchaseReturnLines.itemId
column,purchase.purchase_return_line.batch_id,Purchases.PurchaseReturnLines.batchId
column,purchase.purchase_return_line.batch_no,Purchases.PurchaseReturnLines.batchNo
column,purchase.purchase_return_line.expiry_date,Purchases.PurchaseReturnLines.expiryDate
column,purchase.purchase_return_line.purchased_qty,Purchases.PurchaseReturnLines.purchasedQty
column,purchase.purchase_return_line.return_qty,Purchases.PurchaseReturnLines.returnQty
column,purchase.purchase_return_line.bonus_qty,Purchases.PurchaseReturnLines.bonusQty
column,purchase.purchase_return_line.discount_pct,Purchases.PurchaseReturnLines.discountPct
column,purchase.purchase_return_line.gross_amount,Purchases.PurchaseReturnLines.grossAmount
column,purchase.purchase_return_line.discount_amount,Purchases.PurchaseReturnLines.discountAmount
column,purchase.purchase_return_line.tax_code_id,Purchases.PurchaseReturnLines.taxCodeId
column,purchase.purchase_return_line.tax_rate,Purchases.PurchaseReturnLines.taxRate
column,purchase.purchase_return_line.tax_amount,Purchases.PurchaseReturnLines.taxAmount
column,purchase.purchase_return_line.total_amount,Purchases.PurchaseReturnLines.totalAmount
column,purchase.purchase_return_line.created_at,Purchases.PurchaseReturnLines.createdAt
column,purchase.purchase_return_line.created_by,Purchases.PurchaseReturnLines.createdBy
column,purchase.purchase_return_line.updated_at,Purchases.PurchaseReturnLines.updatedAt
column,purchase.purchase_return_line.updated_by,Purchases.PurchaseReturnLines.updatedBy
column,purchase.purchase_return_line.row_version,Purchases.PurchaseReturnLines.rowVersion
table,purchase.vendor,Purchases.Vendors
column,purchase.vendor.tenant_id,Purchases.Vendors.tenantId
column,purchase.vendor.legal_name,Purchases.Vendors.legalName
column,purchase.vendor.category_id,Purchases.Vendors.categoryId
column,purchase.vendor.atl_status,Purchases.Vendors.atlStatus
column,purchase.vendor.atl_verified_at,Purchases.Vendors.atlVerifiedAt
column,purchase.vendor.default_wht_section,Purchases.Vendors.defaultWhtSection
column,purchase.vendor.default_account_id,Purchases.Vendors.defaultAccountId
column,purchase.vendor.payable_account_id,Purchases.Vendors.payableAccountId
column,purchase.vendor.payment_terms,Purchases.Vendors.paymentTerms
column,purchase.vendor.credit_days,Purchases.Vendors.creditDays
column,purchase.vendor.currency_code,Purchases.Vendors.currencyCode
column,purchase.vendor.bank_name,Purchases.Vendors.bankName
column,purchase.vendor.vendor_since,Purchases.Vendors.vendorSince
column,purchase.vendor.country_code,Purchases.Vendors.countryCode
column,purchase.vendor.created_at,Purchases.Vendors.createdAt
column,purchase.vendor.created_by,Purchases.Vendors.createdBy
column,purchase.vendor.updated_at,Purchases.Vendors.updatedAt
column,purchase.vendor.updated_by,Purchases.Vendors.updatedBy
column,purchase.vendor.row_version,Purchases.Vendors.rowVersion
column,purchase.vendor.deleted_at,Purchases.Vendors.deletedAt
table,purchase.vendor_bank,Purchases.VendorBankAccounts
column,purchase.vendor_bank.tenant_id,Purchases.VendorBankAccounts.tenantId
column,purchase.vendor_bank.vendor_id,Purchases.VendorBankAccounts.vendorId
column,purchase.vendor_bank.bank_name,Purchases.VendorBankAccounts.bankName
column,purchase.vendor_bank.branch_name,Purchases.VendorBankAccounts.branchName
column,purchase.vendor_bank.account_title,Purchases.VendorBankAccounts.accountTitle
column,purchase.vendor_bank.account_no,Purchases.VendorBankAccounts.accountNo
column,purchase.vendor_bank.swift_code,Purchases.VendorBankAccounts.swiftCode
column,purchase.vendor_bank.currency_code,Purchases.VendorBankAccounts.currencyCode
column,purchase.vendor_bank.is_primary,Purchases.VendorBankAccounts.isPrimary
column,purchase.vendor_bank.is_active,Purchases.VendorBankAccounts.isActive
column,purchase.vendor_bank.created_at,Purchases.VendorBankAccounts.createdAt
column,purchase.vendor_bank.created_by,Purchases.VendorBankAccounts.createdBy
column,purchase.vendor_bank.updated_at,Purchases.VendorBankAccounts.updatedAt
column,purchase.vendor_bank.updated_by,Purchases.VendorBankAccounts.updatedBy
column,purchase.vendor_bank.row_version,Purchases.VendorBankAccounts.rowVersion
column,purchase.vendor_bank.deleted_at,Purchases.VendorBankAccounts.deletedAt
table,purchase.vendor_category,Purchases.VendorCategories
column,purchase.vendor_category.tenant_id,Purchases.VendorCategories.tenantId
column,purchase.vendor_category.sort_order,Purchases.VendorCategories.sortOrder
column,purchase.vendor_category.is_active,Purchases.VendorCategories.isActive
column,purchase.vendor_category.created_at,Purchases.VendorCategories.createdAt
column,purchase.vendor_category.created_by,Purchases.VendorCategories.createdBy
column,purchase.vendor_category.updated_at,Purchases.VendorCategories.updatedAt
column,purchase.vendor_category.updated_by,Purchases.VendorCategories.updatedBy
column,purchase.vendor_category.row_version,Purchases.VendorCategories.rowVersion
column,purchase.vendor_category.deleted_at,Purchases.VendorCategories.deletedAt
table,purchase.vendor_contact,Purchases.VendorContacts
column,purchase.vendor_contact.tenant_id,Purchases.VendorContacts.tenantId
column,purchase.vendor_contact.vendor_id,Purchases.VendorContacts.vendorId
column,purchase.vendor_contact.full_name,Purchases.VendorContacts.fullName
column,purchase.vendor_contact.is_primary,Purchases.VendorContacts.isPrimary
column,purchase.vendor_contact.created_at,Purchases.VendorContacts.createdAt
column,purchase.vendor_contact.created_by,Purchases.VendorContacts.createdBy
column,purchase.vendor_contact.updated_at,Purchases.VendorContacts.updatedAt
column,purchase.vendor_contact.updated_by,Purchases.VendorContacts.updatedBy
column,purchase.vendor_contact.row_version,Purchases.VendorContacts.rowVersion
column,purchase.vendor_contact.deleted_at,Purchases.VendorContacts.deletedAt
table,purchase.vendor_payment,Purchases.VendorPayments
column,purchase.vendor_payment.tenant_id,Purchases.VendorPayments.tenantId
column,purchase.vendor_payment.doc_no,Purchases.VendorPayments.docNo
column,purchase.vendor_payment.doc_date,Purchases.VendorPayments.docDate
column,purchase.vendor_payment.vendor_id,Purchases.VendorPayments.vendorId
column,purchase.vendor_payment.branch_id,Purchases.VendorPayments.branchId
column,purchase.vendor_payment.bank_account_id,Purchases.VendorPayments.bankAccountId
column,purchase.vendor_payment.cash_account_id,Purchases.VendorPayments.cashAccountId
column,purchase.vendor_payment.cheque_no,Purchases.VendorPayments.chequeNo
column,purchase.vendor_payment.cheque_id,Purchases.VendorPayments.chequeId
column,purchase.vendor_payment.is_crossed,Purchases.VendorPayments.isCrossed
column,purchase.vendor_payment.currency_code,Purchases.VendorPayments.currencyCode
column,purchase.vendor_payment.fx_rate,Purchases.VendorPayments.fxRate
column,purchase.vendor_payment.wht_treatment,Purchases.VendorPayments.whtTreatment
column,purchase.vendor_payment.wht_section,Purchases.VendorPayments.whtSection
column,purchase.vendor_payment.wht_rate,Purchases.VendorPayments.whtRate
column,purchase.vendor_payment.wht_amount,Purchases.VendorPayments.whtAmount
column,purchase.vendor_payment.bank_charges_amount,Purchases.VendorPayments.bankChargesAmount
column,purchase.vendor_payment.allocated_amount,Purchases.VendorPayments.allocatedAmount
column,purchase.vendor_payment.unallocated_amount,Purchases.VendorPayments.unallocatedAmount
column,purchase.vendor_payment.payment_run_ref,Purchases.VendorPayments.paymentRunRef
column,purchase.vendor_payment.approved_by_user_id,Purchases.VendorPayments.approvedByUserId
column,purchase.vendor_payment.approved_at,Purchases.VendorPayments.approvedAt
column,purchase.vendor_payment.posted_at,Purchases.VendorPayments.postedAt
column,purchase.vendor_payment.cleared_on,Purchases.VendorPayments.clearedOn
column,purchase.vendor_payment.journal_entry_id,Purchases.VendorPayments.journalEntryId
column,purchase.vendor_payment.voided_at,Purchases.VendorPayments.voidedAt
column,purchase.vendor_payment.void_reason,Purchases.VendorPayments.voidReason
column,purchase.vendor_payment.cheque_book_id,Purchases.VendorPayments.chequeBookId
column,purchase.vendor_payment.created_at,Purchases.VendorPayments.createdAt
column,purchase.vendor_payment.created_by,Purchases.VendorPayments.createdBy
column,purchase.vendor_payment.updated_at,Purchases.VendorPayments.updatedAt
column,purchase.vendor_payment.updated_by,Purchases.VendorPayments.updatedBy
column,purchase.vendor_payment.row_version,Purchases.VendorPayments.rowVersion
table,rpt.report_column,Reports.SavedReportColumns
column,rpt.report_column.tenant_id,Reports.SavedReportColumns.tenantId
column,rpt.report_column.report_id,Reports.SavedReportColumns.reportId
column,rpt.report_column.field_key,Reports.SavedReportColumns.fieldKey
column,rpt.report_column.is_visible,Reports.SavedReportColumns.isVisible
column,rpt.report_column.width_px,Reports.SavedReportColumns.widthPx
column,rpt.report_column.created_at,Reports.SavedReportColumns.createdAt
column,rpt.report_column.created_by,Reports.SavedReportColumns.createdBy
column,rpt.report_column.updated_at,Reports.SavedReportColumns.updatedAt
column,rpt.report_column.updated_by,Reports.SavedReportColumns.updatedBy
column,rpt.report_column.row_version,Reports.SavedReportColumns.rowVersion
table,rpt.report_definition,Reports.SavedReports
column,rpt.report_definition.tenant_id,Reports.SavedReports.tenantId
column,rpt.report_definition.studio_tab,Reports.SavedReports.studioTab
column,rpt.report_definition.source_entity,Reports.SavedReports.sourceEntity
column,rpt.report_definition.date_range,Reports.SavedReports.dateRange
column,rpt.report_definition.date_from,Reports.SavedReports.dateFrom
column,rpt.report_definition.date_to,Reports.SavedReports.dateTo
column,rpt.report_definition.branch_id,Reports.SavedReports.branchId
column,rpt.report_definition.group_by,Reports.SavedReports.groupBy
column,rpt.report_definition.sort_field,Reports.SavedReports.sortField
column,rpt.report_definition.sort_dir,Reports.SavedReports.sortDir
column,rpt.report_definition.row_limit,Reports.SavedReports.rowLimit
column,rpt.report_definition.show_totals,Reports.SavedReports.showTotals
column,rpt.report_definition.view_mode,Reports.SavedReports.viewMode
column,rpt.report_definition.chart_type,Reports.SavedReports.chartType
column,rpt.report_definition.default_format,Reports.SavedReports.defaultFormat
column,rpt.report_definition.owner_user_id,Reports.SavedReports.ownerUserId
column,rpt.report_definition.is_favourite,Reports.SavedReports.isFavourite
column,rpt.report_definition.is_system,Reports.SavedReports.isSystem
column,rpt.report_definition.last_run_at,Reports.SavedReports.lastRunAt
column,rpt.report_definition.created_at,Reports.SavedReports.createdAt
column,rpt.report_definition.created_by,Reports.SavedReports.createdBy
column,rpt.report_definition.updated_at,Reports.SavedReports.updatedAt
column,rpt.report_definition.updated_by,Reports.SavedReports.updatedBy
column,rpt.report_definition.row_version,Reports.SavedReports.rowVersion
column,rpt.report_definition.deleted_at,Reports.SavedReports.deletedAt
table,rpt.report_run,Reports.ReportRuns
column,rpt.report_run.tenant_id,Reports.ReportRuns.tenantId
column,rpt.report_run.report_id,Reports.ReportRuns.reportId
column,rpt.report_run.schedule_id,Reports.ReportRuns.scheduleId
column,rpt.report_run.studio_tab,Reports.ReportRuns.studioTab
column,rpt.report_run.trigger_type,Reports.ReportRuns.triggerType
column,rpt.report_run.run_by_user_id,Reports.ReportRuns.runByUserId
column,rpt.report_run.started_at,Reports.ReportRuns.startedAt
column,rpt.report_run.finished_at,Reports.ReportRuns.finishedAt
column,rpt.report_run.row_count,Reports.ReportRuns.rowCount
column,rpt.report_run.output_attachment_id,Reports.ReportRuns.outputAttachmentId
column,rpt.report_run.delivered_to,Reports.ReportRuns.deliveredTo
column,rpt.report_run.error_message,Reports.ReportRuns.errorMessage
column,rpt.report_run.created_at,Reports.ReportRuns.createdAt
column,rpt.report_run.created_by,Reports.ReportRuns.createdBy
column,rpt.report_run.updated_at,Reports.ReportRuns.updatedAt
column,rpt.report_run.updated_by,Reports.ReportRuns.updatedBy
column,rpt.report_run.row_version,Reports.ReportRuns.rowVersion
table,rpt.report_schedule,Reports.ReportSchedules
column,rpt.report_schedule.tenant_id,Reports.ReportSchedules.tenantId
column,rpt.report_schedule.report_id,Reports.ReportSchedules.reportId
column,rpt.report_schedule.day_of_week,Reports.ReportSchedules.dayOfWeek
column,rpt.report_schedule.day_of_month,Reports.ReportSchedules.dayOfMonth
column,rpt.report_schedule.run_time,Reports.ReportSchedules.runTime
column,rpt.report_schedule.recipient_emails,Reports.ReportSchedules.recipientEmails
column,rpt.report_schedule.recipient_user_ids,Reports.ReportSchedules.recipientUserIds
column,rpt.report_schedule.only_if_rows,Reports.ReportSchedules.onlyIfRows
column,rpt.report_schedule.next_run_at,Reports.ReportSchedules.nextRunAt
column,rpt.report_schedule.last_run_at,Reports.ReportSchedules.lastRunAt
column,rpt.report_schedule.last_row_count,Reports.ReportSchedules.lastRowCount
column,rpt.report_schedule.owner_user_id,Reports.ReportSchedules.ownerUserId
column,rpt.report_schedule.created_at,Reports.ReportSchedules.createdAt
column,rpt.report_schedule.created_by,Reports.ReportSchedules.createdBy
column,rpt.report_schedule.updated_at,Reports.ReportSchedules.updatedAt
column,rpt.report_schedule.updated_by,Reports.ReportSchedules.updatedBy
column,rpt.report_schedule.row_version,Reports.ReportSchedules.rowVersion
table,rpt.report_share,Reports.SavedReportShares
column,rpt.report_share.tenant_id,Reports.SavedReportShares.tenantId
column,rpt.report_share.report_id,Reports.SavedReportShares.reportId
column,rpt.report_share.share_type,Reports.SavedReportShares.shareType
column,rpt.report_share.role_id,Reports.SavedReportShares.roleId
column,rpt.report_share.user_id,Reports.SavedReportShares.userId
column,rpt.report_share.can_edit,Reports.SavedReportShares.canEdit
column,rpt.report_share.created_at,Reports.SavedReportShares.createdAt
column,rpt.report_share.created_by,Reports.SavedReportShares.createdBy
column,rpt.report_share.updated_at,Reports.SavedReportShares.updatedAt
column,rpt.report_share.updated_by,Reports.SavedReportShares.updatedBy
column,rpt.report_share.row_version,Reports.SavedReportShares.rowVersion
table,sales.credit_hold_event,Sales.CreditHoldEvents
column,sales.credit_hold_event.tenant_id,Sales.CreditHoldEvents.tenantId
column,sales.credit_hold_event.customer_id,Sales.CreditHoldEvents.customerId
column,sales.credit_hold_event.event_type,Sales.CreditHoldEvents.eventType
column,sales.credit_hold_event.occurred_at,Sales.CreditHoldEvents.occurredAt
column,sales.credit_hold_event.user_id,Sales.CreditHoldEvents.userId
column,sales.credit_hold_event.credit_override_id,Sales.CreditHoldEvents.creditOverrideId
column,sales.credit_hold_event.cheque_id,Sales.CreditHoldEvents.chequeId
column,sales.credit_hold_event.receipt_id,Sales.CreditHoldEvents.receiptId
column,sales.credit_hold_event.reminder_rule_id,Sales.CreditHoldEvents.reminderRuleId
column,sales.credit_hold_event.exposure_amount,Sales.CreditHoldEvents.exposureAmount
column,sales.credit_hold_event.overdue_amount,Sales.CreditHoldEvents.overdueAmount
column,sales.credit_hold_event.created_at,Sales.CreditHoldEvents.createdAt
column,sales.credit_hold_event.created_by,Sales.CreditHoldEvents.createdBy
column,sales.credit_hold_event.updated_at,Sales.CreditHoldEvents.updatedAt
column,sales.credit_hold_event.updated_by,Sales.CreditHoldEvents.updatedBy
column,sales.credit_hold_event.row_version,Sales.CreditHoldEvents.rowVersion
table,sales.credit_note,Sales.CreditNotes
column,sales.credit_note.tenant_id,Sales.CreditNotes.tenantId
column,sales.credit_note.doc_no,Sales.CreditNotes.docNo
column,sales.credit_note.doc_date,Sales.CreditNotes.docDate
column,sales.credit_note.customer_id,Sales.CreditNotes.customerId
column,sales.credit_note.invoice_id,Sales.CreditNotes.invoiceId
column,sales.credit_note.branch_id,Sales.CreditNotes.branchId
column,sales.credit_note.reason_note,Sales.CreditNotes.reasonNote
column,sales.credit_note.return_warehouse_id,Sales.CreditNotes.returnWarehouseId
column,sales.credit_note.currency_code,Sales.CreditNotes.currencyCode
column,sales.credit_note.fx_rate,Sales.CreditNotes.fxRate
column,sales.credit_note.value_amount,Sales.CreditNotes.valueAmount
column,sales.credit_note.tax_amount,Sales.CreditNotes.taxAmount
column,sales.credit_note.further_tax_amount,Sales.CreditNotes.furtherTaxAmount
column,sales.credit_note.total_amount,Sales.CreditNotes.totalAmount
column,sales.credit_note.applied_amount,Sales.CreditNotes.appliedAmount
column,sales.credit_note.refunded_amount,Sales.CreditNotes.refundedAmount
column,sales.credit_note.balance_amount,Sales.CreditNotes.balanceAmount
column,sales.credit_note.cost_amount,Sales.CreditNotes.costAmount
column,sales.credit_note.submitted_at,Sales.CreditNotes.submittedAt
column,sales.credit_note.approved_by_user_id,Sales.CreditNotes.approvedByUserId
column,sales.credit_note.approved_at,Sales.CreditNotes.approvedAt
column,sales.credit_note.posted_at,Sales.CreditNotes.postedAt
column,sales.credit_note.journal_entry_id,Sales.CreditNotes.journalEntryId
column,sales.credit_note.refund_reference,Sales.CreditNotes.refundReference
column,sales.credit_note.cancelled_at,Sales.CreditNotes.cancelledAt
column,sales.credit_note.cancel_reason,Sales.CreditNotes.cancelReason
column,sales.credit_note.sales_return_id,Sales.CreditNotes.salesReturnId
column,sales.credit_note.created_at,Sales.CreditNotes.createdAt
column,sales.credit_note.created_by,Sales.CreditNotes.createdBy
column,sales.credit_note.updated_at,Sales.CreditNotes.updatedAt
column,sales.credit_note.updated_by,Sales.CreditNotes.updatedBy
column,sales.credit_note.row_version,Sales.CreditNotes.rowVersion
table,sales.credit_note_line,Sales.CreditNoteLines
column,sales.credit_note_line.tenant_id,Sales.CreditNoteLines.tenantId
column,sales.credit_note_line.credit_note_id,Sales.CreditNoteLines.creditNoteId
column,sales.credit_note_line.line_no,Sales.CreditNoteLines.lineNo
column,sales.credit_note_line.invoice_line_id,Sales.CreditNoteLines.invoiceLineId
column,sales.credit_note_line.item_id,Sales.CreditNoteLines.itemId
column,sales.credit_note_line.batch_id,Sales.CreditNoteLines.batchId
column,sales.credit_note_line.invoiced_qty,Sales.CreditNoteLines.invoicedQty
column,sales.credit_note_line.qty_ctn,Sales.CreditNoteLines.qtyCtn
column,sales.credit_note_line.qty_loose,Sales.CreditNoteLines.qtyLoose
column,sales.credit_note_line.ctn_factor,Sales.CreditNoteLines.ctnFactor
column,sales.credit_note_line.base_qty,Sales.CreditNoteLines.baseQty
column,sales.credit_note_line.value_amount,Sales.CreditNoteLines.valueAmount
column,sales.credit_note_line.tax_code_id,Sales.CreditNoteLines.taxCodeId
column,sales.credit_note_line.tax_rate,Sales.CreditNoteLines.taxRate
column,sales.credit_note_line.tax_amount,Sales.CreditNoteLines.taxAmount
column,sales.credit_note_line.further_tax_amount,Sales.CreditNoteLines.furtherTaxAmount
column,sales.credit_note_line.total_amount,Sales.CreditNoteLines.totalAmount
column,sales.credit_note_line.unit_cost,Sales.CreditNoteLines.unitCost
column,sales.credit_note_line.cost_amount,Sales.CreditNoteLines.costAmount
column,sales.credit_note_line.created_at,Sales.CreditNoteLines.createdAt
column,sales.credit_note_line.created_by,Sales.CreditNoteLines.createdBy
column,sales.credit_note_line.updated_at,Sales.CreditNoteLines.updatedAt
column,sales.credit_note_line.updated_by,Sales.CreditNoteLines.updatedBy
column,sales.credit_note_line.row_version,Sales.CreditNoteLines.rowVersion
table,sales.credit_override,Sales.CreditOverrides
column,sales.credit_override.tenant_id,Sales.CreditOverrides.tenantId
column,sales.credit_override.doc_no,Sales.CreditOverrides.docNo
column,sales.credit_override.customer_id,Sales.CreditOverrides.customerId
column,sales.credit_override.override_type,Sales.CreditOverrides.overrideType
column,sales.credit_override.invoice_id,Sales.CreditOverrides.invoiceId
column,sales.credit_override.sales_order_id,Sales.CreditOverrides.salesOrderId
column,sales.credit_override.document_amount,Sales.CreditOverrides.documentAmount
column,sales.credit_override.credit_limit_snapshot,Sales.CreditOverrides.creditLimitSnapshot
column,sales.credit_override.balance_snapshot,Sales.CreditOverrides.balanceSnapshot
column,sales.credit_override.exposure_after,Sales.CreditOverrides.exposureAfter
column,sales.credit_override.overdue_snapshot,Sales.CreditOverrides.overdueSnapshot
column,sales.credit_override.exceed_by_amount,Sales.CreditOverrides.exceedByAmount
column,sales.credit_override.temp_limit_amount,Sales.CreditOverrides.tempLimitAmount
column,sales.credit_override.valid_until,Sales.CreditOverrides.validUntil
column,sales.credit_override.request_reason,Sales.CreditOverrides.requestReason
column,sales.credit_override.condition_comments,Sales.CreditOverrides.conditionComments
column,sales.credit_override.approval_method,Sales.CreditOverrides.approvalMethod
column,sales.credit_override.requested_by_user_id,Sales.CreditOverrides.requestedByUserId
column,sales.credit_override.requested_at,Sales.CreditOverrides.requestedAt
column,sales.credit_override.approver_user_id,Sales.CreditOverrides.approverUserId
column,sales.credit_override.decided_by_user_id,Sales.CreditOverrides.decidedByUserId
column,sales.credit_override.decided_at,Sales.CreditOverrides.decidedAt
column,sales.credit_override.created_at,Sales.CreditOverrides.createdAt
column,sales.credit_override.created_by,Sales.CreditOverrides.createdBy
column,sales.credit_override.updated_at,Sales.CreditOverrides.updatedAt
column,sales.credit_override.updated_by,Sales.CreditOverrides.updatedBy
column,sales.credit_override.row_version,Sales.CreditOverrides.rowVersion
table,sales.customer,Sales.Customers
column,sales.customer.tenant_id,Sales.Customers.tenantId
column,sales.customer.display_name,Sales.Customers.displayName
column,sales.customer.customer_type,Sales.Customers.customerType
column,sales.customer.customer_group_id,Sales.Customers.customerGroupId
column,sales.customer.sales_rep_user_id,Sales.Customers.salesRepUserId
column,sales.customer.branch_id,Sales.Customers.branchId
column,sales.customer.customer_since,Sales.Customers.customerSince
column,sales.customer.atl_status,Sales.Customers.atlStatus
column,sales.customer.is_sales_tax_registered,Sales.Customers.isSalesTaxRegistered
column,sales.customer.apply_further_tax,Sales.Customers.applyFurtherTax
column,sales.customer.deducts_wht,Sales.Customers.deductsWht
column,sales.customer.wht_section,Sales.Customers.whtSection
column,sales.customer.wht_rate,Sales.Customers.whtRate
column,sales.customer.is_gst_exempt,Sales.Customers.isGstExempt
column,sales.customer.contact_person,Sales.Customers.contactPerson
column,sales.customer.billing_address,Sales.Customers.billingAddress
column,sales.customer.shipping_same_as_billing,Sales.Customers.shippingSameAsBilling
column,sales.customer.shipping_address,Sales.Customers.shippingAddress
column,sales.customer.credit_limit,Sales.Customers.creditLimit
column,sales.customer.payment_terms,Sales.Customers.paymentTerms
column,sales.customer.credit_days,Sales.Customers.creditDays
column,sales.customer.receivable_account_id,Sales.Customers.receivableAccountId
column,sales.customer.price_list_id,Sales.Customers.priceListId
column,sales.customer.opening_balance,Sales.Customers.openingBalance
column,sales.customer.opening_balance_as_of,Sales.Customers.openingBalanceAsOf
column,sales.customer.block_over_limit,Sales.Customers.blockOverLimit
column,sales.customer.auto_reminders,Sales.Customers.autoReminders
column,sales.customer.guarantor_name,Sales.Customers.guarantorName
column,sales.customer.guarantor_father_name,Sales.Customers.guarantorFatherName
column,sales.customer.guarantor_cnic,Sales.Customers.guarantorCnic
column,sales.customer.guarantor_phone,Sales.Customers.guarantorPhone
column,sales.customer.guarantor_address,Sales.Customers.guarantorAddress
column,sales.customer.hold_reason,Sales.Customers.holdReason
column,sales.customer.on_hold_since,Sales.Customers.onHoldSince
column,sales.customer.customer_channel,Sales.Customers.customerChannel
column,sales.customer.price_tier,Sales.Customers.priceTier
column,sales.customer.price_tier_factor,Sales.Customers.priceTierFactor
column,sales.customer.created_at,Sales.Customers.createdAt
column,sales.customer.created_by,Sales.Customers.createdBy
column,sales.customer.updated_at,Sales.Customers.updatedAt
column,sales.customer.updated_by,Sales.Customers.updatedBy
column,sales.customer.row_version,Sales.Customers.rowVersion
column,sales.customer.deleted_at,Sales.Customers.deletedAt
table,sales.customer_address,Sales.CustomerAddresses
column,sales.customer_address.tenant_id,Sales.CustomerAddresses.tenantId
column,sales.customer_address.customer_id,Sales.CustomerAddresses.customerId
column,sales.customer_address.address_type,Sales.CustomerAddresses.addressType
column,sales.customer_address.address_line,Sales.CustomerAddresses.addressLine
column,sales.customer_address.contact_name,Sales.CustomerAddresses.contactName
column,sales.customer_address.contact_phone,Sales.CustomerAddresses.contactPhone
column,sales.customer_address.is_default,Sales.CustomerAddresses.isDefault
column,sales.customer_address.created_at,Sales.CustomerAddresses.createdAt
column,sales.customer_address.created_by,Sales.CustomerAddresses.createdBy
column,sales.customer_address.updated_at,Sales.CustomerAddresses.updatedAt
column,sales.customer_address.updated_by,Sales.CustomerAddresses.updatedBy
column,sales.customer_address.row_version,Sales.CustomerAddresses.rowVersion
column,sales.customer_address.deleted_at,Sales.CustomerAddresses.deletedAt
table,sales.customer_contact,Sales.CustomerContacts
column,sales.customer_contact.tenant_id,Sales.CustomerContacts.tenantId
column,sales.customer_contact.customer_id,Sales.CustomerContacts.customerId
column,sales.customer_contact.full_name,Sales.CustomerContacts.fullName
column,sales.customer_contact.is_primary,Sales.CustomerContacts.isPrimary
column,sales.customer_contact.receives_invoices,Sales.CustomerContacts.receivesInvoices
column,sales.customer_contact.created_at,Sales.CustomerContacts.createdAt
column,sales.customer_contact.created_by,Sales.CustomerContacts.createdBy
column,sales.customer_contact.updated_at,Sales.CustomerContacts.updatedAt
column,sales.customer_contact.updated_by,Sales.CustomerContacts.updatedBy
column,sales.customer_contact.row_version,Sales.CustomerContacts.rowVersion
column,sales.customer_contact.deleted_at,Sales.CustomerContacts.deletedAt
table,sales.customer_group,Sales.CustomerGroups
column,sales.customer_group.tenant_id,Sales.CustomerGroups.tenantId
column,sales.customer_group.price_list_id,Sales.CustomerGroups.priceListId
column,sales.customer_group.is_active,Sales.CustomerGroups.isActive
column,sales.customer_group.created_at,Sales.CustomerGroups.createdAt
column,sales.customer_group.created_by,Sales.CustomerGroups.createdBy
column,sales.customer_group.updated_at,Sales.CustomerGroups.updatedAt
column,sales.customer_group.updated_by,Sales.CustomerGroups.updatedBy
column,sales.customer_group.row_version,Sales.CustomerGroups.rowVersion
column,sales.customer_group.deleted_at,Sales.CustomerGroups.deletedAt
table,sales.customer_note,Sales.CustomerNotes
column,sales.customer_note.tenant_id,Sales.CustomerNotes.tenantId
column,sales.customer_note.customer_id,Sales.CustomerNotes.customerId
column,sales.customer_note.author_user_id,Sales.CustomerNotes.authorUserId
column,sales.customer_note.created_at,Sales.CustomerNotes.createdAt
column,sales.customer_note.created_by,Sales.CustomerNotes.createdBy
column,sales.customer_note.updated_at,Sales.CustomerNotes.updatedAt
column,sales.customer_note.updated_by,Sales.CustomerNotes.updatedBy
column,sales.customer_note.row_version,Sales.CustomerNotes.rowVersion
table,sales.delivery_challan,Sales.DeliveryChallans
column,sales.delivery_challan.tenant_id,Sales.DeliveryChallans.tenantId
column,sales.delivery_challan.doc_no,Sales.DeliveryChallans.docNo
column,sales.delivery_challan.doc_date,Sales.DeliveryChallans.docDate
column,sales.delivery_challan.sales_order_id,Sales.DeliveryChallans.salesOrderId
column,sales.delivery_challan.customer_id,Sales.DeliveryChallans.customerId
column,sales.delivery_challan.branch_id,Sales.DeliveryChallans.branchId
column,sales.delivery_challan.warehouse_id,Sales.DeliveryChallans.warehouseId
column,sales.delivery_challan.vehicle_id,Sales.DeliveryChallans.vehicleId
column,sales.delivery_challan.vehicle_no,Sales.DeliveryChallans.vehicleNo
column,sales.delivery_challan.driver_employee_id,Sales.DeliveryChallans.driverEmployeeId
column,sales.delivery_challan.driver_name,Sales.DeliveryChallans.driverName
column,sales.delivery_challan.delivery_slot,Sales.DeliveryChallans.deliverySlot
column,sales.delivery_challan.total_qty,Sales.DeliveryChallans.totalQty
column,sales.delivery_challan.cost_amount,Sales.DeliveryChallans.costAmount
column,sales.delivery_challan.dispatched_at,Sales.DeliveryChallans.dispatchedAt
column,sales.delivery_challan.delivered_at,Sales.DeliveryChallans.deliveredAt
column,sales.delivery_challan.received_by,Sales.DeliveryChallans.receivedBy
column,sales.delivery_challan.invoice_id,Sales.DeliveryChallans.invoiceId
column,sales.delivery_challan.journal_entry_id,Sales.DeliveryChallans.journalEntryId
column,sales.delivery_challan.cancelled_at,Sales.DeliveryChallans.cancelledAt
column,sales.delivery_challan.created_at,Sales.DeliveryChallans.createdAt
column,sales.delivery_challan.created_by,Sales.DeliveryChallans.createdBy
column,sales.delivery_challan.updated_at,Sales.DeliveryChallans.updatedAt
column,sales.delivery_challan.updated_by,Sales.DeliveryChallans.updatedBy
column,sales.delivery_challan.row_version,Sales.DeliveryChallans.rowVersion
table,sales.delivery_challan_line,Sales.DeliveryChallanLines
column,sales.delivery_challan_line.tenant_id,Sales.DeliveryChallanLines.tenantId
column,sales.delivery_challan_line.delivery_challan_id,Sales.DeliveryChallanLines.deliveryChallanId
column,sales.delivery_challan_line.line_no,Sales.DeliveryChallanLines.lineNo
column,sales.delivery_challan_line.sales_order_line_id,Sales.DeliveryChallanLines.salesOrderLineId
column,sales.delivery_challan_line.item_id,Sales.DeliveryChallanLines.itemId
column,sales.delivery_challan_line.batch_id,Sales.DeliveryChallanLines.batchId
column,sales.delivery_challan_line.ordered_qty,Sales.DeliveryChallanLines.orderedQty
column,sales.delivery_challan_line.previously_delivered_qty,Sales.DeliveryChallanLines.previouslyDeliveredQty
column,sales.delivery_challan_line.qty_ctn,Sales.DeliveryChallanLines.qtyCtn
column,sales.delivery_challan_line.qty_loose,Sales.DeliveryChallanLines.qtyLoose
column,sales.delivery_challan_line.ctn_factor,Sales.DeliveryChallanLines.ctnFactor
column,sales.delivery_challan_line.base_qty,Sales.DeliveryChallanLines.baseQty
column,sales.delivery_challan_line.unit_cost,Sales.DeliveryChallanLines.unitCost
column,sales.delivery_challan_line.cost_amount,Sales.DeliveryChallanLines.costAmount
column,sales.delivery_challan_line.created_at,Sales.DeliveryChallanLines.createdAt
column,sales.delivery_challan_line.created_by,Sales.DeliveryChallanLines.createdBy
column,sales.delivery_challan_line.updated_at,Sales.DeliveryChallanLines.updatedAt
column,sales.delivery_challan_line.updated_by,Sales.DeliveryChallanLines.updatedBy
column,sales.delivery_challan_line.row_version,Sales.DeliveryChallanLines.rowVersion
table,sales.invoice,Sales.SalesInvoices
column,sales.invoice.tenant_id,Sales.SalesInvoices.tenantId
column,sales.invoice.doc_no,Sales.SalesInvoices.docNo
column,sales.invoice.tax_invoice_no,Sales.SalesInvoices.taxInvoiceNo
column,sales.invoice.doc_date,Sales.SalesInvoices.docDate
column,sales.invoice.customer_id,Sales.SalesInvoices.customerId
column,sales.invoice.branch_id,Sales.SalesInvoices.branchId
column,sales.invoice.warehouse_id,Sales.SalesInvoices.warehouseId
column,sales.invoice.sales_order_id,Sales.SalesInvoices.salesOrderId
column,sales.invoice.quotation_id,Sales.SalesInvoices.quotationId
column,sales.invoice.customer_po_no,Sales.SalesInvoices.customerPoNo
column,sales.invoice.customer_po_date,Sales.SalesInvoices.customerPoDate
column,sales.invoice.sales_rep_user_id,Sales.SalesInvoices.salesRepUserId
column,sales.invoice.price_list_id,Sales.SalesInvoices.priceListId
column,sales.invoice.payment_terms,Sales.SalesInvoices.paymentTerms
column,sales.invoice.due_date,Sales.SalesInvoices.dueDate
column,sales.invoice.buyer_name,Sales.SalesInvoices.buyerName
column,sales.invoice.buyer_address,Sales.SalesInvoices.buyerAddress
column,sales.invoice.buyer_ntn,Sales.SalesInvoices.buyerNtn
column,sales.invoice.buyer_strn,Sales.SalesInvoices.buyerStrn
column,sales.invoice.buyer_cnic,Sales.SalesInvoices.buyerCnic
column,sales.invoice.buyer_area,Sales.SalesInvoices.buyerArea
column,sales.invoice.buyer_city,Sales.SalesInvoices.buyerCity
column,sales.invoice.ship_to_address,Sales.SalesInvoices.shipToAddress
column,sales.invoice.contact_name,Sales.SalesInvoices.contactName
column,sales.invoice.contact_phone,Sales.SalesInvoices.contactPhone
column,sales.invoice.contact_email,Sales.SalesInvoices.contactEmail
column,sales.invoice.sale_type,Sales.SalesInvoices.saleType
column,sales.invoice.bill_book_no,Sales.SalesInvoices.billBookNo
column,sales.invoice.booker_name,Sales.SalesInvoices.bookerName
column,sales.invoice.deliveryman_name,Sales.SalesInvoices.deliverymanName
column,sales.invoice.salesman_name,Sales.SalesInvoices.salesmanName
column,sales.invoice.supervisor_name,Sales.SalesInvoices.supervisorName
column,sales.invoice.delivery_slot,Sales.SalesInvoices.deliverySlot
column,sales.invoice.currency_code,Sales.SalesInvoices.currencyCode
column,sales.invoice.fx_rate,Sales.SalesInvoices.fxRate
column,sales.invoice.gross_amount,Sales.SalesInvoices.grossAmount
column,sales.invoice.discount_amount,Sales.SalesInvoices.discountAmount
column,sales.invoice.taxable_amount,Sales.SalesInvoices.taxableAmount
column,sales.invoice.tax_amount,Sales.SalesInvoices.taxAmount
column,sales.invoice.further_tax_amount,Sales.SalesInvoices.furtherTaxAmount
column,sales.invoice.advance_tax_rate,Sales.SalesInvoices.advanceTaxRate
column,sales.invoice.advance_tax_amount,Sales.SalesInvoices.advanceTaxAmount
column,sales.invoice.fbr_service_fee,Sales.SalesInvoices.fbrServiceFee
column,sales.invoice.net_amount,Sales.SalesInvoices.netAmount
column,sales.invoice.expected_wht_amount,Sales.SalesInvoices.expectedWhtAmount
column,sales.invoice.paid_amount,Sales.SalesInvoices.paidAmount
column,sales.invoice.credit_applied_amount,Sales.SalesInvoices.creditAppliedAmount
column,sales.invoice.balance_amount,Sales.SalesInvoices.balanceAmount
column,sales.invoice.cost_amount,Sales.SalesInvoices.costAmount
column,sales.invoice.cash_tendered,Sales.SalesInvoices.cashTendered
column,sales.invoice.is_held,Sales.SalesInvoices.isHeld
column,sales.invoice.held_at,Sales.SalesInvoices.heldAt
column,sales.invoice.email_pdf,Sales.SalesInvoices.emailPdf
column,sales.invoice.submit_to_fbr,Sales.SalesInvoices.submitToFbr
column,sales.invoice.send_whatsapp_link,Sales.SalesInvoices.sendWhatsappLink
column,sales.invoice.auto_reminder,Sales.SalesInvoices.autoReminder
column,sales.invoice.customer_notes,Sales.SalesInvoices.customerNotes
column,sales.invoice.terms_conditions,Sales.SalesInvoices.termsConditions
column,sales.invoice.posted_at,Sales.SalesInvoices.postedAt
column,sales.invoice.posted_by_user_id,Sales.SalesInvoices.postedByUserId
column,sales.invoice.journal_entry_id,Sales.SalesInvoices.journalEntryId
column,sales.invoice.sent_at,Sales.SalesInvoices.sentAt
column,sales.invoice.viewed_at,Sales.SalesInvoices.viewedAt
column,sales.invoice.fbr_status,Sales.SalesInvoices.fbrStatus
column,sales.invoice.fbr_invoice_no,Sales.SalesInvoices.fbrInvoiceNo
column,sales.invoice.fbr_submitted_at,Sales.SalesInvoices.fbrSubmittedAt
column,sales.invoice.fbr_error,Sales.SalesInvoices.fbrError
column,sales.invoice.void_reason,Sales.SalesInvoices.voidReason
column,sales.invoice.voided_at,Sales.SalesInvoices.voidedAt
column,sales.invoice.voided_by_user_id,Sales.SalesInvoices.voidedByUserId
column,sales.invoice.reversal_journal_entry_id,Sales.SalesInvoices.reversalJournalEntryId
column,sales.invoice.price_tier,Sales.SalesInvoices.priceTier
column,sales.invoice.price_tier_factor,Sales.SalesInvoices.priceTierFactor
column,sales.invoice.credit_override_id,Sales.SalesInvoices.creditOverrideId
column,sales.invoice.route_id,Sales.SalesInvoices.routeId
column,sales.invoice.booker_employee_id,Sales.SalesInvoices.bookerEmployeeId
column,sales.invoice.deliveryman_employee_id,Sales.SalesInvoices.deliverymanEmployeeId
column,sales.invoice.salesman_employee_id,Sales.SalesInvoices.salesmanEmployeeId
column,sales.invoice.supervisor_employee_id,Sales.SalesInvoices.supervisorEmployeeId
column,sales.invoice.pos_shift_id,Sales.SalesInvoices.posShiftId
column,sales.invoice.recurring_profile_id,Sales.SalesInvoices.recurringProfileId
column,sales.invoice.delivery_challan_id,Sales.SalesInvoices.deliveryChallanId
column,sales.invoice.ship_to_address_id,Sales.SalesInvoices.shipToAddressId
column,sales.invoice.scheme_id,Sales.SalesInvoices.schemeId
column,sales.invoice.scheme_amount,Sales.SalesInvoices.schemeAmount
column,sales.invoice.stock_issue_mode,Sales.SalesInvoices.stockIssueMode
column,sales.invoice.stock_issued_at,Sales.SalesInvoices.stockIssuedAt
column,sales.invoice.created_at,Sales.SalesInvoices.createdAt
column,sales.invoice.created_by,Sales.SalesInvoices.createdBy
column,sales.invoice.updated_at,Sales.SalesInvoices.updatedAt
column,sales.invoice.updated_by,Sales.SalesInvoices.updatedBy
column,sales.invoice.row_version,Sales.SalesInvoices.rowVersion
table,sales.invoice_line,Sales.SalesInvoiceLines
column,sales.invoice_line.tenant_id,Sales.SalesInvoiceLines.tenantId
column,sales.invoice_line.invoice_id,Sales.SalesInvoiceLines.invoiceId
column,sales.invoice_line.line_no,Sales.SalesInvoiceLines.lineNo
column,sales.invoice_line.sales_order_line_id,Sales.SalesInvoiceLines.salesOrderLineId
column,sales.invoice_line.item_id,Sales.SalesInvoiceLines.itemId
column,sales.invoice_line.hs_code,Sales.SalesInvoiceLines.hsCode
column,sales.invoice_line.pack_label,Sales.SalesInvoiceLines.packLabel
column,sales.invoice_line.batch_id,Sales.SalesInvoiceLines.batchId
column,sales.invoice_line.expiry_date,Sales.SalesInvoiceLines.expiryDate
column,sales.invoice_line.qty_ctn,Sales.SalesInvoiceLines.qtyCtn
column,sales.invoice_line.qty_loose,Sales.SalesInvoiceLines.qtyLoose
column,sales.invoice_line.ctn_factor,Sales.SalesInvoiceLines.ctnFactor
column,sales.invoice_line.base_qty,Sales.SalesInvoiceLines.baseQty
column,sales.invoice_line.bonus_qty,Sales.SalesInvoiceLines.bonusQty
column,sales.invoice_line.gross_amount,Sales.SalesInvoiceLines.grossAmount
column,sales.invoice_line.discount_pct,Sales.SalesInvoiceLines.discountPct
column,sales.invoice_line.discount_amount,Sales.SalesInvoiceLines.discountAmount
column,sales.invoice_line.taxable_amount,Sales.SalesInvoiceLines.taxableAmount
column,sales.invoice_line.tax_code_id,Sales.SalesInvoiceLines.taxCodeId
column,sales.invoice_line.tax_rate,Sales.SalesInvoiceLines.taxRate
column,sales.invoice_line.tax_amount,Sales.SalesInvoiceLines.taxAmount
column,sales.invoice_line.further_tax_rate,Sales.SalesInvoiceLines.furtherTaxRate
column,sales.invoice_line.further_tax_amount,Sales.SalesInvoiceLines.furtherTaxAmount
column,sales.invoice_line.total_amount,Sales.SalesInvoiceLines.totalAmount
column,sales.invoice_line.revenue_account_id,Sales.SalesInvoiceLines.revenueAccountId
column,sales.invoice_line.unit_cost,Sales.SalesInvoiceLines.unitCost
column,sales.invoice_line.cost_amount,Sales.SalesInvoiceLines.costAmount
column,sales.invoice_line.list_rate,Sales.SalesInvoiceLines.listRate
column,sales.invoice_line.is_manual_rate,Sales.SalesInvoiceLines.isManualRate
column,sales.invoice_line.scheme_id,Sales.SalesInvoiceLines.schemeId
column,sales.invoice_line.delivery_challan_line_id,Sales.SalesInvoiceLines.deliveryChallanLineId
column,sales.invoice_line.created_at,Sales.SalesInvoiceLines.createdAt
column,sales.invoice_line.created_by,Sales.SalesInvoiceLines.createdBy
column,sales.invoice_line.updated_at,Sales.SalesInvoiceLines.updatedAt
column,sales.invoice_line.updated_by,Sales.SalesInvoiceLines.updatedBy
column,sales.invoice_line.row_version,Sales.SalesInvoiceLines.rowVersion
table,sales.pos_payment,Sales.PosPayments
column,sales.pos_payment.tenant_id,Sales.PosPayments.tenantId
column,sales.pos_payment.pos_shift_id,Sales.PosPayments.posShiftId
column,sales.pos_payment.invoice_id,Sales.PosPayments.invoiceId
column,sales.pos_payment.tendered_amount,Sales.PosPayments.tenderedAmount
column,sales.pos_payment.change_amount,Sales.PosPayments.changeAmount
column,sales.pos_payment.receipt_id,Sales.PosPayments.receiptId
column,sales.pos_payment.paid_at,Sales.PosPayments.paidAt
column,sales.pos_payment.created_at,Sales.PosPayments.createdAt
column,sales.pos_payment.created_by,Sales.PosPayments.createdBy
column,sales.pos_payment.updated_at,Sales.PosPayments.updatedAt
column,sales.pos_payment.updated_by,Sales.PosPayments.updatedBy
column,sales.pos_payment.row_version,Sales.PosPayments.rowVersion
table,sales.pos_shift,Sales.PosShifts
column,sales.pos_shift.tenant_id,Sales.PosShifts.tenantId
column,sales.pos_shift.z_report_no,Sales.PosShifts.zReportNo
column,sales.pos_shift.branch_id,Sales.PosShifts.branchId
column,sales.pos_shift.warehouse_id,Sales.PosShifts.warehouseId
column,sales.pos_shift.counter_name,Sales.PosShifts.counterName
column,sales.pos_shift.cashier_user_id,Sales.PosShifts.cashierUserId
column,sales.pos_shift.cash_account_id,Sales.PosShifts.cashAccountId
column,sales.pos_shift.opened_at,Sales.PosShifts.openedAt
column,sales.pos_shift.closed_at,Sales.PosShifts.closedAt
column,sales.pos_shift.opening_float,Sales.PosShifts.openingFloat
column,sales.pos_shift.cash_sales,Sales.PosShifts.cashSales
column,sales.pos_shift.card_sales,Sales.PosShifts.cardSales
column,sales.pos_shift.wallet_sales,Sales.PosShifts.walletSales
column,sales.pos_shift.credit_sales,Sales.PosShifts.creditSales
column,sales.pos_shift.bills_count,Sales.PosShifts.billsCount
column,sales.pos_shift.expected_cash,Sales.PosShifts.expectedCash
column,sales.pos_shift.counted_cash,Sales.PosShifts.countedCash
column,sales.pos_shift.over_short,Sales.PosShifts.overShort
column,sales.pos_shift.z_printed_at,Sales.PosShifts.zPrintedAt
column,sales.pos_shift.journal_entry_id,Sales.PosShifts.journalEntryId
column,sales.pos_shift.created_at,Sales.PosShifts.createdAt
column,sales.pos_shift.created_by,Sales.PosShifts.createdBy
column,sales.pos_shift.updated_at,Sales.PosShifts.updatedAt
column,sales.pos_shift.updated_by,Sales.PosShifts.updatedBy
column,sales.pos_shift.row_version,Sales.PosShifts.rowVersion
table,sales.pos_shift_denomination,Sales.PosShiftDenominations
column,sales.pos_shift_denomination.tenant_id,Sales.PosShiftDenominations.tenantId
column,sales.pos_shift_denomination.pos_shift_id,Sales.PosShiftDenominations.posShiftId
column,sales.pos_shift_denomination.note_count,Sales.PosShiftDenominations.noteCount
column,sales.pos_shift_denomination.created_at,Sales.PosShiftDenominations.createdAt
column,sales.pos_shift_denomination.created_by,Sales.PosShiftDenominations.createdBy
column,sales.pos_shift_denomination.updated_at,Sales.PosShiftDenominations.updatedAt
column,sales.pos_shift_denomination.updated_by,Sales.PosShiftDenominations.updatedBy
column,sales.pos_shift_denomination.row_version,Sales.PosShiftDenominations.rowVersion
table,sales.price_list,Sales.PriceLists
column,sales.price_list.tenant_id,Sales.PriceLists.tenantId
column,sales.price_list.markup_pct,Sales.PriceLists.markupPct
column,sales.price_list.rounding_to,Sales.PriceLists.roundingTo
column,sales.price_list.is_default,Sales.PriceLists.isDefault
column,sales.price_list.currency_code,Sales.PriceLists.currencyCode
column,sales.price_list.valid_from,Sales.PriceLists.validFrom
column,sales.price_list.valid_to,Sales.PriceLists.validTo
column,sales.price_list.created_at,Sales.PriceLists.createdAt
column,sales.price_list.created_by,Sales.PriceLists.createdBy
column,sales.price_list.updated_at,Sales.PriceLists.updatedAt
column,sales.price_list.updated_by,Sales.PriceLists.updatedBy
column,sales.price_list.row_version,Sales.PriceLists.rowVersion
column,sales.price_list.deleted_at,Sales.PriceLists.deletedAt
table,sales.price_list_item,Sales.PriceListItems
column,sales.price_list_item.tenant_id,Sales.PriceListItems.tenantId
column,sales.price_list_item.price_list_id,Sales.PriceListItems.priceListId
column,sales.price_list_item.item_id,Sales.PriceListItems.itemId
column,sales.price_list_item.effective_from,Sales.PriceListItems.effectiveFrom
column,sales.price_list_item.created_at,Sales.PriceListItems.createdAt
column,sales.price_list_item.created_by,Sales.PriceListItems.createdBy
column,sales.price_list_item.updated_at,Sales.PriceListItems.updatedAt
column,sales.price_list_item.updated_by,Sales.PriceListItems.updatedBy
column,sales.price_list_item.row_version,Sales.PriceListItems.rowVersion
table,sales.quantity_break,Sales.PriceListQuantityBreaks
column,sales.quantity_break.tenant_id,Sales.PriceListQuantityBreaks.tenantId
column,sales.quantity_break.price_list_id,Sales.PriceListQuantityBreaks.priceListId
column,sales.quantity_break.item_id,Sales.PriceListQuantityBreaks.itemId
column,sales.quantity_break.tier_no,Sales.PriceListQuantityBreaks.tierNo
column,sales.quantity_break.min_qty,Sales.PriceListQuantityBreaks.minQty
column,sales.quantity_break.max_qty,Sales.PriceListQuantityBreaks.maxQty
column,sales.quantity_break.unit_price,Sales.PriceListQuantityBreaks.unitPrice
column,sales.quantity_break.created_at,Sales.PriceListQuantityBreaks.createdAt
column,sales.quantity_break.created_by,Sales.PriceListQuantityBreaks.createdBy
column,sales.quantity_break.updated_at,Sales.PriceListQuantityBreaks.updatedAt
column,sales.quantity_break.updated_by,Sales.PriceListQuantityBreaks.updatedBy
column,sales.quantity_break.row_version,Sales.PriceListQuantityBreaks.rowVersion
table,sales.quotation,Sales.Quotations
column,sales.quotation.tenant_id,Sales.Quotations.tenantId
column,sales.quotation.doc_no,Sales.Quotations.docNo
column,sales.quotation.doc_date,Sales.Quotations.docDate
column,sales.quotation.valid_till,Sales.Quotations.validTill
column,sales.quotation.customer_id,Sales.Quotations.customerId
column,sales.quotation.sales_rep_user_id,Sales.Quotations.salesRepUserId
column,sales.quotation.branch_id,Sales.Quotations.branchId
column,sales.quotation.price_list_id,Sales.Quotations.priceListId
column,sales.quotation.revision_of_id,Sales.Quotations.revisionOfId
column,sales.quotation.currency_code,Sales.Quotations.currencyCode
column,sales.quotation.fx_rate,Sales.Quotations.fxRate
column,sales.quotation.gross_amount,Sales.Quotations.grossAmount
column,sales.quotation.discount_amount,Sales.Quotations.discountAmount
column,sales.quotation.tax_amount,Sales.Quotations.taxAmount
column,sales.quotation.net_amount,Sales.Quotations.netAmount
column,sales.quotation.sent_at,Sales.Quotations.sentAt
column,sales.quotation.accepted_at,Sales.Quotations.acceptedAt
column,sales.quotation.created_at,Sales.Quotations.createdAt
column,sales.quotation.created_by,Sales.Quotations.createdBy
column,sales.quotation.updated_at,Sales.Quotations.updatedAt
column,sales.quotation.updated_by,Sales.Quotations.updatedBy
column,sales.quotation.row_version,Sales.Quotations.rowVersion
table,sales.quotation_line,Sales.QuotationLines
column,sales.quotation_line.tenant_id,Sales.QuotationLines.tenantId
column,sales.quotation_line.quotation_id,Sales.QuotationLines.quotationId
column,sales.quotation_line.line_no,Sales.QuotationLines.lineNo
column,sales.quotation_line.item_id,Sales.QuotationLines.itemId
column,sales.quotation_line.qty_ctn,Sales.QuotationLines.qtyCtn
column,sales.quotation_line.qty_loose,Sales.QuotationLines.qtyLoose
column,sales.quotation_line.ctn_factor,Sales.QuotationLines.ctnFactor
column,sales.quotation_line.base_qty,Sales.QuotationLines.baseQty
column,sales.quotation_line.gross_amount,Sales.QuotationLines.grossAmount
column,sales.quotation_line.discount_pct,Sales.QuotationLines.discountPct
column,sales.quotation_line.discount_amount,Sales.QuotationLines.discountAmount
column,sales.quotation_line.taxable_amount,Sales.QuotationLines.taxableAmount
column,sales.quotation_line.tax_code_id,Sales.QuotationLines.taxCodeId
column,sales.quotation_line.tax_rate,Sales.QuotationLines.taxRate
column,sales.quotation_line.tax_amount,Sales.QuotationLines.taxAmount
column,sales.quotation_line.total_amount,Sales.QuotationLines.totalAmount
column,sales.quotation_line.created_at,Sales.QuotationLines.createdAt
column,sales.quotation_line.created_by,Sales.QuotationLines.createdBy
column,sales.quotation_line.updated_at,Sales.QuotationLines.updatedAt
column,sales.quotation_line.updated_by,Sales.QuotationLines.updatedBy
column,sales.quotation_line.row_version,Sales.QuotationLines.rowVersion
table,sales.receipt,Sales.CustomerReceipts
column,sales.receipt.tenant_id,Sales.CustomerReceipts.tenantId
column,sales.receipt.doc_no,Sales.CustomerReceipts.docNo
column,sales.receipt.doc_date,Sales.CustomerReceipts.docDate
column,sales.receipt.customer_id,Sales.CustomerReceipts.customerId
column,sales.receipt.branch_id,Sales.CustomerReceipts.branchId
column,sales.receipt.bank_account_id,Sales.CustomerReceipts.bankAccountId
column,sales.receipt.cash_account_id,Sales.CustomerReceipts.cashAccountId
column,sales.receipt.cheque_id,Sales.CustomerReceipts.chequeId
column,sales.receipt.currency_code,Sales.CustomerReceipts.currencyCode
column,sales.receipt.fx_rate,Sales.CustomerReceipts.fxRate
column,sales.receipt.amount_received,Sales.CustomerReceipts.amountReceived
column,sales.receipt.wht_amount,Sales.CustomerReceipts.whtAmount
column,sales.receipt.wht_section,Sales.CustomerReceipts.whtSection
column,sales.receipt.wht_certificate_status,Sales.CustomerReceipts.whtCertificateStatus
column,sales.receipt.wht_certificate_no,Sales.CustomerReceipts.whtCertificateNo
column,sales.receipt.wht_certificate_date,Sales.CustomerReceipts.whtCertificateDate
column,sales.receipt.bank_charges,Sales.CustomerReceipts.bankCharges
column,sales.receipt.settled_amount,Sales.CustomerReceipts.settledAmount
column,sales.receipt.allocated_amount,Sales.CustomerReceipts.allocatedAmount
column,sales.receipt.unallocated_amount,Sales.CustomerReceipts.unallocatedAmount
column,sales.receipt.sales_order_id,Sales.CustomerReceipts.salesOrderId
column,sales.receipt.email_receipt,Sales.CustomerReceipts.emailReceipt
column,sales.receipt.posted_at,Sales.CustomerReceipts.postedAt
column,sales.receipt.journal_entry_id,Sales.CustomerReceipts.journalEntryId
column,sales.receipt.bounced_at,Sales.CustomerReceipts.bouncedAt
column,sales.receipt.bounce_reason,Sales.CustomerReceipts.bounceReason
column,sales.receipt.bounce_journal_entry_id,Sales.CustomerReceipts.bounceJournalEntryId
column,sales.receipt.voided_at,Sales.CustomerReceipts.voidedAt
column,sales.receipt.void_reason,Sales.CustomerReceipts.voidReason
column,sales.receipt.pos_shift_id,Sales.CustomerReceipts.posShiftId
column,sales.receipt.created_at,Sales.CustomerReceipts.createdAt
column,sales.receipt.created_by,Sales.CustomerReceipts.createdBy
column,sales.receipt.updated_at,Sales.CustomerReceipts.updatedAt
column,sales.receipt.updated_by,Sales.CustomerReceipts.updatedBy
column,sales.receipt.row_version,Sales.CustomerReceipts.rowVersion
table,sales.receipt_allocation,Sales.CustomerReceiptAllocations
column,sales.receipt_allocation.tenant_id,Sales.CustomerReceiptAllocations.tenantId
column,sales.receipt_allocation.receipt_id,Sales.CustomerReceiptAllocations.receiptId
column,sales.receipt_allocation.customer_id,Sales.CustomerReceiptAllocations.customerId
column,sales.receipt_allocation.target_type,Sales.CustomerReceiptAllocations.targetType
column,sales.receipt_allocation.invoice_id,Sales.CustomerReceiptAllocations.invoiceId
column,sales.receipt_allocation.credit_note_id,Sales.CustomerReceiptAllocations.creditNoteId
column,sales.receipt_allocation.allocated_amount,Sales.CustomerReceiptAllocations.allocatedAmount
column,sales.receipt_allocation.allocation_date,Sales.CustomerReceiptAllocations.allocationDate
column,sales.receipt_allocation.is_auto_fifo,Sales.CustomerReceiptAllocations.isAutoFifo
column,sales.receipt_allocation.created_at,Sales.CustomerReceiptAllocations.createdAt
column,sales.receipt_allocation.created_by,Sales.CustomerReceiptAllocations.createdBy
column,sales.receipt_allocation.updated_at,Sales.CustomerReceiptAllocations.updatedAt
column,sales.receipt_allocation.updated_by,Sales.CustomerReceiptAllocations.updatedBy
column,sales.receipt_allocation.row_version,Sales.CustomerReceiptAllocations.rowVersion
table,sales.recurring_invoice_line,Sales.RecurringInvoiceLines
column,sales.recurring_invoice_line.tenant_id,Sales.RecurringInvoiceLines.tenantId
column,sales.recurring_invoice_line.recurring_profile_id,Sales.RecurringInvoiceLines.recurringProfileId
column,sales.recurring_invoice_line.line_no,Sales.RecurringInvoiceLines.lineNo
column,sales.recurring_invoice_line.item_id,Sales.RecurringInvoiceLines.itemId
column,sales.recurring_invoice_line.qty_ctn,Sales.RecurringInvoiceLines.qtyCtn
column,sales.recurring_invoice_line.qty_loose,Sales.RecurringInvoiceLines.qtyLoose
column,sales.recurring_invoice_line.ctn_factor,Sales.RecurringInvoiceLines.ctnFactor
column,sales.recurring_invoice_line.base_qty,Sales.RecurringInvoiceLines.baseQty
column,sales.recurring_invoice_line.use_current_price,Sales.RecurringInvoiceLines.useCurrentPrice
column,sales.recurring_invoice_line.tax_code_id,Sales.RecurringInvoiceLines.taxCodeId
column,sales.recurring_invoice_line.tax_rate,Sales.RecurringInvoiceLines.taxRate
column,sales.recurring_invoice_line.taxable_amount,Sales.RecurringInvoiceLines.taxableAmount
column,sales.recurring_invoice_line.tax_amount,Sales.RecurringInvoiceLines.taxAmount
column,sales.recurring_invoice_line.total_amount,Sales.RecurringInvoiceLines.totalAmount
column,sales.recurring_invoice_line.created_at,Sales.RecurringInvoiceLines.createdAt
column,sales.recurring_invoice_line.created_by,Sales.RecurringInvoiceLines.createdBy
column,sales.recurring_invoice_line.updated_at,Sales.RecurringInvoiceLines.updatedAt
column,sales.recurring_invoice_line.updated_by,Sales.RecurringInvoiceLines.updatedBy
column,sales.recurring_invoice_line.row_version,Sales.RecurringInvoiceLines.rowVersion
table,sales.recurring_invoice_profile,Sales.RecurringInvoices
column,sales.recurring_invoice_profile.tenant_id,Sales.RecurringInvoices.tenantId
column,sales.recurring_invoice_profile.doc_no,Sales.RecurringInvoices.docNo
column,sales.recurring_invoice_profile.customer_id,Sales.RecurringInvoices.customerId
column,sales.recurring_invoice_profile.branch_id,Sales.RecurringInvoices.branchId
column,sales.recurring_invoice_profile.warehouse_id,Sales.RecurringInvoices.warehouseId
column,sales.recurring_invoice_profile.payment_terms,Sales.RecurringInvoices.paymentTerms
column,sales.recurring_invoice_profile.every_days,Sales.RecurringInvoices.everyDays
column,sales.recurring_invoice_profile.start_date,Sales.RecurringInvoices.startDate
column,sales.recurring_invoice_profile.next_run_date,Sales.RecurringInvoices.nextRunDate
column,sales.recurring_invoice_profile.run_time,Sales.RecurringInvoices.runTime
column,sales.recurring_invoice_profile.end_mode,Sales.RecurringInvoices.endMode
column,sales.recurring_invoice_profile.end_date,Sales.RecurringInvoices.endDate
column,sales.recurring_invoice_profile.max_runs,Sales.RecurringInvoices.maxRuns
column,sales.recurring_invoice_profile.runs_count,Sales.RecurringInvoices.runsCount
column,sales.recurring_invoice_profile.auto_send,Sales.RecurringInvoices.autoSend
column,sales.recurring_invoice_profile.send_email,Sales.RecurringInvoices.sendEmail
column,sales.recurring_invoice_profile.send_whatsapp,Sales.RecurringInvoices.sendWhatsapp
column,sales.recurring_invoice_profile.save_as_draft,Sales.RecurringInvoices.saveAsDraft
column,sales.recurring_invoice_profile.last_run_at,Sales.RecurringInvoices.lastRunAt
column,sales.recurring_invoice_profile.last_invoice_id,Sales.RecurringInvoices.lastInvoiceId
column,sales.recurring_invoice_profile.created_at,Sales.RecurringInvoices.createdAt
column,sales.recurring_invoice_profile.created_by,Sales.RecurringInvoices.createdBy
column,sales.recurring_invoice_profile.updated_at,Sales.RecurringInvoices.updatedAt
column,sales.recurring_invoice_profile.updated_by,Sales.RecurringInvoices.updatedBy
column,sales.recurring_invoice_profile.row_version,Sales.RecurringInvoices.rowVersion
table,sales.reminder_log,Sales.PaymentReminderLogs
column,sales.reminder_log.tenant_id,Sales.PaymentReminderLogs.tenantId
column,sales.reminder_log.sent_at,Sales.PaymentReminderLogs.sentAt
column,sales.reminder_log.customer_id,Sales.PaymentReminderLogs.customerId
column,sales.reminder_log.invoice_id,Sales.PaymentReminderLogs.invoiceId
column,sales.reminder_log.reminder_rule_id,Sales.PaymentReminderLogs.reminderRuleId
column,sales.reminder_log.template_id,Sales.PaymentReminderLogs.templateId
column,sales.reminder_log.trigger_mode,Sales.PaymentReminderLogs.triggerMode
column,sales.reminder_log.days_overdue,Sales.PaymentReminderLogs.daysOverdue
column,sales.reminder_log.provider_message_id,Sales.PaymentReminderLogs.providerMessageId
column,sales.reminder_log.error_message,Sales.PaymentReminderLogs.errorMessage
column,sales.reminder_log.sent_by_user_id,Sales.PaymentReminderLogs.sentByUserId
column,sales.reminder_log.created_at,Sales.PaymentReminderLogs.createdAt
column,sales.reminder_log.created_by,Sales.PaymentReminderLogs.createdBy
column,sales.reminder_log.updated_at,Sales.PaymentReminderLogs.updatedAt
column,sales.reminder_log.updated_by,Sales.PaymentReminderLogs.updatedBy
column,sales.reminder_log.row_version,Sales.PaymentReminderLogs.rowVersion
table,sales.reminder_rule,Sales.PaymentReminderRules
column,sales.reminder_rule.tenant_id,Sales.PaymentReminderRules.tenantId
column,sales.reminder_rule.offset_days,Sales.PaymentReminderRules.offsetDays
column,sales.reminder_rule.dunning_level,Sales.PaymentReminderRules.dunningLevel
column,sales.reminder_rule.send_whatsapp,Sales.PaymentReminderRules.sendWhatsapp
column,sales.reminder_rule.send_sms,Sales.PaymentReminderRules.sendSms
column,sales.reminder_rule.send_email,Sales.PaymentReminderRules.sendEmail
column,sales.reminder_rule.template_id,Sales.PaymentReminderRules.templateId
column,sales.reminder_rule.attach_statement,Sales.PaymentReminderRules.attachStatement
column,sales.reminder_rule.escalate_to_user_id,Sales.PaymentReminderRules.escalateToUserId
column,sales.reminder_rule.apply_credit_hold,Sales.PaymentReminderRules.applyCreditHold
column,sales.reminder_rule.run_time,Sales.PaymentReminderRules.runTime
column,sales.reminder_rule.is_active,Sales.PaymentReminderRules.isActive
column,sales.reminder_rule.sent_count,Sales.PaymentReminderRules.sentCount
column,sales.reminder_rule.created_at,Sales.PaymentReminderRules.createdAt
column,sales.reminder_rule.created_by,Sales.PaymentReminderRules.createdBy
column,sales.reminder_rule.updated_at,Sales.PaymentReminderRules.updatedAt
column,sales.reminder_rule.updated_by,Sales.PaymentReminderRules.updatedBy
column,sales.reminder_rule.row_version,Sales.PaymentReminderRules.rowVersion
table,sales.reminder_template,Sales.PaymentReminderTemplates
column,sales.reminder_template.tenant_id,Sales.PaymentReminderTemplates.tenantId
column,sales.reminder_template.email_subject,Sales.PaymentReminderTemplates.emailSubject
column,sales.reminder_template.body_en,Sales.PaymentReminderTemplates.bodyEn
column,sales.reminder_template.body_ur,Sales.PaymentReminderTemplates.bodyUr
column,sales.reminder_template.is_active,Sales.PaymentReminderTemplates.isActive
column,sales.reminder_template.created_at,Sales.PaymentReminderTemplates.createdAt
column,sales.reminder_template.created_by,Sales.PaymentReminderTemplates.createdBy
column,sales.reminder_template.updated_at,Sales.PaymentReminderTemplates.updatedAt
column,sales.reminder_template.updated_by,Sales.PaymentReminderTemplates.updatedBy
column,sales.reminder_template.row_version,Sales.PaymentReminderTemplates.rowVersion
column,sales.reminder_template.deleted_at,Sales.PaymentReminderTemplates.deletedAt
table,sales.sales_order,Sales.SalesOrders
column,sales.sales_order.tenant_id,Sales.SalesOrders.tenantId
column,sales.sales_order.doc_no,Sales.SalesOrders.docNo
column,sales.sales_order.doc_date,Sales.SalesOrders.docDate
column,sales.sales_order.customer_id,Sales.SalesOrders.customerId
column,sales.sales_order.quotation_id,Sales.SalesOrders.quotationId
column,sales.sales_order.branch_id,Sales.SalesOrders.branchId
column,sales.sales_order.warehouse_id,Sales.SalesOrders.warehouseId
column,sales.sales_order.expected_delivery_date,Sales.SalesOrders.expectedDeliveryDate
column,sales.sales_order.customer_po_ref,Sales.SalesOrders.customerPoRef
column,sales.sales_order.customer_po_date,Sales.SalesOrders.customerPoDate
column,sales.sales_order.sales_rep_user_id,Sales.SalesOrders.salesRepUserId
column,sales.sales_order.price_list_id,Sales.SalesOrders.priceListId
column,sales.sales_order.payment_terms,Sales.SalesOrders.paymentTerms
column,sales.sales_order.reserve_stock,Sales.SalesOrders.reserveStock
column,sales.sales_order.email_confirmation,Sales.SalesOrders.emailConfirmation
column,sales.sales_order.currency_code,Sales.SalesOrders.currencyCode
column,sales.sales_order.fx_rate,Sales.SalesOrders.fxRate
column,sales.sales_order.gross_amount,Sales.SalesOrders.grossAmount
column,sales.sales_order.discount_amount,Sales.SalesOrders.discountAmount
column,sales.sales_order.tax_amount,Sales.SalesOrders.taxAmount
column,sales.sales_order.net_amount,Sales.SalesOrders.netAmount
column,sales.sales_order.hold_reason,Sales.SalesOrders.holdReason
column,sales.sales_order.confirmed_at,Sales.SalesOrders.confirmedAt
column,sales.sales_order.cancelled_at,Sales.SalesOrders.cancelledAt
column,sales.sales_order.cancel_reason,Sales.SalesOrders.cancelReason
column,sales.sales_order.created_at,Sales.SalesOrders.createdAt
column,sales.sales_order.created_by,Sales.SalesOrders.createdBy
column,sales.sales_order.updated_at,Sales.SalesOrders.updatedAt
column,sales.sales_order.updated_by,Sales.SalesOrders.updatedBy
column,sales.sales_order.row_version,Sales.SalesOrders.rowVersion
table,sales.sales_order_line,Sales.SalesOrderLines
column,sales.sales_order_line.tenant_id,Sales.SalesOrderLines.tenantId
column,sales.sales_order_line.sales_order_id,Sales.SalesOrderLines.salesOrderId
column,sales.sales_order_line.line_no,Sales.SalesOrderLines.lineNo
column,sales.sales_order_line.quotation_line_id,Sales.SalesOrderLines.quotationLineId
column,sales.sales_order_line.item_id,Sales.SalesOrderLines.itemId
column,sales.sales_order_line.qty_ctn,Sales.SalesOrderLines.qtyCtn
column,sales.sales_order_line.qty_loose,Sales.SalesOrderLines.qtyLoose
column,sales.sales_order_line.ctn_factor,Sales.SalesOrderLines.ctnFactor
column,sales.sales_order_line.base_qty,Sales.SalesOrderLines.baseQty
column,sales.sales_order_line.bonus_qty,Sales.SalesOrderLines.bonusQty
column,sales.sales_order_line.gross_amount,Sales.SalesOrderLines.grossAmount
column,sales.sales_order_line.discount_pct,Sales.SalesOrderLines.discountPct
column,sales.sales_order_line.discount_amount,Sales.SalesOrderLines.discountAmount
column,sales.sales_order_line.taxable_amount,Sales.SalesOrderLines.taxableAmount
column,sales.sales_order_line.tax_code_id,Sales.SalesOrderLines.taxCodeId
column,sales.sales_order_line.tax_rate,Sales.SalesOrderLines.taxRate
column,sales.sales_order_line.tax_amount,Sales.SalesOrderLines.taxAmount
column,sales.sales_order_line.total_amount,Sales.SalesOrderLines.totalAmount
column,sales.sales_order_line.delivered_qty,Sales.SalesOrderLines.deliveredQty
column,sales.sales_order_line.invoiced_qty,Sales.SalesOrderLines.invoicedQty
column,sales.sales_order_line.created_at,Sales.SalesOrderLines.createdAt
column,sales.sales_order_line.created_by,Sales.SalesOrderLines.createdBy
column,sales.sales_order_line.updated_at,Sales.SalesOrderLines.updatedAt
column,sales.sales_order_line.updated_by,Sales.SalesOrderLines.updatedBy
column,sales.sales_order_line.row_version,Sales.SalesOrderLines.rowVersion
table,sales.sales_return,Sales.SalesReturns
column,sales.sales_return.tenant_id,Sales.SalesReturns.tenantId
column,sales.sales_return.doc_no,Sales.SalesReturns.docNo
column,sales.sales_return.doc_date,Sales.SalesReturns.docDate
column,sales.sales_return.return_type,Sales.SalesReturns.returnType
column,sales.sales_return.customer_id,Sales.SalesReturns.customerId
column,sales.sales_return.invoice_id,Sales.SalesReturns.invoiceId
column,sales.sales_return.branch_id,Sales.SalesReturns.branchId
column,sales.sales_return.warehouse_id,Sales.SalesReturns.warehouseId
column,sales.sales_return.booker_employee_id,Sales.SalesReturns.bookerEmployeeId
column,sales.sales_return.deliveryman_employee_id,Sales.SalesReturns.deliverymanEmployeeId
column,sales.sales_return.total_items,Sales.SalesReturns.totalItems
column,sales.sales_return.total_qty,Sales.SalesReturns.totalQty
column,sales.sales_return.gross_amount,Sales.SalesReturns.grossAmount
column,sales.sales_return.discount_amount,Sales.SalesReturns.discountAmount
column,sales.sales_return.value_amount,Sales.SalesReturns.valueAmount
column,sales.sales_return.tax_amount,Sales.SalesReturns.taxAmount
column,sales.sales_return.total_amount,Sales.SalesReturns.totalAmount
column,sales.sales_return.cost_amount,Sales.SalesReturns.costAmount
column,sales.sales_return.credit_note_id,Sales.SalesReturns.creditNoteId
column,sales.sales_return.replacement_invoice_id,Sales.SalesReturns.replacementInvoiceId
column,sales.sales_return.posted_at,Sales.SalesReturns.postedAt
column,sales.sales_return.journal_entry_id,Sales.SalesReturns.journalEntryId
column,sales.sales_return.cancelled_at,Sales.SalesReturns.cancelledAt
column,sales.sales_return.created_at,Sales.SalesReturns.createdAt
column,sales.sales_return.created_by,Sales.SalesReturns.createdBy
column,sales.sales_return.updated_at,Sales.SalesReturns.updatedAt
column,sales.sales_return.updated_by,Sales.SalesReturns.updatedBy
column,sales.sales_return.row_version,Sales.SalesReturns.rowVersion
table,sales.sales_return_line,Sales.SalesReturnLines
column,sales.sales_return_line.tenant_id,Sales.SalesReturnLines.tenantId
column,sales.sales_return_line.sales_return_id,Sales.SalesReturnLines.salesReturnId
column,sales.sales_return_line.line_no,Sales.SalesReturnLines.lineNo
column,sales.sales_return_line.invoice_line_id,Sales.SalesReturnLines.invoiceLineId
column,sales.sales_return_line.item_id,Sales.SalesReturnLines.itemId
column,sales.sales_return_line.pack_label,Sales.SalesReturnLines.packLabel
column,sales.sales_return_line.batch_id,Sales.SalesReturnLines.batchId
column,sales.sales_return_line.expiry_date,Sales.SalesReturnLines.expiryDate
column,sales.sales_return_line.sold_qty,Sales.SalesReturnLines.soldQty
column,sales.sales_return_line.qty_ctn,Sales.SalesReturnLines.qtyCtn
column,sales.sales_return_line.qty_loose,Sales.SalesReturnLines.qtyLoose
column,sales.sales_return_line.ctn_factor,Sales.SalesReturnLines.ctnFactor
column,sales.sales_return_line.base_qty,Sales.SalesReturnLines.baseQty
column,sales.sales_return_line.gross_amount,Sales.SalesReturnLines.grossAmount
column,sales.sales_return_line.discount_pct,Sales.SalesReturnLines.discountPct
column,sales.sales_return_line.discount_amount,Sales.SalesReturnLines.discountAmount
column,sales.sales_return_line.value_amount,Sales.SalesReturnLines.valueAmount
column,sales.sales_return_line.tax_code_id,Sales.SalesReturnLines.taxCodeId
column,sales.sales_return_line.tax_rate,Sales.SalesReturnLines.taxRate
column,sales.sales_return_line.tax_amount,Sales.SalesReturnLines.taxAmount
column,sales.sales_return_line.total_amount,Sales.SalesReturnLines.totalAmount
column,sales.sales_return_line.unit_cost,Sales.SalesReturnLines.unitCost
column,sales.sales_return_line.cost_amount,Sales.SalesReturnLines.costAmount
column,sales.sales_return_line.created_at,Sales.SalesReturnLines.createdAt
column,sales.sales_return_line.created_by,Sales.SalesReturnLines.createdBy
column,sales.sales_return_line.updated_at,Sales.SalesReturnLines.updatedAt
column,sales.sales_return_line.updated_by,Sales.SalesReturnLines.updatedBy
column,sales.sales_return_line.row_version,Sales.SalesReturnLines.rowVersion
table,sales.scheme,Sales.SalesSchemes
column,sales.scheme.tenant_id,Sales.SalesSchemes.tenantId
column,sales.scheme.scheme_type,Sales.SalesSchemes.schemeType
column,sales.scheme.valid_from,Sales.SalesSchemes.validFrom
column,sales.scheme.valid_to,Sales.SalesSchemes.validTo
column,sales.scheme.is_active,Sales.SalesSchemes.isActive
column,sales.scheme.buy_qty,Sales.SalesSchemes.buyQty
column,sales.scheme.free_qty,Sales.SalesSchemes.freeQty
column,sales.scheme.discount_pct,Sales.SalesSchemes.discountPct
column,sales.scheme.discount_amount,Sales.SalesSchemes.discountAmount
column,sales.scheme.min_invoice_amount,Sales.SalesSchemes.minInvoiceAmount
column,sales.scheme.min_line_qty,Sales.SalesSchemes.minLineQty
column,sales.scheme.bundle_price,Sales.SalesSchemes.bundlePrice
column,sales.scheme.settlement_days,Sales.SalesSchemes.settlementDays
column,sales.scheme.applies_to_all,Sales.SalesSchemes.appliesToAll
column,sales.scheme.budget_cap,Sales.SalesSchemes.budgetCap
column,sales.scheme.max_uses_per_customer,Sales.SalesSchemes.maxUsesPerCustomer
column,sales.scheme.used_count,Sales.SalesSchemes.usedCount
column,sales.scheme.value_given,Sales.SalesSchemes.valueGiven
column,sales.scheme.created_at,Sales.SalesSchemes.createdAt
column,sales.scheme.created_by,Sales.SalesSchemes.createdBy
column,sales.scheme.updated_at,Sales.SalesSchemes.updatedAt
column,sales.scheme.updated_by,Sales.SalesSchemes.updatedBy
column,sales.scheme.row_version,Sales.SalesSchemes.rowVersion
column,sales.scheme.deleted_at,Sales.SalesSchemes.deletedAt
table,sales.scheme_eligibility,Sales.SalesSchemeEligibilities
column,sales.scheme_eligibility.tenant_id,Sales.SalesSchemeEligibilities.tenantId
column,sales.scheme_eligibility.scheme_id,Sales.SalesSchemeEligibilities.schemeId
column,sales.scheme_eligibility.customer_group_id,Sales.SalesSchemeEligibilities.customerGroupId
column,sales.scheme_eligibility.customer_id,Sales.SalesSchemeEligibilities.customerId
column,sales.scheme_eligibility.price_tier,Sales.SalesSchemeEligibilities.priceTier
column,sales.scheme_eligibility.is_excluded,Sales.SalesSchemeEligibilities.isExcluded
column,sales.scheme_eligibility.created_at,Sales.SalesSchemeEligibilities.createdAt
column,sales.scheme_eligibility.created_by,Sales.SalesSchemeEligibilities.createdBy
column,sales.scheme_eligibility.updated_at,Sales.SalesSchemeEligibilities.updatedAt
column,sales.scheme_eligibility.updated_by,Sales.SalesSchemeEligibilities.updatedBy
column,sales.scheme_eligibility.row_version,Sales.SalesSchemeEligibilities.rowVersion
table,sales.scheme_item,Sales.SalesSchemeItems
column,sales.scheme_item.tenant_id,Sales.SalesSchemeItems.tenantId
column,sales.scheme_item.scheme_id,Sales.SalesSchemeItems.schemeId
column,sales.scheme_item.item_id,Sales.SalesSchemeItems.itemId
column,sales.scheme_item.item_role,Sales.SalesSchemeItems.itemRole
column,sales.scheme_item.created_at,Sales.SalesSchemeItems.createdAt
column,sales.scheme_item.created_by,Sales.SalesSchemeItems.createdBy
column,sales.scheme_item.updated_at,Sales.SalesSchemeItems.updatedAt
column,sales.scheme_item.updated_by,Sales.SalesSchemeItems.updatedBy
column,sales.scheme_item.row_version,Sales.SalesSchemeItems.rowVersion
table,tax.fbr_config,Tax.FbrSettings
column,tax.fbr_config.tenant_id,Tax.FbrSettings.tenantId
column,tax.fbr_config.pos_id,Tax.FbrSettings.posId
column,tax.fbr_config.api_token_secret_ref,Tax.FbrSettings.apiTokenSecretRef
column,tax.fbr_config.api_token_hint,Tax.FbrSettings.apiTokenHint
column,tax.fbr_config.token_expires_on,Tax.FbrSettings.tokenExpiresOn
column,tax.fbr_config.report_on_posting,Tax.FbrSettings.reportOnPosting
column,tax.fbr_config.print_qr,Tax.FbrSettings.printQr
column,tax.fbr_config.block_if_unreachable,Tax.FbrSettings.blockIfUnreachable
column,tax.fbr_config.sync_interval_minutes,Tax.FbrSettings.syncIntervalMinutes
column,tax.fbr_config.connection_status,Tax.FbrSettings.connectionStatus
column,tax.fbr_config.last_health_check_at,Tax.FbrSettings.lastHealthCheckAt
column,tax.fbr_config.last_latency_ms,Tax.FbrSettings.lastLatencyMs
column,tax.fbr_config.last_sync_at,Tax.FbrSettings.lastSyncAt
column,tax.fbr_config.is_active,Tax.FbrSettings.isActive
column,tax.fbr_config.created_at,Tax.FbrSettings.createdAt
column,tax.fbr_config.created_by,Tax.FbrSettings.createdBy
column,tax.fbr_config.updated_at,Tax.FbrSettings.updatedAt
column,tax.fbr_config.updated_by,Tax.FbrSettings.updatedBy
column,tax.fbr_config.row_version,Tax.FbrSettings.rowVersion
table,tax.fbr_connection_log,Tax.FbrConnectionEvents
column,tax.fbr_connection_log.tenant_id,Tax.FbrConnectionEvents.tenantId
column,tax.fbr_connection_log.fbr_config_id,Tax.FbrConnectionEvents.fbrConfigId
column,tax.fbr_connection_log.occurred_at,Tax.FbrConnectionEvents.occurredAt
column,tax.fbr_connection_log.latency_ms,Tax.FbrConnectionEvents.latencyMs
column,tax.fbr_connection_log.retried_count,Tax.FbrConnectionEvents.retriedCount
column,tax.fbr_connection_log.actor_user_id,Tax.FbrConnectionEvents.actorUserId
column,tax.fbr_connection_log.created_at,Tax.FbrConnectionEvents.createdAt
column,tax.fbr_connection_log.created_by,Tax.FbrConnectionEvents.createdBy
column,tax.fbr_connection_log.updated_at,Tax.FbrConnectionEvents.updatedAt
column,tax.fbr_connection_log.updated_by,Tax.FbrConnectionEvents.updatedBy
column,tax.fbr_connection_log.row_version,Tax.FbrConnectionEvents.rowVersion
table,tax.fbr_pos_mapping,Tax.FbrBranchMappings
column,tax.fbr_pos_mapping.tenant_id,Tax.FbrBranchMappings.tenantId
column,tax.fbr_pos_mapping.fbr_config_id,Tax.FbrBranchMappings.fbrConfigId
column,tax.fbr_pos_mapping.branch_id,Tax.FbrBranchMappings.branchId
column,tax.fbr_pos_mapping.pos_id,Tax.FbrBranchMappings.posId
column,tax.fbr_pos_mapping.is_active,Tax.FbrBranchMappings.isActive
column,tax.fbr_pos_mapping.created_at,Tax.FbrBranchMappings.createdAt
column,tax.fbr_pos_mapping.created_by,Tax.FbrBranchMappings.createdBy
column,tax.fbr_pos_mapping.updated_at,Tax.FbrBranchMappings.updatedAt
column,tax.fbr_pos_mapping.updated_by,Tax.FbrBranchMappings.updatedBy
column,tax.fbr_pos_mapping.row_version,Tax.FbrBranchMappings.rowVersion
table,tax.fbr_submission,Tax.FbrInvoiceSubmissions
column,tax.fbr_submission.tenant_id,Tax.FbrInvoiceSubmissions.tenantId
column,tax.fbr_submission.fbr_config_id,Tax.FbrInvoiceSubmissions.fbrConfigId
column,tax.fbr_submission.invoice_id,Tax.FbrInvoiceSubmissions.invoiceId
column,tax.fbr_submission.credit_note_id,Tax.FbrInvoiceSubmissions.creditNoteId
column,tax.fbr_submission.document_no,Tax.FbrInvoiceSubmissions.documentNo
column,tax.fbr_submission.branch_id,Tax.FbrInvoiceSubmissions.branchId
column,tax.fbr_submission.pos_id,Tax.FbrInvoiceSubmissions.posId
column,tax.fbr_submission.buyer_name,Tax.FbrInvoiceSubmissions.buyerName
column,tax.fbr_submission.buyer_ntn_cnic,Tax.FbrInvoiceSubmissions.buyerNtnCnic
column,tax.fbr_submission.first_submitted_at,Tax.FbrInvoiceSubmissions.firstSubmittedAt
column,tax.fbr_submission.last_attempt_at,Tax.FbrInvoiceSubmissions.lastAttemptAt
column,tax.fbr_submission.next_retry_at,Tax.FbrInvoiceSubmissions.nextRetryAt
column,tax.fbr_submission.fbr_invoice_no,Tax.FbrInvoiceSubmissions.fbrInvoiceNo
column,tax.fbr_submission.qr_payload,Tax.FbrInvoiceSubmissions.qrPayload
column,tax.fbr_submission.response_code,Tax.FbrInvoiceSubmissions.responseCode
column,tax.fbr_submission.error_message,Tax.FbrInvoiceSubmissions.errorMessage
column,tax.fbr_submission.latency_ms,Tax.FbrInvoiceSubmissions.latencyMs
column,tax.fbr_submission.request_payload,Tax.FbrInvoiceSubmissions.requestPayload
column,tax.fbr_submission.response_payload,Tax.FbrInvoiceSubmissions.responsePayload
column,tax.fbr_submission.created_at,Tax.FbrInvoiceSubmissions.createdAt
column,tax.fbr_submission.created_by,Tax.FbrInvoiceSubmissions.createdBy
column,tax.fbr_submission.updated_at,Tax.FbrInvoiceSubmissions.updatedAt
column,tax.fbr_submission.updated_by,Tax.FbrInvoiceSubmissions.updatedBy
column,tax.fbr_submission.row_version,Tax.FbrInvoiceSubmissions.rowVersion
table,tax.sales_tax_annex_line,Tax.SalesTaxReturnLines
column,tax.sales_tax_annex_line.tenant_id,Tax.SalesTaxReturnLines.tenantId
column,tax.sales_tax_annex_line.return_id,Tax.SalesTaxReturnLines.returnId
column,tax.sales_tax_annex_line.line_no,Tax.SalesTaxReturnLines.lineNo
column,tax.sales_tax_annex_line.customer_id,Tax.SalesTaxReturnLines.customerId
column,tax.sales_tax_annex_line.vendor_id,Tax.SalesTaxReturnLines.vendorId
column,tax.sales_tax_annex_line.party_name,Tax.SalesTaxReturnLines.partyName
column,tax.sales_tax_annex_line.party_ntn_cnic,Tax.SalesTaxReturnLines.partyNtnCnic
column,tax.sales_tax_annex_line.party_strn,Tax.SalesTaxReturnLines.partyStrn
column,tax.sales_tax_annex_line.is_registered,Tax.SalesTaxReturnLines.isRegistered
column,tax.sales_tax_annex_line.invoice_id,Tax.SalesTaxReturnLines.invoiceId
column,tax.sales_tax_annex_line.credit_note_id,Tax.SalesTaxReturnLines.creditNoteId
column,tax.sales_tax_annex_line.bill_id,Tax.SalesTaxReturnLines.billId
column,tax.sales_tax_annex_line.debit_note_id,Tax.SalesTaxReturnLines.debitNoteId
column,tax.sales_tax_annex_line.document_no,Tax.SalesTaxReturnLines.documentNo
column,tax.sales_tax_annex_line.document_date,Tax.SalesTaxReturnLines.documentDate
column,tax.sales_tax_annex_line.tax_code_id,Tax.SalesTaxReturnLines.taxCodeId
column,tax.sales_tax_annex_line.tax_rate,Tax.SalesTaxReturnLines.taxRate
column,tax.sales_tax_annex_line.value_excl_tax,Tax.SalesTaxReturnLines.valueExclTax
column,tax.sales_tax_annex_line.sales_tax,Tax.SalesTaxReturnLines.salesTax
column,tax.sales_tax_annex_line.further_tax,Tax.SalesTaxReturnLines.furtherTax
column,tax.sales_tax_annex_line.match_status,Tax.SalesTaxReturnLines.matchStatus
column,tax.sales_tax_annex_line.is_admissible,Tax.SalesTaxReturnLines.isAdmissible
column,tax.sales_tax_annex_line.item_id,Tax.SalesTaxReturnLines.itemId
column,tax.sales_tax_annex_line.hs_code,Tax.SalesTaxReturnLines.hsCode
column,tax.sales_tax_annex_line.opening_qty,Tax.SalesTaxReturnLines.openingQty
column,tax.sales_tax_annex_line.purchased_qty,Tax.SalesTaxReturnLines.purchasedQty
column,tax.sales_tax_annex_line.sold_qty,Tax.SalesTaxReturnLines.soldQty
column,tax.sales_tax_annex_line.closing_qty,Tax.SalesTaxReturnLines.closingQty
column,tax.sales_tax_annex_line.closing_value,Tax.SalesTaxReturnLines.closingValue
column,tax.sales_tax_annex_line.created_at,Tax.SalesTaxReturnLines.createdAt
column,tax.sales_tax_annex_line.created_by,Tax.SalesTaxReturnLines.createdBy
column,tax.sales_tax_annex_line.updated_at,Tax.SalesTaxReturnLines.updatedAt
column,tax.sales_tax_annex_line.updated_by,Tax.SalesTaxReturnLines.updatedBy
column,tax.sales_tax_annex_line.row_version,Tax.SalesTaxReturnLines.rowVersion
table,tax.sales_tax_return,Tax.SalesTaxReturns
column,tax.sales_tax_return.tenant_id,Tax.SalesTaxReturns.tenantId
column,tax.sales_tax_return.doc_no,Tax.SalesTaxReturns.docNo
column,tax.sales_tax_return.period_month,Tax.SalesTaxReturns.periodMonth
column,tax.sales_tax_return.fiscal_period_id,Tax.SalesTaxReturns.fiscalPeriodId
column,tax.sales_tax_return.revision_no,Tax.SalesTaxReturns.revisionNo
column,tax.sales_tax_return.due_date,Tax.SalesTaxReturns.dueDate
column,tax.sales_tax_return.output_tax,Tax.SalesTaxReturns.outputTax
column,tax.sales_tax_return.further_tax,Tax.SalesTaxReturns.furtherTax
column,tax.sales_tax_return.input_tax,Tax.SalesTaxReturns.inputTax
column,tax.sales_tax_return.inadmissible_input,Tax.SalesTaxReturns.inadmissibleInput
column,tax.sales_tax_return.carry_forward_in,Tax.SalesTaxReturns.carryForwardIn
column,tax.sales_tax_return.total_output_tax,Tax.SalesTaxReturns.totalOutputTax
column,tax.sales_tax_return.admissible_input_tax,Tax.SalesTaxReturns.admissibleInputTax
column,tax.sales_tax_return.net_payable,Tax.SalesTaxReturns.netPayable
column,tax.sales_tax_return.input_cap_pct,Tax.SalesTaxReturns.inputCapPct
column,tax.sales_tax_return.annex_c_count,Tax.SalesTaxReturns.annexCCount
column,tax.sales_tax_return.annex_a_count,Tax.SalesTaxReturns.annexACount
column,tax.sales_tax_return.include_annex_h,Tax.SalesTaxReturns.includeAnnexH
column,tax.sales_tax_return.exclude_unmatched_input,Tax.SalesTaxReturns.excludeUnmatchedInput
column,tax.sales_tax_return.iris_exported_at,Tax.SalesTaxReturns.irisExportedAt
column,tax.sales_tax_return.iris_export_attachment_id,Tax.SalesTaxReturns.irisExportAttachmentId
column,tax.sales_tax_return.filed_on,Tax.SalesTaxReturns.filedOn
column,tax.sales_tax_return.filed_by_user_id,Tax.SalesTaxReturns.filedByUserId
column,tax.sales_tax_return.cpr_no,Tax.SalesTaxReturns.cprNo
column,tax.sales_tax_return.paid_on,Tax.SalesTaxReturns.paidOn
column,tax.sales_tax_return.paid_amount,Tax.SalesTaxReturns.paidAmount
column,tax.sales_tax_return.paid_from_bank_account_id,Tax.SalesTaxReturns.paidFromBankAccountId
column,tax.sales_tax_return.payment_journal_entry_id,Tax.SalesTaxReturns.paymentJournalEntryId
column,tax.sales_tax_return.created_at,Tax.SalesTaxReturns.createdAt
column,tax.sales_tax_return.created_by,Tax.SalesTaxReturns.createdBy
column,tax.sales_tax_return.updated_at,Tax.SalesTaxReturns.updatedAt
column,tax.sales_tax_return.updated_by,Tax.SalesTaxReturns.updatedBy
column,tax.sales_tax_return.row_version,Tax.SalesTaxReturns.rowVersion
table,tax.tax_code,Tax.TaxCodes
column,tax.tax_code.tenant_id,Tax.TaxCodes.tenantId
column,tax.tax_code.tax_type,Tax.TaxCodes.taxType
column,tax.tax_code.applies_to,Tax.TaxCodes.appliesTo
column,tax.tax_code.rate_basis,Tax.TaxCodes.rateBasis
column,tax.tax_code.sales_tax_kind,Tax.TaxCodes.salesTaxKind
column,tax.tax_code.wht_section,Tax.TaxCodes.whtSection
column,tax.tax_code.wht_nature,Tax.TaxCodes.whtNature
column,tax.tax_code.account_id,Tax.TaxCodes.accountId
column,tax.tax_code.input_account_id,Tax.TaxCodes.inputAccountId
column,tax.tax_code.fbr_reference,Tax.TaxCodes.fbrReference
column,tax.tax_code.calc_on_excl_sales_tax,Tax.TaxCodes.calcOnExclSalesTax
column,tax.tax_code.check_atl,Tax.TaxCodes.checkAtl
column,tax.tax_code.is_system,Tax.TaxCodes.isSystem
column,tax.tax_code.is_active,Tax.TaxCodes.isActive
column,tax.tax_code.created_at,Tax.TaxCodes.createdAt
column,tax.tax_code.created_by,Tax.TaxCodes.createdBy
column,tax.tax_code.updated_at,Tax.TaxCodes.updatedAt
column,tax.tax_code.updated_by,Tax.TaxCodes.updatedBy
column,tax.tax_code.row_version,Tax.TaxCodes.rowVersion
column,tax.tax_code.deleted_at,Tax.TaxCodes.deletedAt
table,tax.tax_code_rate,Tax.TaxCodeRates
column,tax.tax_code_rate.tenant_id,Tax.TaxCodeRates.tenantId
column,tax.tax_code_rate.tax_code_id,Tax.TaxCodeRates.taxCodeId
column,tax.tax_code_rate.effective_from,Tax.TaxCodeRates.effectiveFrom
column,tax.tax_code_rate.effective_to,Tax.TaxCodeRates.effectiveTo
column,tax.tax_code_rate.non_atl_rate,Tax.TaxCodeRates.nonAtlRate
column,tax.tax_code_rate.finance_act,Tax.TaxCodeRates.financeAct
column,tax.tax_code_rate.created_at,Tax.TaxCodeRates.createdAt
column,tax.tax_code_rate.created_by,Tax.TaxCodeRates.createdBy
column,tax.tax_code_rate.updated_at,Tax.TaxCodeRates.updatedAt
column,tax.tax_code_rate.updated_by,Tax.TaxCodeRates.updatedBy
column,tax.tax_code_rate.row_version,Tax.TaxCodeRates.rowVersion
table,tax.wht_certificate,Tax.WhtCertificates
column,tax.wht_certificate.tenant_id,Tax.WhtCertificates.tenantId
column,tax.wht_certificate.certificate_no,Tax.WhtCertificates.certificateNo
column,tax.wht_certificate.vendor_id,Tax.WhtCertificates.vendorId
column,tax.wht_certificate.customer_id,Tax.WhtCertificates.customerId
column,tax.wht_certificate.employee_id,Tax.WhtCertificates.employeeId
column,tax.wht_certificate.party_name,Tax.WhtCertificates.partyName
column,tax.wht_certificate.party_ntn_cnic,Tax.WhtCertificates.partyNtnCnic
column,tax.wht_certificate.wht_section,Tax.WhtCertificates.whtSection
column,tax.wht_certificate.period_from,Tax.WhtCertificates.periodFrom
column,tax.wht_certificate.period_to,Tax.WhtCertificates.periodTo
column,tax.wht_certificate.taxable_amount,Tax.WhtCertificates.taxableAmount
column,tax.wht_certificate.tax_amount,Tax.WhtCertificates.taxAmount
column,tax.wht_certificate.wht_payment_id,Tax.WhtCertificates.whtPaymentId
column,tax.wht_certificate.cpr_no,Tax.WhtCertificates.cprNo
column,tax.wht_certificate.issued_on,Tax.WhtCertificates.issuedOn
column,tax.wht_certificate.received_on,Tax.WhtCertificates.receivedOn
column,tax.wht_certificate.attachment_id,Tax.WhtCertificates.attachmentId
column,tax.wht_certificate.created_at,Tax.WhtCertificates.createdAt
column,tax.wht_certificate.created_by,Tax.WhtCertificates.createdBy
column,tax.wht_certificate.updated_at,Tax.WhtCertificates.updatedAt
column,tax.wht_certificate.updated_by,Tax.WhtCertificates.updatedBy
column,tax.wht_certificate.row_version,Tax.WhtCertificates.rowVersion
table,tax.wht_deduction,Tax.WhtDeductions
column,tax.wht_deduction.tenant_id,Tax.WhtDeductions.tenantId
column,tax.wht_deduction.deduction_date,Tax.WhtDeductions.deductionDate
column,tax.wht_deduction.period_month,Tax.WhtDeductions.periodMonth
column,tax.wht_deduction.branch_id,Tax.WhtDeductions.branchId
column,tax.wht_deduction.tax_code_id,Tax.WhtDeductions.taxCodeId
column,tax.wht_deduction.wht_section,Tax.WhtDeductions.whtSection
column,tax.wht_deduction.vendor_id,Tax.WhtDeductions.vendorId
column,tax.wht_deduction.customer_id,Tax.WhtDeductions.customerId
column,tax.wht_deduction.employee_id,Tax.WhtDeductions.employeeId
column,tax.wht_deduction.party_name,Tax.WhtDeductions.partyName
column,tax.wht_deduction.party_ntn_cnic,Tax.WhtDeductions.partyNtnCnic
column,tax.wht_deduction.is_atl,Tax.WhtDeductions.isAtl
column,tax.wht_deduction.source_doc_type,Tax.WhtDeductions.sourceDocType
column,tax.wht_deduction.source_doc_id,Tax.WhtDeductions.sourceDocId
column,tax.wht_deduction.taxable_amount,Tax.WhtDeductions.taxableAmount
column,tax.wht_deduction.tax_rate,Tax.WhtDeductions.taxRate
column,tax.wht_deduction.tax_amount,Tax.WhtDeductions.taxAmount
column,tax.wht_deduction.journal_entry_id,Tax.WhtDeductions.journalEntryId
column,tax.wht_deduction.wht_payment_id,Tax.WhtDeductions.whtPaymentId
column,tax.wht_deduction.wht_certificate_id,Tax.WhtDeductions.whtCertificateId
column,tax.wht_deduction.created_at,Tax.WhtDeductions.createdAt
column,tax.wht_deduction.created_by,Tax.WhtDeductions.createdBy
column,tax.wht_deduction.updated_at,Tax.WhtDeductions.updatedAt
column,tax.wht_deduction.updated_by,Tax.WhtDeductions.updatedBy
column,tax.wht_deduction.row_version,Tax.WhtDeductions.rowVersion
table,tax.wht_payment,Tax.WhtChallans
column,tax.wht_payment.tenant_id,Tax.WhtChallans.tenantId
column,tax.wht_payment.doc_no,Tax.WhtChallans.docNo
column,tax.wht_payment.cpr_no,Tax.WhtChallans.cprNo
column,tax.wht_payment.period_month,Tax.WhtChallans.periodMonth
column,tax.wht_payment.payment_date,Tax.WhtChallans.paymentDate
column,tax.wht_payment.bank_account_id,Tax.WhtChallans.bankAccountId
column,tax.wht_payment.journal_entry_id,Tax.WhtChallans.journalEntryId
column,tax.wht_payment.created_at,Tax.WhtChallans.createdAt
column,tax.wht_payment.created_by,Tax.WhtChallans.createdBy
column,tax.wht_payment.updated_at,Tax.WhtChallans.updatedAt
column,tax.wht_payment.updated_by,Tax.WhtChallans.updatedBy
column,tax.wht_payment.row_version,Tax.WhtChallans.rowVersion
table,tax.wht_return,Tax.WhtStatements
column,tax.wht_return.tenant_id,Tax.WhtStatements.tenantId
column,tax.wht_return.return_type,Tax.WhtStatements.returnType
column,tax.wht_return.fiscal_year_id,Tax.WhtStatements.fiscalYearId
column,tax.wht_return.period_from,Tax.WhtStatements.periodFrom
column,tax.wht_return.period_to,Tax.WhtStatements.periodTo
column,tax.wht_return.due_date,Tax.WhtStatements.dueDate
column,tax.wht_return.tax_amount,Tax.WhtStatements.taxAmount
column,tax.wht_return.filed_on,Tax.WhtStatements.filedOn
column,tax.wht_return.filed_by_user_id,Tax.WhtStatements.filedByUserId
column,tax.wht_return.iris_reference,Tax.WhtStatements.irisReference
column,tax.wht_return.attachment_id,Tax.WhtStatements.attachmentId
column,tax.wht_return.created_at,Tax.WhtStatements.createdAt
column,tax.wht_return.created_by,Tax.WhtStatements.createdBy
column,tax.wht_return.updated_at,Tax.WhtStatements.updatedAt
column,tax.wht_return.updated_by,Tax.WhtStatements.updatedBy
column,tax.wht_return.row_version,Tax.WhtStatements.rowVersion
table,treasury.bank,BankCash.Banks
column,treasury.bank.tenant_id,BankCash.Banks.tenantId
column,treasury.bank.short_name,BankCash.Banks.shortName
column,treasury.bank.swift_bic,BankCash.Banks.swiftBic
column,treasury.bank.iban_bank_code,BankCash.Banks.ibanBankCode
column,treasury.bank.is_islamic,BankCash.Banks.isIslamic
column,treasury.bank.is_active,BankCash.Banks.isActive
column,treasury.bank.created_at,BankCash.Banks.createdAt
column,treasury.bank.created_by,BankCash.Banks.createdBy
column,treasury.bank.updated_at,BankCash.Banks.updatedAt
column,treasury.bank.updated_by,BankCash.Banks.updatedBy
column,treasury.bank.row_version,BankCash.Banks.rowVersion
column,treasury.bank.deleted_at,BankCash.Banks.deletedAt
table,treasury.bank_account,BankCash.BankAccounts
column,treasury.bank_account.tenant_id,BankCash.BankAccounts.tenantId
column,treasury.bank_account.bank_id,BankCash.BankAccounts.bankId
column,treasury.bank_account.branch_id,BankCash.BankAccounts.branchId
column,treasury.bank_account.account_type,BankCash.BankAccounts.accountType
column,treasury.bank_account.account_title,BankCash.BankAccounts.accountTitle
column,treasury.bank_account.account_no,BankCash.BankAccounts.accountNo
column,treasury.bank_account.account_last4,BankCash.BankAccounts.accountLast4
column,treasury.bank_account.bank_branch,BankCash.BankAccounts.bankBranch
column,treasury.bank_account.account_id,BankCash.BankAccounts.accountId
column,treasury.bank_account.currency_code,BankCash.BankAccounts.currencyCode
column,treasury.bank_account.opening_balance,BankCash.BankAccounts.openingBalance
column,treasury.bank_account.opening_balance_date,BankCash.BankAccounts.openingBalanceDate
column,treasury.bank_account.credit_limit,BankCash.BankAccounts.creditLimit
column,treasury.bank_account.markup_terms,BankCash.BankAccounts.markupTerms
column,treasury.bank_account.statement_import_enabled,BankCash.BankAccounts.statementImportEnabled
column,treasury.bank_account.statement_format,BankCash.BankAccounts.statementFormat
column,treasury.bank_account.use_for_payroll,BankCash.BankAccounts.useForPayroll
column,treasury.bank_account.reconciled_to,BankCash.BankAccounts.reconciledTo
column,treasury.bank_account.last_statement_balance,BankCash.BankAccounts.lastStatementBalance
column,treasury.bank_account.last_statement_date,BankCash.BankAccounts.lastStatementDate
column,treasury.bank_account.closed_on,BankCash.BankAccounts.closedOn
column,treasury.bank_account.created_at,BankCash.BankAccounts.createdAt
column,treasury.bank_account.created_by,BankCash.BankAccounts.createdBy
column,treasury.bank_account.updated_at,BankCash.BankAccounts.updatedAt
column,treasury.bank_account.updated_by,BankCash.BankAccounts.updatedBy
column,treasury.bank_account.row_version,BankCash.BankAccounts.rowVersion
column,treasury.bank_account.deleted_at,BankCash.BankAccounts.deletedAt
table,treasury.bank_rule,BankCash.BankRules
column,treasury.bank_rule.tenant_id,BankCash.BankRules.tenantId
column,treasury.bank_rule.match_mode,BankCash.BankRules.matchMode
column,treasury.bank_rule.bank_account_id,BankCash.BankRules.bankAccountId
column,treasury.bank_rule.account_id,BankCash.BankRules.accountId
column,treasury.bank_rule.cost_centre_id,BankCash.BankRules.costCentreId
column,treasury.bank_rule.auto_post,BankCash.BankRules.autoPost
column,treasury.bank_rule.is_enabled,BankCash.BankRules.isEnabled
column,treasury.bank_rule.hit_count,BankCash.BankRules.hitCount
column,treasury.bank_rule.last_hit_at,BankCash.BankRules.lastHitAt
column,treasury.bank_rule.created_at,BankCash.BankRules.createdAt
column,treasury.bank_rule.created_by,BankCash.BankRules.createdBy
column,treasury.bank_rule.updated_at,BankCash.BankRules.updatedAt
column,treasury.bank_rule.updated_by,BankCash.BankRules.updatedBy
column,treasury.bank_rule.row_version,BankCash.BankRules.rowVersion
column,treasury.bank_rule.deleted_at,BankCash.BankRules.deletedAt
table,treasury.bank_rule_condition,BankCash.BankRuleConditions
column,treasury.bank_rule_condition.tenant_id,BankCash.BankRuleConditions.tenantId
column,treasury.bank_rule_condition.bank_rule_id,BankCash.BankRuleConditions.bankRuleId
column,treasury.bank_rule_condition.created_at,BankCash.BankRuleConditions.createdAt
column,treasury.bank_rule_condition.created_by,BankCash.BankRuleConditions.createdBy
column,treasury.bank_rule_condition.updated_at,BankCash.BankRuleConditions.updatedAt
column,treasury.bank_rule_condition.updated_by,BankCash.BankRuleConditions.updatedBy
column,treasury.bank_rule_condition.row_version,BankCash.BankRuleConditions.rowVersion
table,treasury.bank_transaction,BankCash.BankTransactions
column,treasury.bank_transaction.tenant_id,BankCash.BankTransactions.tenantId
column,treasury.bank_transaction.bank_account_id,BankCash.BankTransactions.bankAccountId
column,treasury.bank_transaction.txn_date,BankCash.BankTransactions.txnDate
column,treasury.bank_transaction.value_date,BankCash.BankTransactions.valueDate
column,treasury.bank_transaction.payment_mode,BankCash.BankTransactions.paymentMode
column,treasury.bank_transaction.deposit_amount,BankCash.BankTransactions.depositAmount
column,treasury.bank_transaction.withdrawal_amount,BankCash.BankTransactions.withdrawalAmount
column,treasury.bank_transaction.cheque_id,BankCash.BankTransactions.chequeId
column,treasury.bank_transaction.journal_entry_id,BankCash.BankTransactions.journalEntryId
column,treasury.bank_transaction.statement_ref,BankCash.BankTransactions.statementRef
column,treasury.bank_transaction.cleared_on,BankCash.BankTransactions.clearedOn
column,treasury.bank_transaction.reconciled_on,BankCash.BankTransactions.reconciledOn
column,treasury.bank_transaction.statement_line_id,BankCash.BankTransactions.statementLineId
column,treasury.bank_transaction.bank_rule_id,BankCash.BankTransactions.bankRuleId
column,treasury.bank_transaction.reconciliation_id,BankCash.BankTransactions.reconciliationId
column,treasury.bank_transaction.created_at,BankCash.BankTransactions.createdAt
column,treasury.bank_transaction.created_by,BankCash.BankTransactions.createdBy
column,treasury.bank_transaction.updated_at,BankCash.BankTransactions.updatedAt
column,treasury.bank_transaction.updated_by,BankCash.BankTransactions.updatedBy
column,treasury.bank_transaction.row_version,BankCash.BankTransactions.rowVersion
table,treasury.cash_account,BankCash.CashAccounts
column,treasury.cash_account.tenant_id,BankCash.CashAccounts.tenantId
column,treasury.cash_account.short_name,BankCash.CashAccounts.shortName
column,treasury.cash_account.branch_id,BankCash.CashAccounts.branchId
column,treasury.cash_account.custodian_user_id,BankCash.CashAccounts.custodianUserId
column,treasury.cash_account.account_id,BankCash.CashAccounts.accountId
column,treasury.cash_account.opening_balance,BankCash.CashAccounts.openingBalance
column,treasury.cash_account.opening_balance_date,BankCash.CashAccounts.openingBalanceDate
column,treasury.cash_account.imprest_amount,BankCash.CashAccounts.imprestAmount
column,treasury.cash_account.variance_tolerance,BankCash.CashAccounts.varianceTolerance
column,treasury.cash_account.is_active,BankCash.CashAccounts.isActive
column,treasury.cash_account.approval_threshold,BankCash.CashAccounts.approvalThreshold
column,treasury.cash_account.created_at,BankCash.CashAccounts.createdAt
column,treasury.cash_account.created_by,BankCash.CashAccounts.createdBy
column,treasury.cash_account.updated_at,BankCash.CashAccounts.updatedAt
column,treasury.cash_account.updated_by,BankCash.CashAccounts.updatedBy
column,treasury.cash_account.row_version,BankCash.CashAccounts.rowVersion
column,treasury.cash_account.deleted_at,BankCash.CashAccounts.deletedAt
table,treasury.cash_category,BankCash.CashCategories
column,treasury.cash_category.tenant_id,BankCash.CashCategories.tenantId
column,treasury.cash_category.voucher_type,BankCash.CashCategories.voucherType
column,treasury.cash_category.default_account_id,BankCash.CashCategories.defaultAccountId
column,treasury.cash_category.party_kind,BankCash.CashCategories.partyKind
column,treasury.cash_category.color_token,BankCash.CashCategories.colorToken
column,treasury.cash_category.sort_order,BankCash.CashCategories.sortOrder
column,treasury.cash_category.is_system,BankCash.CashCategories.isSystem
column,treasury.cash_category.is_active,BankCash.CashCategories.isActive
column,treasury.cash_category.created_at,BankCash.CashCategories.createdAt
column,treasury.cash_category.created_by,BankCash.CashCategories.createdBy
column,treasury.cash_category.updated_at,BankCash.CashCategories.updatedAt
column,treasury.cash_category.updated_by,BankCash.CashCategories.updatedBy
column,treasury.cash_category.row_version,BankCash.CashCategories.rowVersion
column,treasury.cash_category.deleted_at,BankCash.CashCategories.deletedAt
table,treasury.cash_day_close,BankCash.CashDayCloses
column,treasury.cash_day_close.tenant_id,BankCash.CashDayCloses.tenantId
column,treasury.cash_day_close.cash_account_id,BankCash.CashDayCloses.cashAccountId
column,treasury.cash_day_close.close_date,BankCash.CashDayCloses.closeDate
column,treasury.cash_day_close.book_balance,BankCash.CashDayCloses.bookBalance
column,treasury.cash_day_close.counted_amount,BankCash.CashDayCloses.countedAmount
column,treasury.cash_day_close.variance_amount,BankCash.CashDayCloses.varianceAmount
column,treasury.cash_day_close.locked_by_user_id,BankCash.CashDayCloses.lockedByUserId
column,treasury.cash_day_close.locked_at,BankCash.CashDayCloses.lockedAt
column,treasury.cash_day_close.variance_journal_entry_id,BankCash.CashDayCloses.varianceJournalEntryId
column,treasury.cash_day_close.created_at,BankCash.CashDayCloses.createdAt
column,treasury.cash_day_close.created_by,BankCash.CashDayCloses.createdBy
column,treasury.cash_day_close.updated_at,BankCash.CashDayCloses.updatedAt
column,treasury.cash_day_close.updated_by,BankCash.CashDayCloses.updatedBy
column,treasury.cash_day_close.row_version,BankCash.CashDayCloses.rowVersion
table,treasury.cash_denomination_count,BankCash.CashDayCloseDenominations
column,treasury.cash_denomination_count.tenant_id,BankCash.CashDayCloseDenominations.tenantId
column,treasury.cash_denomination_count.day_close_id,BankCash.CashDayCloseDenominations.dayCloseId
column,treasury.cash_denomination_count.note_value,BankCash.CashDayCloseDenominations.noteValue
column,treasury.cash_denomination_count.created_at,BankCash.CashDayCloseDenominations.createdAt
column,treasury.cash_denomination_count.created_by,BankCash.CashDayCloseDenominations.createdBy
column,treasury.cash_denomination_count.updated_at,BankCash.CashDayCloseDenominations.updatedAt
column,treasury.cash_denomination_count.updated_by,BankCash.CashDayCloseDenominations.updatedBy
column,treasury.cash_denomination_count.row_version,BankCash.CashDayCloseDenominations.rowVersion
table,treasury.cashbook_entry,BankCash.CashBookEntries
column,treasury.cashbook_entry.tenant_id,BankCash.CashBookEntries.tenantId
column,treasury.cashbook_entry.journal_entry_id,BankCash.CashBookEntries.journalEntryId
column,treasury.cashbook_entry.branch_id,BankCash.CashBookEntries.branchId
column,treasury.cashbook_entry.entry_kind,BankCash.CashBookEntries.entryKind
column,treasury.cashbook_entry.entry_date,BankCash.CashBookEntries.entryDate
column,treasury.cashbook_entry.entry_time,BankCash.CashBookEntries.entryTime
column,treasury.cashbook_entry.cash_account_id,BankCash.CashBookEntries.cashAccountId
column,treasury.cashbook_entry.bank_account_id,BankCash.CashBookEntries.bankAccountId
column,treasury.cashbook_entry.to_cash_account_id,BankCash.CashBookEntries.toCashAccountId
column,treasury.cashbook_entry.to_bank_account_id,BankCash.CashBookEntries.toBankAccountId
column,treasury.cashbook_entry.category_id,BankCash.CashBookEntries.categoryId
column,treasury.cashbook_entry.payment_mode,BankCash.CashBookEntries.paymentMode
column,treasury.cashbook_entry.party_name,BankCash.CashBookEntries.partyName
column,treasury.cashbook_entry.customer_id,BankCash.CashBookEntries.customerId
column,treasury.cashbook_entry.vendor_id,BankCash.CashBookEntries.vendorId
column,treasury.cashbook_entry.reference_no,BankCash.CashBookEntries.referenceNo
column,treasury.cashbook_entry.cheque_id,BankCash.CashBookEntries.chequeId
column,treasury.cashbook_entry.employee_id,BankCash.CashBookEntries.employeeId
column,treasury.cashbook_entry.created_at,BankCash.CashBookEntries.createdAt
column,treasury.cashbook_entry.created_by,BankCash.CashBookEntries.createdBy
column,treasury.cashbook_entry.updated_at,BankCash.CashBookEntries.updatedAt
column,treasury.cashbook_entry.updated_by,BankCash.CashBookEntries.updatedBy
column,treasury.cashbook_entry.row_version,BankCash.CashBookEntries.rowVersion
table,treasury.cheque,BankCash.Cheques
column,treasury.cheque.tenant_id,BankCash.Cheques.tenantId
column,treasury.cheque.doc_no,BankCash.Cheques.docNo
column,treasury.cheque.legacy_no,BankCash.Cheques.legacyNo
column,treasury.cheque.doc_date,BankCash.Cheques.docDate
column,treasury.cheque.branch_id,BankCash.Cheques.branchId
column,treasury.cheque.cheque_no,BankCash.Cheques.chequeNo
column,treasury.cheque.customer_id,BankCash.Cheques.customerId
column,treasury.cheque.vendor_id,BankCash.Cheques.vendorId
column,treasury.cheque.account_id,BankCash.Cheques.accountId
column,treasury.cheque.party_name,BankCash.Cheques.partyName
column,treasury.cheque.drawn_on_bank_id,BankCash.Cheques.drawnOnBankId
column,treasury.cheque.bank_account_id,BankCash.Cheques.bankAccountId
column,treasury.cheque.cheque_date,BankCash.Cheques.chequeDate
column,treasury.cheque.due_date,BankCash.Cheques.dueDate
column,treasury.cheque.received_on,BankCash.Cheques.receivedOn
column,treasury.cheque.currency_code,BankCash.Cheques.currencyCode
column,treasury.cheque.is_pdc,BankCash.Cheques.isPdc
column,treasury.cheque.posting_mode,BankCash.Cheques.postingMode
column,treasury.cheque.deposited_on,BankCash.Cheques.depositedOn
column,treasury.cheque.presented_on,BankCash.Cheques.presentedOn
column,treasury.cheque.cleared_on,BankCash.Cheques.clearedOn
column,treasury.cheque.bounced_on,BankCash.Cheques.bouncedOn
column,treasury.cheque.bounce_count,BankCash.Cheques.bounceCount
column,treasury.cheque.stopped_on,BankCash.Cheques.stoppedOn
column,treasury.cheque.replaced_by_cheque_id,BankCash.Cheques.replacedByChequeId
column,treasury.cheque.journal_entry_id,BankCash.Cheques.journalEntryId
column,treasury.cheque.clearing_journal_entry_id,BankCash.Cheques.clearingJournalEntryId
column,treasury.cheque.cheque_book_id,BankCash.Cheques.chequeBookId
column,treasury.cheque.crossed_ac_payee,BankCash.Cheques.crossedAcPayee
column,treasury.cheque.created_at,BankCash.Cheques.createdAt
column,treasury.cheque.created_by,BankCash.Cheques.createdBy
column,treasury.cheque.updated_at,BankCash.Cheques.updatedAt
column,treasury.cheque.updated_by,BankCash.Cheques.updatedBy
column,treasury.cheque.row_version,BankCash.Cheques.rowVersion
table,treasury.cheque_allocation,BankCash.ChequeAllocations
column,treasury.cheque_allocation.tenant_id,BankCash.ChequeAllocations.tenantId
column,treasury.cheque_allocation.cheque_id,BankCash.ChequeAllocations.chequeId
column,treasury.cheque_allocation.invoice_id,BankCash.ChequeAllocations.invoiceId
column,treasury.cheque_allocation.bill_id,BankCash.ChequeAllocations.billId
column,treasury.cheque_allocation.created_at,BankCash.ChequeAllocations.createdAt
column,treasury.cheque_allocation.created_by,BankCash.ChequeAllocations.createdBy
column,treasury.cheque_allocation.updated_at,BankCash.ChequeAllocations.updatedAt
column,treasury.cheque_allocation.updated_by,BankCash.ChequeAllocations.updatedBy
column,treasury.cheque_allocation.row_version,BankCash.ChequeAllocations.rowVersion
table,treasury.cheque_batch,BankCash.ChequeBatches
column,treasury.cheque_batch.tenant_id,BankCash.ChequeBatches.tenantId
column,treasury.cheque_batch.doc_no,BankCash.ChequeBatches.docNo
column,treasury.cheque_batch.doc_date,BankCash.ChequeBatches.docDate
column,treasury.cheque_batch.branch_id,BankCash.ChequeBatches.branchId
column,treasury.cheque_batch.bank_account_id,BankCash.ChequeBatches.bankAccountId
column,treasury.cheque_batch.posting_mode,BankCash.ChequeBatches.postingMode
column,treasury.cheque_batch.old_no_rule,BankCash.ChequeBatches.oldNoRule
column,treasury.cheque_batch.remarks_prefix,BankCash.ChequeBatches.remarksPrefix
column,treasury.cheque_batch.sheet_attachment_id,BankCash.ChequeBatches.sheetAttachmentId
column,treasury.cheque_batch.row_count,BankCash.ChequeBatches.rowCount
column,treasury.cheque_batch.total_amount,BankCash.ChequeBatches.totalAmount
column,treasury.cheque_batch.generated_at,BankCash.ChequeBatches.generatedAt
column,treasury.cheque_batch.prepared_by_user_id,BankCash.ChequeBatches.preparedByUserId
column,treasury.cheque_batch.created_at,BankCash.ChequeBatches.createdAt
column,treasury.cheque_batch.created_by,BankCash.ChequeBatches.createdBy
column,treasury.cheque_batch.updated_at,BankCash.ChequeBatches.updatedAt
column,treasury.cheque_batch.updated_by,BankCash.ChequeBatches.updatedBy
column,treasury.cheque_batch.row_version,BankCash.ChequeBatches.rowVersion
table,treasury.cheque_batch_line,BankCash.ChequeBatchLines
column,treasury.cheque_batch_line.tenant_id,BankCash.ChequeBatchLines.tenantId
column,treasury.cheque_batch_line.batch_id,BankCash.ChequeBatchLines.batchId
column,treasury.cheque_batch_line.line_no,BankCash.ChequeBatchLines.lineNo
column,treasury.cheque_batch_line.party_code,BankCash.ChequeBatchLines.partyCode
column,treasury.cheque_batch_line.party_name,BankCash.ChequeBatchLines.partyName
column,treasury.cheque_batch_line.customer_id,BankCash.ChequeBatchLines.customerId
column,treasury.cheque_batch_line.vendor_id,BankCash.ChequeBatchLines.vendorId
column,treasury.cheque_batch_line.cheque_no,BankCash.ChequeBatchLines.chequeNo
column,treasury.cheque_batch_line.cheque_date,BankCash.ChequeBatchLines.chequeDate
column,treasury.cheque_batch_line.due_date,BankCash.ChequeBatchLines.dueDate
column,treasury.cheque_batch_line.legacy_no,BankCash.ChequeBatchLines.legacyNo
column,treasury.cheque_batch_line.validation_status,BankCash.ChequeBatchLines.validationStatus
column,treasury.cheque_batch_line.validation_errors,BankCash.ChequeBatchLines.validationErrors
column,treasury.cheque_batch_line.cheque_id,BankCash.ChequeBatchLines.chequeId
column,treasury.cheque_batch_line.created_at,BankCash.ChequeBatchLines.createdAt
column,treasury.cheque_batch_line.created_by,BankCash.ChequeBatchLines.createdBy
column,treasury.cheque_batch_line.updated_at,BankCash.ChequeBatchLines.updatedAt
column,treasury.cheque_batch_line.updated_by,BankCash.ChequeBatchLines.updatedBy
column,treasury.cheque_batch_line.row_version,BankCash.ChequeBatchLines.rowVersion
table,treasury.cheque_book,BankCash.ChequeBooks
column,treasury.cheque_book.tenant_id,BankCash.ChequeBooks.tenantId
column,treasury.cheque_book.bank_account_id,BankCash.ChequeBooks.bankAccountId
column,treasury.cheque_book.book_ref,BankCash.ChequeBooks.bookRef
column,treasury.cheque_book.first_leaf_no,BankCash.ChequeBooks.firstLeafNo
column,treasury.cheque_book.last_leaf_no,BankCash.ChequeBooks.lastLeafNo
column,treasury.cheque_book.next_leaf_no,BankCash.ChequeBooks.nextLeafNo
column,treasury.cheque_book.leaf_digits,BankCash.ChequeBooks.leafDigits
column,treasury.cheque_book.crossed_ac_payee,BankCash.ChequeBooks.crossedAcPayee
column,treasury.cheque_book.received_on,BankCash.ChequeBooks.receivedOn
column,treasury.cheque_book.created_at,BankCash.ChequeBooks.createdAt
column,treasury.cheque_book.created_by,BankCash.ChequeBooks.createdBy
column,treasury.cheque_book.updated_at,BankCash.ChequeBooks.updatedAt
column,treasury.cheque_book.updated_by,BankCash.ChequeBooks.updatedBy
column,treasury.cheque_book.row_version,BankCash.ChequeBooks.rowVersion
table,treasury.cheque_bounce,BankCash.ChequeBounces
column,treasury.cheque_bounce.tenant_id,BankCash.ChequeBounces.tenantId
column,treasury.cheque_bounce.cheque_id,BankCash.ChequeBounces.chequeId
column,treasury.cheque_bounce.bounce_date,BankCash.ChequeBounces.bounceDate
column,treasury.cheque_bounce.bank_charges,BankCash.ChequeBounces.bankCharges
column,treasury.cheque_bounce.recover_charges,BankCash.ChequeBounces.recoverCharges
column,treasury.cheque_bounce.notify_owner,BankCash.ChequeBounces.notifyOwner
column,treasury.cheque_bounce.owner_user_id,BankCash.ChequeBounces.ownerUserId
column,treasury.cheque_bounce.credit_hold,BankCash.ChequeBounces.creditHold
column,treasury.cheque_bounce.reversal_journal_entry_id,BankCash.ChequeBounces.reversalJournalEntryId
column,treasury.cheque_bounce.charges_journal_entry_id,BankCash.ChequeBounces.chargesJournalEntryId
column,treasury.cheque_bounce.resolved_on,BankCash.ChequeBounces.resolvedOn
column,treasury.cheque_bounce.replacement_cheque_id,BankCash.ChequeBounces.replacementChequeId
column,treasury.cheque_bounce.credit_hold_event_id,BankCash.ChequeBounces.creditHoldEventId
column,treasury.cheque_bounce.created_at,BankCash.ChequeBounces.createdAt
column,treasury.cheque_bounce.created_by,BankCash.ChequeBounces.createdBy
column,treasury.cheque_bounce.updated_at,BankCash.ChequeBounces.updatedAt
column,treasury.cheque_bounce.updated_by,BankCash.ChequeBounces.updatedBy
column,treasury.cheque_bounce.row_version,BankCash.ChequeBounces.rowVersion
table,treasury.expense_category,BankCash.ExpenseCategories
column,treasury.expense_category.tenant_id,BankCash.ExpenseCategories.tenantId
column,treasury.expense_category.applies_to,BankCash.ExpenseCategories.appliesTo
column,treasury.expense_category.account_id,BankCash.ExpenseCategories.accountId
column,treasury.expense_category.limit_amount,BankCash.ExpenseCategories.limitAmount
column,treasury.expense_category.limit_period,BankCash.ExpenseCategories.limitPeriod
column,treasury.expense_category.requires_pre_approval,BankCash.ExpenseCategories.requiresPreApproval
column,treasury.expense_category.receipt_required,BankCash.ExpenseCategories.receiptRequired
column,treasury.expense_category.submit_within_days,BankCash.ExpenseCategories.submitWithinDays
column,treasury.expense_category.sort_order,BankCash.ExpenseCategories.sortOrder
column,treasury.expense_category.is_active,BankCash.ExpenseCategories.isActive
column,treasury.expense_category.created_at,BankCash.ExpenseCategories.createdAt
column,treasury.expense_category.created_by,BankCash.ExpenseCategories.createdBy
column,treasury.expense_category.updated_at,BankCash.ExpenseCategories.updatedAt
column,treasury.expense_category.updated_by,BankCash.ExpenseCategories.updatedBy
column,treasury.expense_category.row_version,BankCash.ExpenseCategories.rowVersion
column,treasury.expense_category.deleted_at,BankCash.ExpenseCategories.deletedAt
table,treasury.expense_claim,BankCash.ExpenseClaims
column,treasury.expense_claim.tenant_id,BankCash.ExpenseClaims.tenantId
column,treasury.expense_claim.doc_no,BankCash.ExpenseClaims.docNo
column,treasury.expense_claim.doc_date,BankCash.ExpenseClaims.docDate
column,treasury.expense_claim.submitted_at,BankCash.ExpenseClaims.submittedAt
column,treasury.expense_claim.employee_id,BankCash.ExpenseClaims.employeeId
column,treasury.expense_claim.branch_id,BankCash.ExpenseClaims.branchId
column,treasury.expense_claim.trip_from,BankCash.ExpenseClaims.tripFrom
column,treasury.expense_claim.trip_to,BankCash.ExpenseClaims.tripTo
column,treasury.expense_claim.category_id,BankCash.ExpenseClaims.categoryId
column,treasury.expense_claim.cost_centre_id,BankCash.ExpenseClaims.costCentreId
column,treasury.expense_claim.project_id,BankCash.ExpenseClaims.projectId
column,treasury.expense_claim.customer_id,BankCash.ExpenseClaims.customerId
column,treasury.expense_claim.charge_account_id,BankCash.ExpenseClaims.chargeAccountId
column,treasury.expense_claim.travel_request_ref,BankCash.ExpenseClaims.travelRequestRef
column,treasury.expense_claim.total_amount,BankCash.ExpenseClaims.totalAmount
column,treasury.expense_claim.approved_amount,BankCash.ExpenseClaims.approvedAmount
column,treasury.expense_claim.receipt_count,BankCash.ExpenseClaims.receiptCount
column,treasury.expense_claim.ocr_confidence,BankCash.ExpenseClaims.ocrConfidence
column,treasury.expense_claim.policy_limit_amount,BankCash.ExpenseClaims.policyLimitAmount
column,treasury.expense_claim.policy_limit_period,BankCash.ExpenseClaims.policyLimitPeriod
column,treasury.expense_claim.is_over_policy,BankCash.ExpenseClaims.isOverPolicy
column,treasury.expense_claim.policy_justification,BankCash.ExpenseClaims.policyJustification
column,treasury.expense_claim.workflow_stage,BankCash.ExpenseClaims.workflowStage
column,treasury.expense_claim.approval_request_id,BankCash.ExpenseClaims.approvalRequestId
column,treasury.expense_claim.manager_user_id,BankCash.ExpenseClaims.managerUserId
column,treasury.expense_claim.manager_approved_at,BankCash.ExpenseClaims.managerApprovedAt
column,treasury.expense_claim.approved_by_user_id,BankCash.ExpenseClaims.approvedByUserId
column,treasury.expense_claim.approved_at,BankCash.ExpenseClaims.approvedAt
column,treasury.expense_claim.approved_with_exception,BankCash.ExpenseClaims.approvedWithException
column,treasury.expense_claim.rejection_reason,BankCash.ExpenseClaims.rejectionReason
column,treasury.expense_claim.rejection_comment,BankCash.ExpenseClaims.rejectionComment
column,treasury.expense_claim.allow_resubmit,BankCash.ExpenseClaims.allowResubmit
column,treasury.expense_claim.resubmitted_from_claim_id,BankCash.ExpenseClaims.resubmittedFromClaimId
column,treasury.expense_claim.payment_method,BankCash.ExpenseClaims.paymentMethod
column,treasury.expense_claim.payment_bank_account_id,BankCash.ExpenseClaims.paymentBankAccountId
column,treasury.expense_claim.payroll_run_id,BankCash.ExpenseClaims.payrollRunId
column,treasury.expense_claim.paid_at,BankCash.ExpenseClaims.paidAt
column,treasury.expense_claim.approval_journal_entry_id,BankCash.ExpenseClaims.approvalJournalEntryId
column,treasury.expense_claim.payment_journal_entry_id,BankCash.ExpenseClaims.paymentJournalEntryId
column,treasury.expense_claim.created_at,BankCash.ExpenseClaims.createdAt
column,treasury.expense_claim.created_by,BankCash.ExpenseClaims.createdBy
column,treasury.expense_claim.updated_at,BankCash.ExpenseClaims.updatedAt
column,treasury.expense_claim.updated_by,BankCash.ExpenseClaims.updatedBy
column,treasury.expense_claim.row_version,BankCash.ExpenseClaims.rowVersion
table,treasury.expense_claim_action,BankCash.ExpenseClaimActions
column,treasury.expense_claim_action.tenant_id,BankCash.ExpenseClaimActions.tenantId
column,treasury.expense_claim_action.claim_id,BankCash.ExpenseClaimActions.claimId
column,treasury.expense_claim_action.actor_user_id,BankCash.ExpenseClaimActions.actorUserId
column,treasury.expense_claim_action.acted_at,BankCash.ExpenseClaimActions.actedAt
column,treasury.expense_claim_action.created_at,BankCash.ExpenseClaimActions.createdAt
column,treasury.expense_claim_action.created_by,BankCash.ExpenseClaimActions.createdBy
column,treasury.expense_claim_action.updated_at,BankCash.ExpenseClaimActions.updatedAt
column,treasury.expense_claim_action.updated_by,BankCash.ExpenseClaimActions.updatedBy
column,treasury.expense_claim_action.row_version,BankCash.ExpenseClaimActions.rowVersion
table,treasury.expense_claim_line,BankCash.ExpenseClaimLines
column,treasury.expense_claim_line.tenant_id,BankCash.ExpenseClaimLines.tenantId
column,treasury.expense_claim_line.claim_id,BankCash.ExpenseClaimLines.claimId
column,treasury.expense_claim_line.line_no,BankCash.ExpenseClaimLines.lineNo
column,treasury.expense_claim_line.expense_date,BankCash.ExpenseClaimLines.expenseDate
column,treasury.expense_claim_line.category_id,BankCash.ExpenseClaimLines.categoryId
column,treasury.expense_claim_line.unit_amount,BankCash.ExpenseClaimLines.unitAmount
column,treasury.expense_claim_line.account_id,BankCash.ExpenseClaimLines.accountId
column,treasury.expense_claim_line.cost_centre_id,BankCash.ExpenseClaimLines.costCentreId
column,treasury.expense_claim_line.receipt_attachment_id,BankCash.ExpenseClaimLines.receiptAttachmentId
column,treasury.expense_claim_line.is_over_policy,BankCash.ExpenseClaimLines.isOverPolicy
column,treasury.expense_claim_line.created_at,BankCash.ExpenseClaimLines.createdAt
column,treasury.expense_claim_line.created_by,BankCash.ExpenseClaimLines.createdBy
column,treasury.expense_claim_line.updated_at,BankCash.ExpenseClaimLines.updatedAt
column,treasury.expense_claim_line.updated_by,BankCash.ExpenseClaimLines.updatedBy
column,treasury.expense_claim_line.row_version,BankCash.ExpenseClaimLines.rowVersion
table,treasury.petty_cash_fund,BankCash.PettyCashFunds
column,treasury.petty_cash_fund.tenant_id,BankCash.PettyCashFunds.tenantId
column,treasury.petty_cash_fund.branch_id,BankCash.PettyCashFunds.branchId
column,treasury.petty_cash_fund.cash_account_id,BankCash.PettyCashFunds.cashAccountId
column,treasury.petty_cash_fund.custodian_employee_id,BankCash.PettyCashFunds.custodianEmployeeId
column,treasury.petty_cash_fund.custodian_user_id,BankCash.PettyCashFunds.custodianUserId
column,treasury.petty_cash_fund.imprest_amount,BankCash.PettyCashFunds.imprestAmount
column,treasury.petty_cash_fund.low_pct,BankCash.PettyCashFunds.lowPct
column,treasury.petty_cash_fund.critical_pct,BankCash.PettyCashFunds.criticalPct
column,treasury.petty_cash_fund.cycle_started_on,BankCash.PettyCashFunds.cycleStartedOn
column,treasury.petty_cash_fund.created_at,BankCash.PettyCashFunds.createdAt
column,treasury.petty_cash_fund.created_by,BankCash.PettyCashFunds.createdBy
column,treasury.petty_cash_fund.updated_at,BankCash.PettyCashFunds.updatedAt
column,treasury.petty_cash_fund.updated_by,BankCash.PettyCashFunds.updatedBy
column,treasury.petty_cash_fund.row_version,BankCash.PettyCashFunds.rowVersion
column,treasury.petty_cash_fund.deleted_at,BankCash.PettyCashFunds.deletedAt
table,treasury.petty_cash_voucher,BankCash.PettyCashVouchers
column,treasury.petty_cash_voucher.tenant_id,BankCash.PettyCashVouchers.tenantId
column,treasury.petty_cash_voucher.doc_no,BankCash.PettyCashVouchers.docNo
column,treasury.petty_cash_voucher.doc_date,BankCash.PettyCashVouchers.docDate
column,treasury.petty_cash_voucher.fund_id,BankCash.PettyCashVouchers.fundId
column,treasury.petty_cash_voucher.category_id,BankCash.PettyCashVouchers.categoryId
column,treasury.petty_cash_voucher.paid_to,BankCash.PettyCashVouchers.paidTo
column,treasury.petty_cash_voucher.account_id,BankCash.PettyCashVouchers.accountId
column,treasury.petty_cash_voucher.cost_centre_id,BankCash.PettyCashVouchers.costCentreId
column,treasury.petty_cash_voucher.receipt_status,BankCash.PettyCashVouchers.receiptStatus
column,treasury.petty_cash_voucher.receipt_count,BankCash.PettyCashVouchers.receiptCount
column,treasury.petty_cash_voucher.replenishment_id,BankCash.PettyCashVouchers.replenishmentId
column,treasury.petty_cash_voucher.recorded_by_user_id,BankCash.PettyCashVouchers.recordedByUserId
column,treasury.petty_cash_voucher.created_at,BankCash.PettyCashVouchers.createdAt
column,treasury.petty_cash_voucher.created_by,BankCash.PettyCashVouchers.createdBy
column,treasury.petty_cash_voucher.updated_at,BankCash.PettyCashVouchers.updatedAt
column,treasury.petty_cash_voucher.updated_by,BankCash.PettyCashVouchers.updatedBy
column,treasury.petty_cash_voucher.row_version,BankCash.PettyCashVouchers.rowVersion
table,treasury.petty_replenishment,BankCash.PettyCashReplenishments
column,treasury.petty_replenishment.tenant_id,BankCash.PettyCashReplenishments.tenantId
column,treasury.petty_replenishment.fund_id,BankCash.PettyCashReplenishments.fundId
column,treasury.petty_replenishment.doc_date,BankCash.PettyCashReplenishments.docDate
column,treasury.petty_replenishment.pay_from_cash_account_id,BankCash.PettyCashReplenishments.payFromCashAccountId
column,treasury.petty_replenishment.pay_from_bank_account_id,BankCash.PettyCashReplenishments.payFromBankAccountId
column,treasury.petty_replenishment.voucher_count,BankCash.PettyCashReplenishments.voucherCount
column,treasury.petty_replenishment.vouchers_total,BankCash.PettyCashReplenishments.vouchersTotal
column,treasury.petty_replenishment.post_together,BankCash.PettyCashReplenishments.postTogether
column,treasury.petty_replenishment.journal_entry_id,BankCash.PettyCashReplenishments.journalEntryId
column,treasury.petty_replenishment.created_at,BankCash.PettyCashReplenishments.createdAt
column,treasury.petty_replenishment.created_by,BankCash.PettyCashReplenishments.createdBy
column,treasury.petty_replenishment.updated_at,BankCash.PettyCashReplenishments.updatedAt
column,treasury.petty_replenishment.updated_by,BankCash.PettyCashReplenishments.updatedBy
column,treasury.petty_replenishment.row_version,BankCash.PettyCashReplenishments.rowVersion
table,treasury.reconciliation,BankCash.BankReconciliations
column,treasury.reconciliation.tenant_id,BankCash.BankReconciliations.tenantId
column,treasury.reconciliation.doc_no,BankCash.BankReconciliations.docNo
column,treasury.reconciliation.bank_account_id,BankCash.BankReconciliations.bankAccountId
column,treasury.reconciliation.period_from,BankCash.BankReconciliations.periodFrom
column,treasury.reconciliation.period_to,BankCash.BankReconciliations.periodTo
column,treasury.reconciliation.statement_import_id,BankCash.BankReconciliations.statementImportId
column,treasury.reconciliation.statement_balance,BankCash.BankReconciliations.statementBalance
column,treasury.reconciliation.unpresented_cheques,BankCash.BankReconciliations.unpresentedCheques
column,treasury.reconciliation.deposits_in_transit,BankCash.BankReconciliations.depositsInTransit
column,treasury.reconciliation.adjusted_bank_balance,BankCash.BankReconciliations.adjustedBankBalance
column,treasury.reconciliation.book_balance,BankCash.BankReconciliations.bookBalance
column,treasury.reconciliation.unbooked_credits,BankCash.BankReconciliations.unbookedCredits
column,treasury.reconciliation.unbooked_debits,BankCash.BankReconciliations.unbookedDebits
column,treasury.reconciliation.adjusted_book_balance,BankCash.BankReconciliations.adjustedBookBalance
column,treasury.reconciliation.closed_by_user_id,BankCash.BankReconciliations.closedByUserId
column,treasury.reconciliation.closed_at,BankCash.BankReconciliations.closedAt
column,treasury.reconciliation.created_at,BankCash.BankReconciliations.createdAt
column,treasury.reconciliation.created_by,BankCash.BankReconciliations.createdBy
column,treasury.reconciliation.updated_at,BankCash.BankReconciliations.updatedAt
column,treasury.reconciliation.updated_by,BankCash.BankReconciliations.updatedBy
column,treasury.reconciliation.row_version,BankCash.BankReconciliations.rowVersion
table,treasury.reconciliation_match,BankCash.BankReconciliationMatches
column,treasury.reconciliation_match.tenant_id,BankCash.BankReconciliationMatches.tenantId
column,treasury.reconciliation_match.reconciliation_id,BankCash.BankReconciliationMatches.reconciliationId
column,treasury.reconciliation_match.statement_line_id,BankCash.BankReconciliationMatches.statementLineId
column,treasury.reconciliation_match.bank_transaction_id,BankCash.BankReconciliationMatches.bankTransactionId
column,treasury.reconciliation_match.journal_entry_id,BankCash.BankReconciliationMatches.journalEntryId
column,treasury.reconciliation_match.statement_amount,BankCash.BankReconciliationMatches.statementAmount
column,treasury.reconciliation_match.book_amount,BankCash.BankReconciliationMatches.bookAmount
column,treasury.reconciliation_match.match_method,BankCash.BankReconciliationMatches.matchMethod
column,treasury.reconciliation_match.matched_by_user_id,BankCash.BankReconciliationMatches.matchedByUserId
column,treasury.reconciliation_match.matched_at,BankCash.BankReconciliationMatches.matchedAt
column,treasury.reconciliation_match.adjustment_journal_entry_id,BankCash.BankReconciliationMatches.adjustmentJournalEntryId
column,treasury.reconciliation_match.created_at,BankCash.BankReconciliationMatches.createdAt
column,treasury.reconciliation_match.created_by,BankCash.BankReconciliationMatches.createdBy
column,treasury.reconciliation_match.updated_at,BankCash.BankReconciliationMatches.updatedAt
column,treasury.reconciliation_match.updated_by,BankCash.BankReconciliationMatches.updatedBy
column,treasury.reconciliation_match.row_version,BankCash.BankReconciliationMatches.rowVersion
table,treasury.statement_import,BankCash.BankStatementImports
column,treasury.statement_import.tenant_id,BankCash.BankStatementImports.tenantId
column,treasury.statement_import.bank_account_id,BankCash.BankStatementImports.bankAccountId
column,treasury.statement_import.file_name,BankCash.BankStatementImports.fileName
column,treasury.statement_import.attachment_id,BankCash.BankStatementImports.attachmentId
column,treasury.statement_import.period_from,BankCash.BankStatementImports.periodFrom
column,treasury.statement_import.period_to,BankCash.BankStatementImports.periodTo
column,treasury.statement_import.opening_balance,BankCash.BankStatementImports.openingBalance
column,treasury.statement_import.closing_balance,BankCash.BankStatementImports.closingBalance
column,treasury.statement_import.line_count,BankCash.BankStatementImports.lineCount
column,treasury.statement_import.duplicate_count,BankCash.BankStatementImports.duplicateCount
column,treasury.statement_import.matched_count,BankCash.BankStatementImports.matchedCount
column,treasury.statement_import.error_message,BankCash.BankStatementImports.errorMessage
column,treasury.statement_import.imported_at,BankCash.BankStatementImports.importedAt
column,treasury.statement_import.imported_by_user_id,BankCash.BankStatementImports.importedByUserId
column,treasury.statement_import.created_at,BankCash.BankStatementImports.createdAt
column,treasury.statement_import.created_by,BankCash.BankStatementImports.createdBy
column,treasury.statement_import.updated_at,BankCash.BankStatementImports.updatedAt
column,treasury.statement_import.updated_by,BankCash.BankStatementImports.updatedBy
column,treasury.statement_import.row_version,BankCash.BankStatementImports.rowVersion
table,treasury.statement_line,BankCash.BankStatementLines
column,treasury.statement_line.tenant_id,BankCash.BankStatementLines.tenantId
column,treasury.statement_line.statement_import_id,BankCash.BankStatementLines.statementImportId
column,treasury.statement_line.bank_account_id,BankCash.BankStatementLines.bankAccountId
column,treasury.statement_line.line_no,BankCash.BankStatementLines.lineNo
column,treasury.statement_line.txn_date,BankCash.BankStatementLines.txnDate
column,treasury.statement_line.value_date,BankCash.BankStatementLines.valueDate
column,treasury.statement_line.running_balance,BankCash.BankStatementLines.runningBalance
column,treasury.statement_line.dedupe_hash,BankCash.BankStatementLines.dedupeHash
column,treasury.statement_line.category_account_id,BankCash.BankStatementLines.categoryAccountId
column,treasury.statement_line.cost_centre_id,BankCash.BankStatementLines.costCentreId
column,treasury.statement_line.bank_rule_id,BankCash.BankStatementLines.bankRuleId
column,treasury.statement_line.matched_invoice_id,BankCash.BankStatementLines.matchedInvoiceId
column,treasury.statement_line.match_confidence,BankCash.BankStatementLines.matchConfidence
column,treasury.statement_line.match_reason,BankCash.BankStatementLines.matchReason
column,treasury.statement_line.bank_transaction_id,BankCash.BankStatementLines.bankTransactionId
column,treasury.statement_line.journal_entry_id,BankCash.BankStatementLines.journalEntryId
column,treasury.statement_line.created_at,BankCash.BankStatementLines.createdAt
column,treasury.statement_line.created_by,BankCash.BankStatementLines.createdBy
column,treasury.statement_line.updated_at,BankCash.BankStatementLines.updatedAt
column,treasury.statement_line.updated_by,BankCash.BankStatementLines.updatedBy
column,treasury.statement_line.row_version,BankCash.BankStatementLines.rowVersion
view,acc.v_account_balance,Accounting.getAccountBalances
view,acc.v_account_tree,Accounting.getAccountTree
view,acc.v_balance_sheet,Accounting.getBalanceSheet
view,acc.v_budget_vs_actual,Accounting.getBudgetVsActual
view,acc.v_cash_flow,Accounting.getCashFlow
view,acc.v_cost_centre_actual,Accounting.getCostCentreActuals
view,acc.v_day_book,Accounting.getDayBook
view,acc.v_general_ledger,Accounting.getGeneralLedger
view,acc.v_ledger_line,Accounting.getLedgerLines
view,acc.v_period_summary,Accounting.getFiscalPeriodSummary
view,acc.v_profit_loss,Accounting.getProfitAndLoss
view,acc.v_project_pnl,Accounting.getProjectProfitAndLoss
view,acc.v_trial_balance,Accounting.getTrialBalance
view,acc.v_voucher_register,Accounting.getVoucherRegister
view,core.v_approval_inbox,Company.getApprovalsInbox
view,core.v_audit_trail,Company.getAuditTrail
view,core.v_dash_budget_remaining,Company.getDashboardBudgetRemaining
view,core.v_dash_cash_bank,Company.getDashboardCashAndBank
view,core.v_dash_expense_month,Company.getDashboardMonthlyExpenses
view,core.v_dash_money_flow,Company.getDashboardMoneyFlow
view,core.v_dash_recent_transactions,Company.getDashboardRecentTransactions
view,core.v_dash_revenue_daily,Company.getDashboardDailyRevenue
view,core.v_dash_revenue_month,Company.getDashboardMonthlyRevenue
view,core.v_doc_sequence_preview,Company.getNumberingSeriesPreview
view,core.v_notification_summary,Company.getNotificationSummary
view,core.v_setup_progress,Company.getSetupGuideProgress
view,core.v_today_due,Company.getTodayDueItems
view,core.v_today_kpis,Company.getTodayKpis
view,core.v_user_effective_permission,Company.getUserEffectivePermissions
view,core.v_user_kpis,Company.getUserKpis
view,dist.v_backorder_incoming,Distribution.getBackOrderIncomingStock
view,dist.v_backorder_summary,Distribution.getBackOrderSummary
view,dist.v_booking_kpi,Distribution.getOrderBookingKpis
view,dist.v_load_sheet_picklist,Distribution.getLoadSheetPickList
view,dist.v_recovery_ageing,Distribution.getRecoveryAgeing
view,dist.v_route_monthly_sales,Distribution.getRouteMonthlySales
view,dist.v_route_outstanding,Distribution.getRouteOutstanding
view,dist.v_run_kpi,Distribution.getLoadSheetKpis
view,dist.v_salesman_performance,Distribution.getSalesmanPerformance
view,ess.v_directory,EmployeeSelfService.getEmployeeDirectory
view,ess.v_ess_my_day,EmployeeSelfService.getMyDay
view,ess.v_helpdesk_sla,EmployeeSelfService.getHelpdeskServiceLevels
view,ess.v_kudos_summary,EmployeeSelfService.getKudosSummary
view,ess.v_poll_results,EmployeeSelfService.getPollResults
view,ess.v_pulse_results,EmployeeSelfService.getPulseSurveyResults
view,ess.v_team_calendar,EmployeeSelfService.getMyTeamCalendar
view,ess.v_team_today,EmployeeSelfService.getMyTeamToday
view,fa.v_asset_register,FixedAssets.getFixedAssetRegister
view,hr.v_attendance_monthly_register,HumanResources.getAttendanceRegister
view,hr.v_attendance_summary,HumanResources.getAttendanceSummary
view,hr.v_attendance_today,HumanResources.getAttendanceToday
view,hr.v_branch_headcount,HumanResources.getBranchHeadcount
view,hr.v_department_cost,HumanResources.getMonthlyDepartmentCost
view,hr.v_department_summary,HumanResources.getDepartmentSummary
view,hr.v_designation_positions,HumanResources.getDesignationPositions
view,hr.v_headcount,HumanResources.getHeadcount
view,hr.v_hr_dashboard,HumanResources.getHrDashboard
view,hr.v_late_arrivals,HumanResources.getLateArrivals
view,hr.v_leave_balance_current,HumanResources.getCurrentLeaveBalances
view,hr.v_leave_calendar,HumanResources.getLeaveCalendar
view,hr.v_onboarding_progress,HumanResources.getOnboardingProgress
view,hr.v_org_chart,HumanResources.getOrganisationChart
view,hr.v_overtime_monthly,HumanResources.getMonthlyOvertime
view,hr.v_performance_cycle_summary,HumanResources.getPerformanceCycleSummary
view,hr.v_recruitment_funnel,HumanResources.getRecruitmentFunnel
view,hr.v_training_summary,HumanResources.getTrainingSummary
view,hr.v_turnover_monthly,HumanResources.getMonthlyTurnover
view,inv.v_abc_analysis,Inventory.getAbcAnalysis
view,inv.v_dead_slow_stock,Inventory.getDeadAndSlowStock
view,inv.v_near_expiry,Inventory.getNearExpiryStock
view,inv.v_reorder_suggestion,Inventory.getReorderSuggestions
view,inv.v_stock_card,Inventory.getStockCard
view,inv.v_stock_in_view,Inventory.getStockInView
view,inv.v_stock_on_hand,Inventory.getWholeStock
view,inv.v_stock_valuation,Inventory.getStockValuation
view,payroll.v_bank_advice,Payroll.getSalaryBankAdvice
view,payroll.v_employee_ytd,Payroll.getEmployeePayYearToDate
view,payroll.v_eobi_statement,Payroll.getEobiStatement
view,payroll.v_loan_outstanding,Payroll.getOutstandingLoans
view,payroll.v_payroll_cost_by_department,Payroll.getPayrollCostByDepartment
view,payroll.v_payroll_cost_monthly,Payroll.getMonthlyPayrollCost
view,payroll.v_payroll_next_run,Payroll.getNextPayrollRun
view,payroll.v_payroll_register,Payroll.getPayrollRegister
view,payroll.v_payslip_delivery_summary,Payroll.getPayslipDeliverySummary
view,payroll.v_pessi_statement,Payroll.getPessiStatement
view,payroll.v_pf_register,Payroll.getProvidentFundRegister
view,payroll.v_salary_tax_certificate,Payroll.getSalaryTaxCertificate
view,payroll.v_salary_tax_statement,Payroll.getSalaryTaxStatement
view,payroll.v_tax_projection,Payroll.getSalaryTaxProjection
view,platform.v_admin_dashboard,Platform.getPlatformOverview
view,platform.v_billing_kpi,Platform.getPlatformBillingByMonth
view,platform.v_churn_reasons,Platform.getChurnReasons
view,platform.v_cohort_retention,Platform.getCohortRetention
view,platform.v_cr_kpi,Platform.getFlagChangeRequestKpis
view,platform.v_dunning_kpi,Platform.getDunningKpis
view,platform.v_dunning_queue,Platform.getCollectionsQueue
view,platform.v_flag_summary,Platform.getFeatureFlagSummary
view,platform.v_lead_pipeline,Platform.getPlatformLeadPipeline
view,platform.v_mrr_by_plan,Platform.getMrrByPlan
view,platform.v_mrr_monthly,Platform.getMrrByMonth
view,platform.v_mrr_movement,Platform.getMrrMovement
view,platform.v_partner_commission,Platform.getResellerCommissions
view,platform.v_saas_kpi,Platform.getSaasKpis
view,platform.v_service_health,Platform.getSystemHealth
view,platform.v_status_component_daily,Platform.getStatusComponentHistory
view,platform.v_subscription_kpi,Platform.getSubscriptionKpis
view,platform.v_support_kpi,Platform.getSupportTicketKpis
view,platform.v_tenant_attention,Platform.getTenantsNeedingAttention
view,platform.v_tenant_overview,Platform.getAllTenants
view,platform.v_trial_funnel,Platform.getTrialFunnel
view,platform.v_usage_current,Platform.getCurrentUsage
view,purchase.v_ap_ageing,Purchases.getPayablesAgeing
view,purchase.v_purchase_register,Purchases.getPurchaseRegister
view,purchase.v_three_way_match,Purchases.getThreeWayMatch
view,purchase.v_vendor_balance,Purchases.getVendorBalances
view,purchase.v_vendor_statement,Purchases.getVendorStatement
view,purchase.v_wht_deducted,Purchases.getVendorWhtDeducted
view,sales.v_ar_ageing,Sales.getReceivablesAgeing
view,sales.v_credit_exposure,Sales.getCustomerCreditExposure
view,sales.v_customer_balance,Sales.getCustomerBalances
view,sales.v_customer_credit_position,Sales.getCustomerCreditPosition
view,sales.v_customer_statement,Sales.getCustomerStatement
view,sales.v_open_items,Sales.getReceivableOpenItems
view,sales.v_reminder_queue,Sales.getPaymentReminderQueue
view,sales.v_sales_by_customer,Sales.getSalesByCustomer
view,sales.v_sales_by_item,Sales.getSalesByItem
view,sales.v_sales_register,Sales.getSalesRegister
view,tax.v_sales_tax_annex_a,Tax.getSalesTaxAnnexA
view,tax.v_sales_tax_annex_c,Tax.getSalesTaxAnnexC
view,tax.v_sales_tax_output,Tax.getSalesTaxOutputRegister
view,tax.v_wht_by_section,Tax.getWhtBySection
view,treasury.v_bank_account_balance,BankCash.getBankAccountBalances
view,treasury.v_bank_book,BankCash.getBankBook
view,treasury.v_cash_book,BankCash.getCashBook
view,treasury.v_cash_ledger,BankCash.getCashLedger
view,treasury.v_cheque_register,BankCash.getChequeRegister
view,treasury.v_pdc_maturity,BankCash.getPdcMaturity
view,treasury.v_petty_fund_position,BankCash.getPettyCashFundPositions
function,acc.account_level,Accounting.getAccountLevel
function,acc.assert_posting_allowed,Accounting.assertPostingAllowed
function,acc.fn_account_balance,Accounting.getAccountBalancesForPeriod
function,acc.fn_balance_sheet,Accounting.getBalanceSheetAsAt
function,acc.fn_cash_flow,Accounting.getCashFlowForPeriod
function,acc.fn_general_ledger,Accounting.getGeneralLedgerForPeriod
function,acc.fn_profit_loss,Accounting.getProfitAndLossForPeriod
function,acc.fn_trial_balance,Accounting.getTrialBalanceForPeriod
function,acc.module_for_doc_type,Accounting.getModuleForDocumentType
function,acc.parent_code,Accounting.getParentAccountCode
function,acc.post_opening_balance,Accounting.openingBalancePost
function,acc.recurring_next_date,Accounting.getRecurringVoucherNextDate
function,acc.resolve_period,Accounting.getFiscalPeriodForDate
function,acc.reverse_journal,Accounting.voucherReverse
function,acc.run_recurring_template,Accounting.recurringVoucherTemplateRun
function,acc.tg_account_guard,Accounting.triggerAccountGuard
function,acc.tg_allocation_split_total,Accounting.triggerAllocationSplitTotal
function,acc.tg_budget_line_guard,Accounting.triggerBudgetLineGuard
function,acc.tg_fiscal_period_guard,Accounting.triggerFiscalPeriodGuard
function,acc.tg_journal_activity_guard,Accounting.triggerJournalActivityGuard
function,acc.tg_journal_entry_activity,Accounting.triggerJournalEntryActivity
function,acc.tg_journal_entry_guard,Accounting.triggerJournalEntryGuard
function,acc.tg_journal_line_guard,Accounting.triggerJournalLineGuard
function,acc.tg_journal_line_totals,Accounting.triggerJournalLineTotals
function,acc.tg_opening_balance_line_guard,Accounting.triggerOpeningBalanceLineGuard
function,acc.tg_opening_balance_totals,Accounting.triggerOpeningBalanceTotals
function,acc.tg_recurring_line_amount,Accounting.triggerRecurringLineAmount
function,core.approval_status,Company.getApprovalStatus
function,core.assert_approved,Company.assertDocumentApproved
function,core.audit_log_ensure_partition,Company.ensureAuditTrailPartition
function,core.audit_log_ensure_partitions,Company.ensureAuditTrailPartitions
function,core.audit_seal_block,Company.sealAuditTrailBlock
function,core.books_lock_date,Company.getBooksLockDate
function,core.ctn_loose,Company.formatCartonsLoose
function,core.current_tenant,Company.getCurrentTenantId
function,core.current_user_id,Company.getCurrentUserId
function,core.fy_label,Company.getFiscalYearLabel
function,core.next_doc_no,Company.getNextDocNo
function,core.std_triggers,Company.addStandardTriggers
function,core.tg_append_only,Company.triggerAppendOnly
function,core.tg_audit,Company.triggerAudit
function,core.tg_audit_log_hash,Company.triggerAuditLogHash
function,core.tg_audit_redacted,Company.triggerAuditRedacted
function,core.tg_stamp_insert,Company.triggerStampInsert
function,core.tg_touch,Company.triggerTouch
function,dist.tg_parent_locked,Distribution.triggerParentLocked
function,dist.tg_recovery_entry_posted,Distribution.triggerRecoveryEntryPosted
function,dist.tg_vehicle_van_warehouse,Distribution.triggerVehicleVanWarehouse
function,ess.tg_open_shift_claim_slots,EmployeeSelfService.triggerOpenShiftClaimSlots
function,fa.post_depreciation_run,FixedAssets.depreciationRunPost
function,fa.post_disposal,FixedAssets.assetDisposalPost
function,fa.tg_asset_disposal_guard,FixedAssets.triggerAssetDisposalGuard
function,fa.tg_asset_transfer_apply,FixedAssets.triggerAssetTransferApply
function,fa.tg_depreciation_run_line_guard,FixedAssets.triggerDepreciationRunLineGuard
function,hr.bump_leave_balance,HumanResources.adjustLeaveBalance
function,hr.ensure_punch_partition,HumanResources.ensureAttendancePunchPartition
function,hr.leave_year_start,HumanResources.getLeaveYearStart
function,hr.tg_attendance_day_lock,HumanResources.triggerAttendanceDayLock
function,hr.tg_leave_adjustment_balance,HumanResources.triggerLeaveAdjustmentBalance
function,hr.tg_leave_balance_guard,HumanResources.triggerLeaveBalanceGuard
function,hr.tg_leave_request_balance,HumanResources.triggerLeaveRequestBalance
function,inv.fn_stock_in_view,Inventory.getStockInViewForPeriod
function,inv.fn_stock_valuation,Inventory.getStockValuationAsOfDate
function,inv.tg_batch_check,Inventory.triggerBatchCheck
function,inv.tg_kit_component_check,Inventory.triggerKitComponentCheck
function,inv.tg_stock_ledger_apply,Inventory.triggerStockLedgerApply
function,inv.tg_stock_ledger_last_sale,Inventory.triggerStockLedgerLastSale
function,inv.tg_stock_ledger_prepare,Inventory.triggerStockLedgerPrepare
function,inv.tg_stock_reservation_apply,Inventory.triggerStockReservationApply
function,payroll.next_run_no,Payroll.getNextPayrollRunNo
function,payroll.refresh_run_totals,Payroll.refreshPayrollRunTotals
function,payroll.refresh_settlement_totals,Payroll.refreshFinalSettlementTotals
function,payroll.tg_guard_run_children,Payroll.triggerGuardRunChildren
function,payroll.tg_loan_installment_sync,Payroll.triggerLoanInstallmentSync
function,platform.next_doc_no,Platform.getNextPlatformDocumentNo
function,platform.tg_cr_approver_not_requester,Platform.triggerCrApproverNotRequester
function,platform.tg_flag_key_immutable,Platform.triggerFlagKeyImmutable
function,platform.tg_plan_limit_sync,Platform.triggerPlanLimitSync
function,platform.tg_platform_payment_apply,Platform.triggerPlatformPaymentApply
function,platform.tg_staff_role_permission_lock,Platform.triggerStaffRolePermissionLock
function,platform.tg_support_ticket_sla,Platform.triggerSupportTicketSla
function,purchase.ap_ageing_as_of,Purchases.getPayablesAgeingAsOf
function,purchase.refresh_bill_balance,Purchases.refreshVendorBillBalance
function,purchase.refresh_debit_note,Purchases.refreshDebitNoteSettlement
function,purchase.refresh_grn_billing,Purchases.refreshGoodsReceivedNoteBilling
function,purchase.refresh_po_status,Purchases.refreshPurchaseOrderStatus
function,purchase.refresh_vendor_payment,Purchases.refreshVendorPaymentAllocation
function,purchase.tg_base_qty,Purchases.triggerBaseQty
function,purchase.tg_bill_defaults,Purchases.triggerBillDefaults
function,purchase.tg_bill_status_rollup,Purchases.triggerBillStatusRollup
function,purchase.tg_grn_status_rollup,Purchases.triggerGrnStatusRollup
function,purchase.tg_lock_posted_child,Purchases.triggerLockPostedChild
function,purchase.tg_lock_posted_header,Purchases.triggerLockPostedHeader
function,purchase.tg_payment_allocation_check,Purchases.triggerPaymentAllocationCheck
function,purchase.tg_payment_allocation_rollup,Purchases.triggerPaymentAllocationRollup
function,purchase.tg_settlement_source_rollup,Purchases.triggerSettlementSourceRollup
function,purchase.vendor_balance_on,Purchases.getVendorBalanceOn
function,sales.fn_ar_ageing,Sales.getReceivablesAgeingAsOf
function,sales.fn_customer_statement,Sales.getCustomerStatementForPeriod
function,sales.fn_open_items,Sales.getReceivableOpenItemsAsOf
function,sales.fn_sales_by_customer,Sales.getSalesByCustomerForPeriod
function,sales.fn_sales_by_item,Sales.getSalesByItemForPeriod
function,sales.refresh_credit_note_settlement,Sales.refreshCreditNoteSettlement
function,sales.refresh_invoice_settlement,Sales.refreshSalesInvoiceSettlement
function,sales.refresh_receipt_allocation,Sales.refreshCustomerReceiptAllocation
function,sales.tg_credit_note_sync,Sales.triggerCreditNoteSync
function,sales.tg_freeze_when_posted,Sales.triggerFreezeWhenPosted
function,sales.tg_lines_editable,Sales.triggerLinesEditable
function,sales.tg_receipt_allocation_check,Sales.triggerReceiptAllocationCheck
function,sales.tg_receipt_allocation_sync,Sales.triggerReceiptAllocationSync
function,sales.tg_receipt_status_sync,Sales.triggerReceiptStatusSync
function,tax.rate_on,Tax.getTaxRateOnDate
function,treasury.bank_balance_on,BankCash.getBankAccountBalanceOn
function,treasury.cash_balance_on,BankCash.getCashAccountBalanceOn
function,treasury.tg_cash_day_close_guard,BankCash.triggerCashDayCloseGuard
function,treasury.tg_cheque_status_guard,BankCash.triggerChequeStatusGuard
function,treasury.tg_reconciliation_close,BankCash.triggerReconciliationClose
